Player,PlayerID,Year,Pos,Age,Tm,G,MP,PER,TS%,3PAr,FTr,ORB%,DRB%,TRB%,AST%,STL%,BLK%,TOV%,USG%, ,OWS,DWS,WS,WS/48, ,OBPM,DBPM,BPM,VORP
Alaa Abdelnaby,abdelal01,1995,PF,26,TOT,54,506,12.6,.519,.009,.152,8.7,17.4,13.1,5.0,1.5,1.8,15.4,25.6,,-0.4,0.7,0.3,.027,,-4.4,0.1,-4.3,-0.3
Alaa Abdelnaby,abdelal01,1995,PF,26,SAC,51,476,14.1,.540,.009,.159,8.5,17.3,13.0,5.3,1.6,1.9,14.5,25.7,,-0.1,0.7,0.6,.058,,-3.6,0.5,-3.1,-0.1
Alaa Abdelnaby,abdelal01,1995,PF,26,PHI,3,30,-12.5,.091,.000,.000,11.6,19.6,15.5,0.0,0.0,0.0,31.3,23.8,,-0.3,0.0,-0.3,-0.466,,-17.6,-7.3,-24.9,-0.2
Mahmoud Abdul-Rauf,abdulma02,1995,PG,25,DEN,73,2082,17.8,.543,.214,.155,1.9,5.9,3.9,23.0,1.9,0.3,10.0,25.8,,3.8,1.3,5.0,.115,,2.3,-1.2,1.2,1.7
Michael Adams,adamsmi01,1995,PG,32,CHH,29,443,17.7,.583,.547,.203,1.7,5.9,3.9,34.6,2.7,0.2,13.9,19.6,,1.1,0.5,1.6,.169,,2.5,0.8,3.3,0.6
Rafael Addison,addisra01,1995,SF,30,DET,79,1776,11.3,.521,.142,.169,4.4,11.6,8.0,9.9,1.5,1.0,10.8,17.8,,0.9,0.6,1.5,.040,,-2.2,-1.0,-3.3,-0.6
Danny Ainge,aingeda01,1995,SG,35,PHO,74,1374,14.3,.596,.507,.308,2.1,7.0,4.6,21.7,1.7,0.4,14.2,17.6,,2.8,0.6,3.4,.118,,0.9,-0.4,0.4,0.8
Victor Alexander,alexavi01,1995,C,25,GSW,50,1237,12.8,.530,.056,.134,7.7,18.4,13.0,7.8,1.1,1.6,13.8,18.8,,0.3,0.8,1.1,.044,,-2.2,-0.7,-2.9,-0.3
Derrick Alston,alstode01,1995,C,22,PHI,64,1032,11.6,.481,.016,.465,11.0,13.8,12.4,5.1,2.0,2.5,14.6,15.7,,0.0,1.0,1.0,.045,,-2.5,-0.1,-2.6,-0.2
Greg Anderson,andergr01,1995,PF,30,ATL,51,622,12.6,.547,.000,.683,11.3,24.2,17.6,4.1,2.0,3.9,19.1,12.2,,0.3,1.3,1.5,.118,,-3.9,1.7,-2.2,0.0
Kenny Anderson,anderke01,1995,PG,24,NJN,72,2689,18.0,.522,.285,.402,3.0,7.2,5.1,43.1,2.0,0.4,15.6,23.5,,4.8,2.0,6.8,.122,,3.0,-0.7,2.2,2.8
Nick Anderson,anderni01,1995,SG,27,ORL,76,2588,17.5,.593,.467,.220,3.9,10.7,7.4,17.4,2.4,0.6,12.2,19.1,,5.7,2.6,8.3,.154,,3.4,0.7,4.0,3.9
Willie Anderson,anderwi01,1995,SG,28,SAS,38,556,10.3,.514,.117,.253,3.2,7.8,5.6,13.8,2.4,1.2,17.4,17.3,,0.0,0.7,0.7,.061,,-2.8,1.7,-1.1,0.1
Greg Anthony,anthogr01,1995,PG,27,NYK,61,943,15.0,.570,.529,.259,0.9,6.8,4.0,27.4,2.8,0.6,14.9,18.6,,1.5,1.4,2.9,.147,,0.9,1.7,2.5,1.1
B.J. Armstrong,armstbj01,1995,PG,27,CHI,82,2577,15.1,.577,.283,.261,1.1,7.4,4.3,14.7,1.7,0.2,9.4,19.0,,5.4,2.8,8.1,.152,,1.0,-0.1,1.0,1.9
Darrell Armstrong,armstda01,1995,PG,26,ORL,3,8,40.2,.563,.750,.250,14.8,0.0,7.2,76.1,6.3,0.0,10.1,53.0,,0.1,0.0,0.1,.492,,13.9,3.7,17.6,0.0
Vincent Askew,askewvi01,1995,SG,28,SEA,71,1721,13.6,.577,.187,.472,4.6,7.9,6.2,14.8,1.4,0.6,12.3,17.4,,3.3,1.3,4.6,.128,,0.4,-0.5,-0.1,0.8
Keith Askins,askinke01,1995,SF,27,MIA,50,854,12.3,.493,.377,.275,11.6,15.7,13.6,6.5,2.1,1.5,9.7,13.3,,1.0,0.9,1.9,.107,,-0.5,0.4,-0.1,0.4
Stacey Augmon,augmost01,1995,SG,26,ATL,76,2362,16.0,.512,.030,.395,7.6,10.7,9.1,14.3,2.3,1.5,12.9,22.7,,1.9,3.2,5.1,.103,,0.1,0.6,0.7,1.6
Anthony Avent,aventan01,1995,PF,25,ORL,71,1066,9.8,.466,.000,.307,10.7,20.4,15.7,5.0,1.3,3.2,16.1,13.3,,0.1,1.5,1.5,.069,,-4.1,0.1,-4.0,-0.5
Vin Baker,bakervi01,1995,PF,23,MIL,82,3361,16.6,.511,.020,.352,10.0,20.6,15.1,15.1,1.3,2.6,13.5,21.6,,2.7,3.1,5.8,.083,,0.2,-0.1,0.2,1.8
Charles Barkley,barklch01,1995,PF,31,PHO,68,2382,25.2,.572,.192,.444,9.8,26.8,18.2,18.9,2.3,1.4,9.9,27.5,,7.4,3.3,10.6,.214,,5.6,0.7,6.3,5.0
Dana Barros,barroda01,1995,PG,27,PHI,82,3318,20.9,.632,.365,.331,0.9,8.7,4.8,32.6,2.4,0.1,15.3,21.2,,10.5,2.2,12.7,.183,,4.7,0.2,5.0,5.8
Jon Barry,barryjo01,1995,SG,25,MIL,52,602,12.6,.564,.358,.597,2.9,7.0,4.9,21.2,2.6,0.5,19.5,15.5,,0.7,0.4,1.1,.084,,-1.1,0.6,-0.6,0.2
John Battle,battljo01,1995,SG,32,CLE,28,280,10.8,.462,.272,.228,1.3,3.7,2.5,24.6,1.6,0.3,11.9,24.4,,0.0,0.3,0.2,.038,,-2.3,-1.1,-3.4,-0.1
Sergei Bazarevich,bazarse01,1995,PG,29,ATL,10,74,13.6,.578,.273,.409,1.5,9.7,5.5,31.4,0.7,1.0,21.2,20.2,,0.1,0.1,0.2,.101,,-1.3,-0.3,-1.6,0.0
Benoit Benjamin,benjabe01,1995,C,30,NJN,61,1598,13.9,.555,.000,.330,6.4,23.7,15.1,4.2,0.7,2.8,17.1,20.1,,0.1,2.1,2.2,.066,,-2.6,-0.2,-2.8,-0.3
Elmer Bennett,benneel01,1995,PG,24,CLE,4,18,32.5,.588,.182,.364,0.0,7.2,3.5,46.5,12.6,0.0,19.0,42.0,,0.0,0.1,0.1,.206,,2.0,12.4,14.3,0.1
Tony Bennett,benneto01,1995,PG,25,CHH,3,46,5.2,.538,.692,.000,0.0,4.9,2.6,13.6,0.0,0.0,18.8,16.1,,0.0,0.0,0.0,-0.006,,-5.1,-1.9,-7.0,-0.1
David Benoit,benoida01,1995,SF,26,UTA,71,1841,13.9,.564,.196,.267,6.9,17.6,12.5,4.7,1.3,2.1,10.3,18.0,,2.3,2.4,4.6,.121,,-0.1,-0.3,-0.4,0.8
James Blackwell,blackja01,1995,PG,26,TOT,13,80,11.6,.628,.000,.231,2.8,13.0,8.0,20.0,2.6,0.0,25.9,10.6,,0.1,0.1,0.2,.091,,-1.8,2.5,0.7,0.1
James Blackwell,blackja01,1995,PG,26,CHH,4,19,14.2,.667,.000,.000,0.0,17.9,9.3,39.6,2.8,0.0,40.0,12.2,,0.0,0.0,0.0,.104,,-1.6,2.9,1.3,0.0
James Blackwell,blackja01,1995,PG,26,BOS,9,61,10.8,.618,.000,.300,3.7,11.5,7.6,14.0,2.5,0.0,20.9,10.2,,0.1,0.0,0.1,.087,,-1.9,2.4,0.5,0.0
Mookie Blaylock,blaylmo01,1995,PG,27,ATL,80,3069,19.2,.531,.463,.179,4.3,10.7,7.5,34.2,3.5,0.6,15.8,22.7,,4.6,4.8,9.4,.147,,3.5,1.5,5.1,5.4
Corie Blount,blounco01,1995,PF,26,CHI,68,889,11.7,.497,.010,.319,14.2,17.6,15.9,9.8,1.5,2.8,19.8,14.9,,0.3,1.5,1.7,.094,,-3.0,0.6,-2.4,-0.1
Muggsy Bogues,boguemu01,1995,PG,30,CHH,78,2629,16.9,.533,.041,.247,2.4,8.9,5.8,40.3,2.1,0.0,14.0,16.6,,5.8,2.8,8.6,.157,,1.2,0.3,1.5,2.3
Manute Bol,bolma01,1995,C,32,GSW,5,81,9.5,.750,.500,.000,1.4,15.2,8.2,0.0,0.0,7.6,9.1,5.7,,0.1,0.1,0.1,.083,,-1.4,2.4,0.9,0.1
Walter Bond,bondwa01,1995,SG,25,TOT,23,290,10.3,.577,.488,.238,3.6,9.8,6.8,12.1,1.1,1.1,15.5,17.1,,0.2,0.2,0.4,.072,,-1.0,-0.4,-1.5,0.0
Walter Bond,bondwa01,1995,SG,25,DET,5,51,3.0,.363,.333,.333,2.3,9.2,5.7,19.2,1.0,0.0,17.9,14.7,,-0.1,0.0,-0.1,-0.063,,-6.9,-1.4,-8.2,-0.1
Walter Bond,bondwa01,1995,SG,25,UTA,18,239,11.8,.614,.514,.222,3.9,9.9,7.1,10.6,1.1,1.4,15.0,17.7,,0.3,0.2,0.5,.101,,0.2,-0.2,0.0,0.1
Anthony Bonner,bonnean01,1995,PF,26,NYK,58,1126,9.4,.497,.026,.347,12.2,15.0,13.7,10.5,2.2,1.5,26.2,12.3,,-0.2,2.0,1.8,.079,,-3.5,2.0,-1.6,0.1
Anthony Bowie,bowiean01,1995,SG,31,ORL,77,1261,11.7,.532,.108,.198,5.1,7.5,6.3,17.3,1.9,1.1,17.7,16.6,,1.0,1.0,2.0,.077,,-1.8,-0.1,-1.9,0.0
Sam Bowie,bowiesa01,1995,C,33,LAL,67,1225,10.4,.500,.041,.333,6.5,19.5,13.0,13.2,0.9,4.5,22.9,14.0,,-0.3,1.4,1.1,.044,,-3.8,1.4,-2.4,-0.1
Shawn Bradley,bradlsh01,1995,C,22,PHI,82,2365,14.8,.489,.004,.335,11.9,20.7,16.2,3.7,1.2,8.5,15.2,17.7,,-0.1,3.6,3.5,.071,,-3.0,1.6,-1.4,0.3
Terrell Brandon,brandte01,1995,PG,24,CLE,67,1961,18.7,.527,.159,.244,2.2,9.9,5.9,35.8,3.1,0.6,14.6,24.2,,2.6,3.0,5.6,.137,,2.2,1.6,3.8,2.8
Tim Breaux,breauti01,1995,SF,24,HOU,42,340,8.9,.449,.207,.405,5.7,5.8,5.7,6.6,1.6,0.8,10.1,20.9,,-0.2,0.2,0.0,.000,,-3.7,-1.4,-5.0,-0.3
Scott Brooks,brooksc01,1995,PG,29,TOT,59,808,14.9,.550,.251,.287,1.8,7.3,4.5,22.0,2.1,0.3,13.2,18.6,,1.3,0.5,1.9,.110,,-0.6,0.4,-0.2,0.4
Scott Brooks,brooksc01,1995,PG,29,HOU,28,186,17.3,.647,.262,.323,0.6,7.1,4.0,19.3,2.2,0.4,15.9,21.3,,0.4,0.1,0.5,.139,,0.5,0.0,0.6,0.1
Scott Brooks,brooksc01,1995,PG,29,DAL,31,622,14.1,.520,.248,.276,2.1,7.4,4.6,22.8,2.1,0.3,12.3,17.8,,0.9,0.4,1.3,.102,,-1.0,0.6,-0.4,0.3
Chucky Brown,brownch01,1995,SF,26,HOU,41,814,12.4,.619,.017,.356,9.5,16.8,13.3,5.5,0.7,1.2,12.6,12.7,,1.3,0.8,2.1,.123,,-1.6,-0.8,-2.4,-0.1
Dee Brown,brownde01,1995,SG,26,BOS,79,2792,15.7,.562,.335,.284,2.6,7.8,5.1,16.7,2.0,1.2,11.7,19.3,,5.0,1.8,6.8,.117,,1.8,0.3,2.1,2.9
Mike Brown,brownmi01,1995,C,31,MIN,27,213,1.8,.337,.025,.675,5.2,20.5,13.0,7.1,1.7,0.0,23.6,14.6,,-0.6,0.2,-0.4,-0.097,,-8.6,-1.5,-10.1,-0.4
P.J. Brown,brownpj01,1995,C,25,NJN,80,2466,12.1,.492,.042,.363,7.9,13.7,10.8,8.6,1.5,3.8,10.8,13.2,,1.7,2.9,4.6,.090,,-2.0,1.6,-0.5,0.9
Randy Brown,brownra02,1995,PG,26,SAC,67,1086,11.8,.491,.164,.286,2.6,8.9,5.8,18.9,4.7,1.3,19.4,16.4,,-0.3,1.9,1.6,.071,,-3.7,4.2,0.4,0.6
Mark Bryant,bryanma01,1995,PF,29,POR,49,658,13.2,.555,.010,.328,9.0,19.1,13.8,6.4,1.5,1.8,15.1,16.6,,0.6,1.0,1.6,.116,,-2.5,1.2,-1.3,0.1
Jud Buechler,buechju01,1995,SF,26,CHI,57,605,13.8,.542,.262,.213,7.0,12.1,9.6,12.6,2.1,1.5,13.0,16.9,,0.7,0.9,1.5,.122,,-0.3,0.6,0.3,0.4
Scott Burrell,burresc01,1995,SF,24,CHH,65,2014,15.0,.571,.396,.243,5.9,15.3,10.8,12.6,2.0,1.4,11.5,17.0,,2.8,2.9,5.6,.135,,1.1,1.1,2.2,2.1
Willie Burton,burtowi01,1995,SF,26,PHI,53,1564,13.9,.561,.454,.441,3.6,8.6,6.1,10.4,1.1,0.9,14.4,24.1,,1.9,0.6,2.6,.079,,0.8,-1.9,-1.1,0.4
Mitchell Butler,butlemi02,1995,SG,24,WSB,76,1554,10.0,.506,.278,.364,3.1,9.8,6.3,8.8,2.0,0.5,15.2,19.6,,-0.5,0.8,0.3,.010,,-2.9,-0.7,-3.6,-0.6
Michael Cage,cagemi01,1995,C,33,CLE,82,2040,13.5,.537,.006,.259,12.1,22.8,17.3,4.5,1.7,2.6,12.9,10.2,,2.1,3.7,5.8,.137,,-1.0,1.2,0.2,1.1
Adrian Caldwell,caldwad01,1995,PF,28,HOU,7,30,4.4,.377,.000,1.500,4.0,32.8,19.1,0.0,1.7,0.0,13.1,11.4,,0.0,0.1,0.0,.020,,-7.8,0.7,-7.2,0.0
Elden Campbell,campbel01,1995,PF,26,LAL,73,2076,15.4,.500,.001,.369,8.9,14.8,11.9,6.8,1.7,4.4,9.7,21.0,,1.5,2.3,3.8,.087,,-1.6,0.0,-1.6,0.2
Tony Campbell,campbto01,1995,SF,32,CLE,78,1128,12.9,.508,.107,.406,6.4,10.6,8.5,11.1,1.6,0.6,12.3,22.4,,0.7,1.4,2.1,.089,,-2.0,-0.4,-2.3,-0.1
Antoine Carr,carran01,1995,C,33,UTA,78,1677,13.9,.588,.007,.368,6.4,13.0,9.9,6.2,0.7,3.3,12.1,19.5,,2.4,1.9,4.3,.123,,-1.4,-0.2,-1.6,0.2
Bill Cartwright,cartwbi01,1995,C,37,SEA,29,430,4.0,.434,.000,.348,7.0,16.8,12.0,3.0,0.7,0.5,18.5,9.8,,-0.2,0.4,0.2,.021,,-5.2,-1.0,-6.2,-0.5
Sam Cassell,cassesa01,1995,PG,25,HOU,82,1882,15.9,.556,.322,.428,2.4,10.1,6.4,32.3,2.5,0.5,19.2,20.8,,2.7,2.0,4.7,.120,,0.0,0.2,0.3,1.1
Duane Causwell,causwdu01,1995,C,26,SAC,58,820,11.4,.550,.007,.667,8.3,16.3,12.4,2.7,0.9,7.3,14.8,12.1,,0.5,1.3,1.8,.105,,-3.9,2.5,-1.4,0.1
Cedric Ceballos,cebalce01,1995,SF,25,LAL,58,2029,19.9,.570,.149,.299,9.2,16.1,12.6,8.9,1.5,0.6,11.5,26.5,,3.5,1.7,5.2,.123,,2.8,-1.9,0.9,1.5
Tom Chambers,chambto01,1995,PF,35,UTA,81,1240,12.5,.517,.056,.316,7.0,14.1,10.7,8.9,1.0,2.0,9.7,19.7,,1.2,1.4,2.5,.098,,-1.8,-0.4,-2.3,-0.1
Rex Chapman,chapmre01,1995,SG,27,WSB,45,1468,15.3,.516,.429,.249,1.7,7.3,4.4,13.9,2.3,0.7,8.0,23.0,,1.7,0.8,2.5,.081,,1.1,-0.4,0.7,1.0
Calbert Cheaney,cheanca01,1995,SG,23,WSB,78,2651,14.2,.529,.251,.189,4.4,9.7,7.0,11.0,1.5,0.6,11.0,22.6,,2.1,1.1,3.2,.058,,0.3,-1.3,-1.1,0.6
Pete Chilcutt,chilcpe01,1995,PF,26,HOU,68,1347,11.0,.517,.262,.128,9.5,17.1,13.5,7.1,0.9,2.2,15.0,13.6,,0.6,1.4,2.1,.074,,-1.6,-0.6,-2.2,-0.1
Chris Childs,childch01,1995,PG,27,NJN,53,1021,11.2,.495,.448,.262,1.5,5.9,3.7,33.8,2.1,0.2,19.6,16.7,,0.5,0.8,1.2,.058,,-1.9,-0.3,-2.2,-0.1
Doug Christie,chrisdo01,1995,SG,24,NYK,12,79,-3.7,.310,.318,.227,4.6,14.3,9.7,14.6,1.3,1.0,34.9,21.6,,-0.5,0.1,-0.3,-0.202,,-12.9,-0.7,-13.5,-0.2
Derrick Coleman,colemde01,1995,PF,27,NJN,56,2103,19.0,.525,.137,.560,8.7,22.1,15.4,15.8,0.9,3.1,13.6,26.4,,2.4,2.7,5.1,.117,,1.4,0.1,1.5,1.8
Bimbo Coles,colesbi01,1995,PG,26,MIA,68,2207,12.5,.497,.125,.287,2.4,7.9,5.1,27.9,2.3,0.5,18.6,16.8,,1.2,1.6,2.8,.060,,-1.3,-0.2,-1.5,0.3
Steve Colter,coltest01,1995,PG,32,CLE,57,752,11.3,.489,.207,.420,2.1,7.9,4.9,22.3,2.3,0.6,15.2,15.1,,0.4,1.0,1.4,.087,,-2.4,1.5,-1.0,0.2
Marty Conlon,conloma01,1995,C,27,MIL,82,2064,13.6,.556,.045,.300,9.1,16.0,12.4,9.0,1.1,0.6,14.4,18.3,,2.0,1.2,3.1,.073,,-1.2,-1.2,-2.4,-0.2
Lester Conner,connele01,1995,SG,35,LAL,2,5,18.0,1.136,,,0.0,0.0,0.0,0.0,10.1,0.0,0.0,7.6,,0.0,0.0,0.0,.440,,-8.0,12.1,4.1,0.0
Tyrone Corbin,corbity01,1995,SF,32,ATL,81,1389,12.0,.488,.121,.246,8.0,14.1,11.0,8.0,2.1,0.9,12.6,19.2,,0.2,2.0,2.1,.073,,-2.7,0.3,-2.4,-0.1
John Crotty,crottjo01,1995,PG,25,UTA,80,1019,12.2,.519,.156,.524,3.5,8.2,6.0,27.6,2.0,0.5,19.8,15.8,,1.0,1.0,2.1,.097,,-0.8,0.2,-0.6,0.4
Corey Crowder,crowdco01,1995,SF,25,SAS,7,29,-2.5,.237,.400,.600,4.1,7.4,5.9,4.6,1.7,0.0,13.7,22.2,,-0.2,0.0,-0.1,-0.224,,-9.7,-4.5,-14.2,-0.1
Terry Cummings,cummite01,1995,PF,33,SAS,76,1273,13.3,.502,.000,.265,12.9,20.4,16.8,7.3,1.4,1.0,15.5,21.2,,0.1,1.9,2.0,.076,,-3.1,-0.4,-3.4,-0.5
Bill Curley,curlebi01,1995,PF,22,DET,53,595,9.0,.477,.000,.269,10.6,13.9,12.2,6.2,1.8,2.6,14.3,13.2,,0.1,0.4,0.5,.042,,-5.0,-0.2,-5.2,-0.5
Dell Curry,curryde01,1995,SG,30,CHH,69,1718,15.5,.565,.464,.143,3.0,8.4,5.8,11.5,1.7,0.8,10.6,24.9,,1.6,1.7,3.3,.093,,2.1,-0.6,1.5,1.5
Lloyd Daniels,daniell01,1995,SG,27,TOT,30,604,9.7,.471,.478,.129,5.3,6.3,5.8,9.7,1.8,1.1,12.3,18.1,,-0.1,0.3,0.2,.019,,-1.9,-1.2,-3.1,-0.2
Lloyd Daniels,daniell01,1995,SG,27,PHI,5,63,3.1,.412,.519,.074,3.7,9.3,6.5,10.6,1.7,0.0,22.3,25.4,,-0.2,0.0,-0.2,-0.145,,-6.6,-3.2,-9.8,-0.1
Lloyd Daniels,daniell01,1995,SG,27,LAL,25,541,10.4,.479,.473,.137,5.5,5.9,5.7,9.6,1.9,1.3,10.6,17.2,,0.1,0.3,0.4,.038,,-1.4,-1.0,-2.3,0.0
Yinka Dare,dareyi01,1995,C,22,NJN,1,3,-33.9,.000,.000,.000,0.0,36.6,18.2,0.0,0.0,0.0,50.0,29.3,,-0.1,0.0,0.0,-0.736,,-40.6,-3.9,-44.6,0.0
Antonio Davis,davisan01,1995,PF,26,IND,44,1030,11.9,.521,.000,.710,12.6,20.1,16.4,3.7,1.0,2.2,16.6,17.1,,0.5,1.5,2.0,.095,,-2.5,-0.3,-2.8,-0.2
Dale Davis,davisda01,1995,PF,25,IND,74,2346,16.1,.570,.002,.450,13.6,22.1,17.9,4.0,1.6,3.8,15.2,15.9,,2.6,4.3,6.8,.140,,0.1,0.8,0.9,1.7
Hubert Davis,davishu01,1995,SG,24,NYK,82,1697,14.7,.612,.467,.194,2.2,5.3,3.8,15.2,1.1,0.5,11.5,20.4,,3.1,1.7,4.8,.136,,2.3,-0.2,2.1,1.8
Terry Davis,daviste01,1995,PF,27,DAL,46,580,8.1,.493,.018,.584,11.1,18.3,14.5,2.4,0.5,0.4,17.4,12.2,,0.1,0.4,0.5,.039,,-4.2,-1.6,-5.8,-0.6
Johnny Dawkins,dawkijo01,1995,PG,31,DET,50,1170,12.2,.552,.270,.204,2.8,8.6,5.7,26.2,2.3,0.1,22.6,14.6,,0.8,0.3,1.1,.046,,-1.0,-1.0,-1.9,0.0
Tony Dawson,dawsoto01,1995,SF,27,BOS,2,13,5.9,.474,.375,.125,0.0,27.0,13.3,13.5,0.0,0.0,19.2,34.8,,0.0,0.0,0.0,-0.099,,-11.7,-3.9,-15.6,0.0
Todd Day,dayto01,1995,SG,25,MIL,82,2717,14.4,.546,.398,.325,4.1,10.4,7.1,8.3,2.0,1.7,11.6,22.1,,2.9,1.9,4.8,.085,,0.4,-0.5,-0.1,1.3
Terry Dehere,deherte01,1995,PG,23,LAC,80,1774,11.8,.513,.238,.426,2.2,8.3,5.0,20.7,1.3,0.3,16.2,23.8,,0.0,0.4,0.5,.013,,-1.9,-2.1,-4.0,-0.9
Vinny Del Negro,delnevi01,1995,SG,28,SAS,75,2360,13.8,.560,.211,.211,1.4,7.5,4.6,14.6,1.3,0.4,6.3,16.7,,4.6,2.2,6.8,.138,,0.2,0.5,0.7,1.6
Bison Dele,delebi01,1995,C,25,DEN,63,1261,13.9,.616,.000,.486,9.6,18.5,14.2,6.8,1.6,2.5,22.0,18.5,,0.8,1.5,2.3,.089,,-2.5,0.4,-2.1,0.0
Vlade Divac,divacvl01,1995,C,26,LAL,80,2807,20.5,.568,.055,.399,10.3,22.4,16.3,18.0,2.0,4.3,15.4,20.4,,5.3,4.2,9.5,.162,,1.9,2.1,3.9,4.1
James Donaldson,donalja01,1995,C,37,UTA,43,613,7.9,.628,.000,.419,4.1,17.1,10.9,3.1,0.5,3.7,20.1,8.1,,0.3,0.7,1.0,.080,,-2.4,0.9,-1.5,0.1
Sherman Douglas,douglsh01,1995,PG,28,BOS,65,2048,17.0,.530,.107,.385,2.7,7.0,4.8,34.9,2.0,0.1,15.3,22.4,,3.2,1.0,4.2,.099,,2.2,-1.1,1.2,1.7
Greg Dreiling,dreilgr01,1995,C,32,CLE,58,483,7.8,.458,.000,.402,8.0,22.4,15.0,7.5,0.7,3.6,17.2,14.4,,-0.2,0.8,0.6,.059,,-7.5,1.4,-6.0,-0.5
Clyde Drexler,drexlcl01,1995,SG,32,TOT,76,2728,22.4,.577,.330,.357,6.3,13.7,10.0,22.1,2.5,1.2,11.5,25.7,,8.0,3.7,11.7,.206,,5.3,1.2,6.5,5.9
Clyde Drexler,drexlcl01,1995,SG,32,POR,41,1428,22.7,.550,.337,.348,6.4,12.4,9.3,24.2,2.7,1.2,10.6,27.2,,4.4,2.1,6.5,.217,,6.0,1.8,7.9,3.6
Clyde Drexler,drexlcl01,1995,SG,32,HOU,35,1300,22.1,.613,.319,.369,6.3,15.0,10.9,19.9,2.4,1.2,12.7,24.2,,3.6,1.7,5.2,.193,,4.5,0.5,5.0,2.3
Kevin Duckworth,duckwke01,1995,C,30,WSB,40,818,9.9,.475,.037,.262,8.9,19.0,13.7,3.7,1.3,2.1,16.5,19.1,,-0.7,0.7,0.0,-0.002,,-4.4,-1.0,-5.4,-0.7
Chris Dudley,dudlech02,1995,C,29,POR,82,2245,10.9,.424,.002,.410,15.6,23.2,19.2,2.1,1.0,4.2,13.3,11.4,,0.4,3.7,4.1,.087,,-3.0,0.1,-3.0,-0.6
Joe Dumars,dumarjo01,1995,SG,31,DET,67,2544,13.9,.541,.348,.355,2.2,5.1,3.6,23.7,1.5,0.2,16.3,23.6,,1.8,-0.1,1.7,.032,,0.5,-2.9,-2.4,-0.3
Richard Dumas,dumasri02,1995,SF,25,PHO,15,167,15.4,.512,.014,.219,12.4,7.6,10.0,6.7,3.0,0.9,10.1,23.1,,0.1,0.1,0.3,.072,,-0.9,-0.7,-1.6,0.0
Tony Dumas,dumasto01,1995,SG,22,DAL,58,613,8.8,.465,.292,.308,5.3,5.6,5.5,14.2,1.1,0.4,15.0,22.5,,-0.2,0.2,0.0,.000,,-3.2,-1.5,-4.8,-0.4
Pat Durham,durhapa01,1995,SF,27,MIN,59,852,12.2,.541,.110,.405,5.4,8.1,6.8,10.9,2.2,2.8,13.9,17.4,,0.4,0.5,0.9,.051,,-1.6,0.5,-1.2,0.2
Ledell Eackles,eacklle01,1995,SG,28,MIA,54,898,12.1,.518,.126,.387,4.2,8.3,6.2,12.6,1.1,0.2,12.2,21.4,,0.7,0.4,1.0,.055,,-1.3,-1.6,-2.9,-0.2
Acie Earl,earlac01,1995,C,24,BOS,30,208,6.6,.409,.000,.426,10.4,14.6,12.5,1.4,1.5,2.6,14.8,19.7,,-0.4,0.2,-0.2,-0.038,,-6.9,-2.0,-8.9,-0.4
Blue Edwards,edwarbl01,1995,SF,29,TOT,67,1112,11.6,.531,.191,.229,5.5,8.5,7.0,10.7,2.0,1.1,15.8,20.5,,0.2,1.0,1.2,.053,,-2.0,-0.5,-2.5,-0.1
Blue Edwards,edwarbl01,1995,SF,29,BOS,31,507,12.7,.509,.221,.246,5.6,9.2,7.4,14.5,1.9,1.4,15.3,21.8,,0.2,0.4,0.5,.051,,-1.5,-0.7,-2.3,0.0
Blue Edwards,edwarbl01,1995,SF,29,UTA,36,605,10.6,.552,.162,.212,5.5,7.9,6.7,7.5,2.1,0.8,16.2,19.4,,0.1,0.6,0.7,.055,,-2.3,-0.3,-2.6,-0.1
Doug Edwards,edwardo01,1995,PF,24,ATL,38,212,10.1,.540,.021,.667,10.2,16.3,13.2,9.5,1.3,1.4,26.2,18.0,,-0.1,0.3,0.2,.043,,-4.8,-0.1,-4.8,-0.2
James Edwards,edwarja01,1995,C,39,POR,28,266,5.4,.414,.000,.205,4.1,14.7,9.1,4.3,1.0,2.2,13.4,16.6,,-0.3,0.3,0.0,.002,,-7.1,0.1,-7.0,-0.3
Kevin Edwards,edwarke01,1995,SG,29,NJN,14,466,11.7,.568,.292,.273,2.3,6.4,4.3,9.8,2.1,0.7,16.9,19.6,,0.2,0.4,0.6,.061,,-1.9,-0.1,-2.0,0.0
Craig Ehlo,ehlocr01,1995,SG,33,ATL,49,1166,13.9,.526,.318,.168,5.4,9.4,7.3,16.5,2.1,0.4,13.9,20.5,,0.8,1.4,2.1,.088,,0.1,0.2,0.3,0.7
Howard Eisley,eisleho01,1995,PG,22,TOT,49,552,6.1,.430,.303,.328,2.7,7.8,5.3,26.4,1.7,0.8,26.4,15.6,,-0.7,0.2,-0.5,-0.044,,-5.3,-1.4,-6.8,-0.7
Howard Eisley,eisleho01,1995,PG,22,MIN,34,496,6.6,.461,.305,.381,2.5,7.8,5.2,24.6,1.9,0.8,25.5,15.2,,-0.5,0.2,-0.3,-0.029,,-5.3,-1.1,-6.5,-0.6
Howard Eisley,eisleho01,1995,PG,22,SAS,15,56,1.7,.206,.294,.000,4.3,7.7,6.1,42.2,0.0,1.2,32.0,19.6,,-0.2,0.0,-0.2,-0.178,,-5.4,-4.2,-9.6,-0.1
Mario Elie,eliema01,1995,SF,31,HOU,81,1896,13.7,.631,.413,.351,3.2,8.4,5.9,14.8,1.7,0.4,15.6,15.8,,3.4,1.4,4.8,.122,,0.1,0.0,0.1,1.0
Sean Elliott,elliose01,1995,SF,26,SAS,81,2858,16.0,.587,.311,.377,2.6,8.5,5.7,11.3,1.4,0.9,10.8,21.6,,5.8,2.9,8.7,.147,,1.8,0.1,1.9,2.8
Dale Ellis,ellisda01,1995,SF,34,DEN,81,1996,12.9,.553,.340,.164,3.5,9.7,6.7,4.8,1.0,0.3,8.9,20.6,,2.4,1.0,3.4,.083,,0.5,-2.0,-1.5,0.2
Harold Ellis,ellisha01,1995,SF,24,LAC,69,656,14.4,.524,.069,.619,9.4,6.1,7.9,9.7,5.2,1.3,16.9,19.2,,0.1,0.8,0.9,.066,,-2.1,2.5,0.4,0.4
LaPhonso Ellis,ellisla01,1995,PF,24,DEN,6,58,13.1,.434,.000,.240,14.9,20.1,17.6,11.1,0.9,6.3,15.3,25.4,,0.0,0.1,0.0,.032,,-4.9,0.5,-4.4,0.0
Pervis Ellison,ellispe01,1995,C,27,BOS,55,1083,13.3,.546,.007,.330,13.0,20.0,16.4,4.7,1.0,3.4,18.1,16.8,,0.7,1.1,1.8,.080,,-2.6,-0.3,-2.9,-0.2
Jo Jo English,englijo01,1995,SG,24,CHI,8,127,7.7,.481,.308,.333,0.9,1.9,1.4,8.0,2.9,0.6,11.8,17.8,,0.0,0.2,0.1,.053,,-4.3,1.3,-3.0,0.0
Patrick Ewing,ewingpa01,1995,C,32,NYK,79,2920,21.9,.555,.014,.386,6.6,27.5,17.4,14.4,1.2,4.1,13.1,30.7,,3.1,6.5,9.6,.157,,1.8,1.8,3.5,4.1
Duane Ferrell,ferredu01,1995,SF,29,IND,56,607,12.5,.549,.035,.491,10.2,7.4,8.8,8.3,2.3,0.8,17.0,19.1,,0.5,0.7,1.2,.095,,-1.5,0.1,-1.5,0.1
Danny Ferry,ferryda01,1995,PF,28,CLE,82,1290,16.0,.572,.466,.168,2.8,11.3,6.9,14.4,1.2,1.4,9.9,22.2,,2.3,1.5,3.9,.144,,2.2,0.4,2.6,1.5
Matt Fish,fishma01,1995,C,25,LAC,26,370,10.6,.516,.010,.359,9.6,17.7,13.4,7.2,2.2,1.4,19.0,17.3,,-0.1,0.3,0.2,.030,,-4.5,0.2,-4.3,-0.2
Vern Fleming,flemive01,1995,PG,32,IND,55,686,14.6,.551,.037,.479,3.6,11.7,7.8,25.7,2.1,0.1,15.9,18.1,,1.0,0.9,1.9,.132,,-0.8,1.0,0.2,0.4
Sleepy Floyd,floydsl01,1995,SG,34,NJN,48,831,6.3,.427,.415,.203,1.0,6.1,3.6,23.2,0.8,0.5,18.1,14.9,,-0.5,0.4,-0.2,-0.010,,-4.6,-1.6,-6.2,-0.9
Alphonso Ford,fordal01,1995,SG,23,PHI,5,98,0.4,.238,.231,.051,9.4,14.4,11.9,14.1,0.5,0.0,16.7,21.8,,-0.5,0.0,-0.4,-0.210,,-8.1,-2.9,-11.0,-0.2
Greg Foster,fostegr01,1995,PF,26,TOT,78,1144,10.1,.525,.072,.349,9.1,18.4,13.8,5.6,0.7,1.8,16.2,17.4,,0.1,0.9,1.0,.042,,-3.8,-1.4,-5.2,-0.9
Greg Foster,fostegr01,1995,PF,26,CHI,17,299,9.8,.522,.000,.360,7.1,14.2,10.7,8.0,0.3,2.0,14.6,17.4,,0.1,0.4,0.5,.080,,-4.0,-0.8,-4.7,-0.2
Greg Foster,fostegr01,1995,PF,26,MIN,61,845,10.3,.526,.099,.345,9.8,19.8,14.9,4.7,0.8,1.8,16.8,17.4,,-0.1,0.6,0.5,.029,,-3.8,-1.6,-5.4,-0.7
Rick Fox,foxri01,1995,SF,25,BOS,53,1039,16.8,.573,.214,.350,6.7,10.6,8.6,20.9,2.6,1.3,16.1,20.1,,1.8,0.9,2.8,.128,,1.1,0.8,1.9,1.0
Corey Gaines,gaineco01,1995,SG,29,PHI,11,280,7.2,.492,.294,.216,0.4,7.1,3.7,17.9,1.5,0.3,20.0,11.1,,0.0,0.1,0.1,.013,,-4.2,0.0,-4.2,-0.1
Kevin Gamble,gamblke01,1995,SF,29,MIA,77,1223,16.3,.567,.218,.247,2.7,9.1,5.8,15.9,2.2,0.6,8.9,19.8,,2.5,0.9,3.4,.134,,1.0,0.5,1.5,1.1
Winston Garland,garlawi01,1995,PG,30,MIN,73,1931,10.1,.488,.183,.273,3.1,7.5,5.3,26.7,1.9,0.5,18.6,13.4,,0.6,0.6,1.2,.030,,-2.2,-0.3,-2.6,-0.3
Chris Gatling,gatlich01,1995,PF,27,GSW,58,1470,19.5,.640,.002,.488,10.7,22.7,16.7,5.9,1.3,2.4,15.8,21.2,,2.6,1.4,3.9,.129,,0.6,-0.5,0.1,0.8
Kenny Gattison,gattike01,1995,PF,30,CHH,21,409,9.2,.510,.010,.510,6.4,15.0,10.9,6.3,0.9,2.6,15.2,16.3,,0.0,0.5,0.5,.055,,-4.8,0.5,-4.3,-0.3
Matt Geiger,geigema01,1995,C,25,MIA,74,1712,12.9,.563,.021,.295,9.8,18.7,14.1,5.0,1.2,2.3,17.1,17.1,,1.1,1.7,2.7,.077,,-2.3,-0.5,-2.8,-0.3
Tate George,georgta01,1995,SG,26,MIL,3,8,2.0,.515,.333,.667,14.6,0.0,7.5,0.0,0.0,0.0,34.0,32.5,,0.0,0.0,0.0,-0.214,,-7.8,-5.8,-13.6,0.0
Kendall Gill,gillke01,1995,SG,26,SEA,73,2125,15.2,.527,.199,.244,5.6,10.5,8.1,13.9,2.8,1.0,12.7,22.2,,2.0,2.6,4.6,.103,,0.5,0.0,0.5,1.4
Armen Gilliam,gilliar01,1995,PF,30,NJN,82,2472,18.1,.562,.002,.433,8.5,18.7,13.6,7.2,1.4,2.5,12.4,21.8,,3.6,3.0,6.6,.128,,0.7,0.0,0.7,1.7
Greg Graham,grahagr01,1995,SG,24,PHI,50,775,9.5,.492,.126,.327,2.8,6.5,4.7,13.7,2.0,0.6,15.8,17.5,,-0.1,0.4,0.3,.020,,-3.7,-0.6,-4.3,-0.4
Ron Grandison,grandro01,1995,PF,30,NYK,2,8,18.3,.250,.000,.000,45.7,28.3,36.7,39.7,0.0,0.0,0.0,22.9,,0.0,0.0,0.0,.151,,-0.2,-1.0,-1.3,0.0
Brian Grant,grantbr01,1995,PF,22,SAC,80,2289,16.5,.546,.005,.449,10.7,19.5,15.2,7.4,1.1,3.8,14.4,22.0,,1.9,3.4,5.3,.112,,-0.8,0.6,-0.2,1.0
Gary Grant,grantga01,1995,PG,29,LAC,33,470,15.1,.539,.096,.331,1.9,7.2,4.4,32.8,3.1,0.5,18.8,21.7,,0.3,0.3,0.6,.065,,-1.5,-0.2,-1.7,0.0
Greg Grant,grantgr01,1995,PG,28,DEN,14,151,9.1,.405,.212,.364,1.6,5.4,3.6,40.2,2.1,1.0,26.8,15.6,,-0.1,0.1,0.0,.011,,-3.1,-1.4,-4.5,-0.1
Harvey Grant,grantha01,1995,PF,29,POR,75,1771,13.2,.498,.042,.235,6.3,12.1,9.1,7.1,1.6,2.2,8.3,17.8,,1.7,2.2,4.0,.108,,-1.1,0.9,-0.2,0.8
Horace Grant,grantho01,1995,PF,29,ORL,74,2693,16.9,.593,.011,.298,9.8,20.3,15.2,8.9,1.4,2.2,9.6,14.1,,6.0,3.5,9.5,.169,,1.4,0.6,2.0,2.7
Jeff Grayer,grayeje01,1995,SG,29,PHI,47,1098,10.6,.466,.039,.218,6.1,9.7,7.9,11.3,1.3,0.3,11.8,19.3,,-0.1,0.5,0.4,.017,,-2.4,-1.5,-3.9,-0.5
A.C. Green,greenac01,1995,SF,31,PHO,82,2687,14.2,.596,.206,.556,8.3,20.4,14.3,6.5,1.0,0.8,12.9,14.2,,4.6,2.1,6.7,.120,,0.8,-0.9,-0.1,1.3
Tom Gugliotta,guglito01,1995,PF-SF,25,TOT,77,2568,15.2,.515,.222,.301,7.3,18.5,12.9,18.0,2.6,1.7,16.6,19.4,,0.8,2.7,3.5,.065,,0.5,1.0,1.5,2.2
Tom Gugliotta,guglito01,1995,PF,25,WSB,6,226,18.6,.492,.096,.398,7.9,19.5,13.5,12.2,4.7,3.4,13.3,21.8,,0.1,0.4,0.5,.104,,0.7,3.5,4.2,0.3
Tom Gugliotta,guglito01,1995,PF,25,GSW,40,1324,12.2,.495,.227,.244,8.3,16.6,12.4,13.6,1.9,1.2,17.5,17.0,,0.0,1.0,0.9,.034,,-0.9,0.3,-0.5,0.5
Tom Gugliotta,guglito01,1995,SF,25,MIN,31,1018,18.4,.542,.246,.342,6.0,20.6,13.4,25.0,3.1,2.1,16.5,22.1,,0.8,1.3,2.1,.097,,2.2,1.4,3.6,1.4
Andres Guibert,guibean01,1995,PF,26,MIN,17,167,8.3,.406,.085,.404,11.9,21.1,16.5,9.8,2.5,0.4,17.8,18.4,,-0.2,0.2,-0.1,-0.020,,-5.2,-1.6,-6.8,-0.2
Jack Haley,haleyja01,1995,PF,31,SAS,31,117,11.9,.486,.016,.525,8.1,17.5,13.1,2.9,1.3,3.0,14.8,33.1,,-0.2,0.2,0.0,.010,,-9.0,-1.3,-10.3,-0.2
Geert Hammink,hammige01,1995,C,25,ORL,1,7,20.1,.515,.000,.667,0.0,31.7,16.3,19.7,0.0,0.0,0.0,23.8,,0.0,0.0,0.0,.258,,0.9,1.5,2.5,0.0
Tom Hammonds,hammoto01,1995,PF,27,DEN,70,956,14.7,.607,.004,.681,7.1,20.4,13.9,6.0,0.6,1.1,14.2,18.6,,1.7,0.9,2.6,.129,,-1.2,-0.9,-2.1,0.0
Darrin Hancock,hancoda01,1995,SF,23,CHH,46,424,11.2,.554,.025,.322,4.1,10.4,7.4,11.6,2.4,0.7,17.8,18.4,,-0.1,0.5,0.4,.049,,-3.0,0.7,-2.3,0.0
Anfernee Hardaway,hardaan01,1995,PG,23,ORL,77,2901,20.8,.599,.218,.405,5.7,7.5,6.6,28.5,2.3,0.6,16.1,23.7,,8.2,2.5,10.7,.177,,4.4,-0.3,4.1,4.5
Tim Hardaway,hardati01,1995,PG,28,GSW,62,2321,18.3,.550,.441,.286,2.2,6.9,4.5,40.0,1.9,0.4,15.9,24.5,,4.4,0.7,5.1,.105,,4.1,-1.5,2.6,2.7
Jerome Harmon,harmoje01,1995,SG,25,PHI,10,158,10.1,.413,.019,.113,6.6,10.4,8.5,12.4,3.0,0.0,11.2,17.7,,-0.1,0.1,0.0,.009,,-3.7,0.5,-3.2,0.0
Derek Harper,harpede01,1995,PG,33,NYK,80,2716,12.6,.547,.386,.254,1.4,6.8,4.2,26.7,1.5,0.3,15.2,16.7,,3.2,3.1,6.4,.113,,-0.1,0.3,0.2,1.5
Ron Harper,harpero01,1995,SG,31,CHI,77,1536,12.2,.483,.224,.267,3.9,9.9,6.9,15.3,3.3,1.3,15.4,18.8,,-0.2,2.6,2.4,.073,,-2.1,1.6,-0.5,0.6
Lucious Harris,harrilu01,1995,SG,24,DAL,79,1695,15.1,.548,.233,.279,5.1,9.1,7.0,12.1,1.7,0.6,10.1,18.5,,3.1,1.0,4.1,.117,,0.8,0.1,0.9,1.2
Tony Harris,harrito01,1995,SG,27,BOS,3,18,17.6,.585,.125,1.125,0.0,0.0,0.0,0.0,0.0,0.0,7.7,31.2,,0.1,0.0,0.1,.172,,-1.0,-3.5,-4.5,0.0
Antonio Harvey,harvean01,1995,PF,24,LAL,59,572,10.3,.457,.006,.256,7.5,12.2,9.9,5.8,1.3,5.0,11.3,16.6,,-0.2,0.6,0.4,.032,,-4.3,0.1,-4.2,-0.3
Hersey Hawkins,hawkihe01,1995,SG,28,CHH,82,2731,16.3,.622,.368,.372,2.7,10.5,6.8,15.3,2.4,0.5,13.7,18.5,,5.3,3.4,8.7,.153,,1.4,1.1,2.5,3.1
Steve Henson,hensost01,1995,PG,26,POR,37,380,12.1,.613,.605,.291,0.9,7.2,3.9,31.1,1.2,0.0,23.6,14.1,,0.7,0.3,1.0,.130,,-0.7,-0.2,-0.9,0.1
Carl Herrera,herreca01,1995,PF,28,HOU,61,1331,11.7,.548,.006,.358,8.9,14.8,12.0,4.9,1.5,2.0,15.8,15.1,,0.6,1.5,2.1,.076,,-2.6,-0.1,-2.8,-0.3
Rod Higgins,higgiro01,1995,SF,35,GSW,5,46,6.1,.363,.500,.333,9.5,7.3,8.4,8.8,1.1,1.5,6.8,13.6,,0.0,0.0,0.0,.003,,-4.8,-0.6,-5.3,0.0
Sean Higgins,higgise01,1995,SF,26,NJN,57,735,7.1,.461,.286,.147,3.7,7.8,5.7,6.6,0.7,0.9,10.7,19.5,,-0.3,0.4,0.0,.002,,-4.7,-1.8,-6.5,-0.8
Grant Hill,hillgr01,1995,SF,22,DET,70,2678,19.0,.541,.025,.480,5.4,14.1,9.7,22.5,2.4,1.7,13.5,24.9,,3.7,1.8,5.4,.097,,2.1,-0.1,2.0,2.7
Tyrone Hill,hillty01,1995,C,26,CLE,70,2397,16.8,.554,.001,.572,13.6,26.7,19.9,4.2,1.3,1.4,14.8,20.4,,2.7,4.2,6.9,.138,,-0.8,-0.5,-1.3,0.4
Donald Hodge,hodgedo01,1995,C,25,DAL,54,633,8.5,.461,.069,.250,6.5,14.8,10.4,9.5,0.8,1.5,14.7,17.3,,-0.1,0.4,0.3,.026,,-4.6,-0.4,-4.9,-0.5
Jeff Hornacek,hornaje01,1995,SG,31,UTA,81,2696,18.6,.620,.234,.344,2.6,6.9,4.9,20.1,2.5,0.5,11.8,20.6,,7.2,2.9,10.1,.179,,3.0,0.7,3.8,3.9
Robert Horry,horryro01,1995,PF,24,HOU,64,2074,13.5,.556,.423,.210,4.7,12.8,9.0,15.2,2.3,2.5,17.2,15.3,,1.6,2.6,4.2,.097,,0.4,1.7,2.1,2.1
Allan Houston,houstal01,1995,SG,23,DET,76,1996,16.4,.589,.434,.199,1.7,8.1,4.9,14.3,1.6,0.5,10.8,23.5,,3.5,0.3,3.8,.091,,2.5,-1.8,0.7,1.4
Byron Houston,houstby01,1995,PF,25,SEA,39,258,13.8,.533,.206,.355,9.4,15.8,12.7,3.6,2.5,1.5,13.9,24.1,,0.1,0.4,0.5,.091,,-4.0,-1.3,-5.3,-0.2
Tom Hovasse,hovasto01,1995,SF,28,ATL,2,4,0.2,.000,1.000,.000,0.0,0.0,0.0,0.0,13.4,0.0,0.0,11.3,,0.0,0.0,0.0,-0.076,,-13.6,8.0,-5.6,0.0
Juwan Howard,howarju01,1995,PF,21,WSB,65,2348,15.0,.521,.008,.314,8.7,18.4,13.4,11.6,1.1,0.5,13.5,22.8,,1.3,1.5,2.8,.057,,-0.7,-1.5,-2.2,-0.1
Jay Humphries,humphja01,1995,SG-PG,32,TOT,18,201,-0.9,.280,.118,.118,2.4,5.3,4.0,12.5,2.3,0.0,32.2,11.7,,-0.6,0.2,-0.4,-0.100,,-8.7,0.1,-8.6,-0.3
Jay Humphries,humphja01,1995,SG,32,UTA,12,149,-3.2,.200,.120,.000,1.8,6.4,4.2,7.6,2.4,0.0,32.4,11.3,,-0.6,0.2,-0.4,-0.128,,-9.7,-0.1,-9.8,-0.3
Jay Humphries,humphja01,1995,PG,32,BOS,6,52,5.8,.465,.111,.444,4.4,2.3,3.3,26.5,2.0,0.0,31.7,13.1,,0.0,0.0,0.0,-0.019,,-5.8,0.7,-5.0,0.0
Lindsey Hunter,hunteli01,1995,PG,24,DET,42,944,10.5,.459,.340,.173,3.0,6.4,4.7,25.9,2.8,0.5,18.8,20.0,,-0.7,0.4,-0.3,-0.015,,-2.5,-1.3,-3.8,-0.4
Bobby Hurley,hurlebo01,1995,PG,23,SAC,68,1105,7.7,.449,.268,.268,1.5,5.8,3.7,30.6,1.4,0.0,25.7,17.2,,-1.1,0.8,-0.3,-0.014,,-3.1,-1.5,-4.6,-0.7
Jaren Jackson,jacksja01,1995,SG,27,PHI,21,257,8.7,.446,.221,.353,8.1,11.0,9.5,11.4,1.8,1.4,17.8,16.6,,-0.2,0.2,0.0,.006,,-3.2,-0.1,-3.3,-0.1
Jim Jackson,jacksji01,1995,SG,24,DAL,51,1982,18.9,.549,.107,.370,6.2,8.1,7.1,17.0,0.7,0.4,11.8,28.2,,4.3,0.6,4.9,.118,,4.0,-1.9,2.1,2.0
Mark Jackson,jacksma01,1995,PG,29,IND,82,2402,14.0,.493,.154,.270,3.7,11.5,7.7,39.2,2.3,0.5,24.9,16.1,,1.4,3.1,4.5,.090,,0.7,0.5,1.2,1.9
Keith Jennings,jennike01,1995,PG,26,GSW,80,1722,15.3,.598,.480,.360,1.7,7.9,4.8,31.0,2.7,0.1,19.6,15.0,,3.3,0.9,4.2,.117,,0.7,0.4,1.1,1.3
Avery Johnson,johnsav01,1995,PG,29,SAS,82,3011,15.7,.554,.025,.342,1.9,5.7,3.9,33.4,1.9,0.3,17.3,17.5,,5.1,3.0,8.0,.128,,1.2,0.0,1.2,2.4
Ervin Johnson,johnser02,1995,C,27,SEA,64,907,9.6,.469,.005,.240,13.5,24.2,18.9,2.4,0.9,5.7,20.3,12.7,,-0.2,1.5,1.3,.067,,-4.3,0.3,-4.0,-0.5
Kevin Johnson,johnske02,1995,PG,28,PHO,47,1352,21.0,.561,.050,.553,2.7,7.1,4.9,40.1,1.7,1.0,13.9,24.2,,4.1,0.7,4.8,.169,,4.3,-0.9,3.5,1.9
Larry Johnson,johnsla02,1995,PF,25,CHH,81,3234,17.1,.555,.172,.290,7.3,13.8,10.7,19.4,1.3,0.6,13.1,22.6,,4.9,3.6,8.5,.126,,2.3,-0.3,2.0,3.2
Askia Jones,jonesas01,1995,SG,23,MIN,11,139,8.3,.441,.273,.364,5.4,4.4,4.9,19.3,2.3,0.0,15.0,19.7,,-0.1,0.0,-0.1,-0.021,,-4.3,-2.1,-6.4,-0.2
Charles Jones,jonesch01,1995,PF,37,HOU,3,36,2.6,.387,.000,.667,6.7,15.2,11.2,0.0,0.0,1.9,0.0,4.8,,0.0,0.0,0.0,.050,,-7.2,0.3,-6.9,0.0
Eddie Jones,jonesed02,1995,SG,23,LAL,64,1981,16.3,.548,.331,.227,4.4,9.5,7.0,9.9,3.3,1.4,8.4,19.4,,2.9,2.1,5.0,.122,,1.0,1.3,2.3,2.1
Popeye Jones,jonespo01,1995,PF,24,DAL,80,2385,13.8,.462,.014,.148,14.1,24.7,19.1,10.5,0.7,0.8,12.2,17.6,,1.5,2.2,3.6,.073,,-1.3,-1.2,-2.5,-0.3
Michael Jordan,jordami01,1995,SG,31,CHI,17,668,22.1,.493,.079,.337,4.4,16.2,10.3,24.2,2.3,1.5,7.0,33.2,,1.2,1.1,2.3,.167,,3.6,0.6,4.2,1.1
Adam Keefe,keefead01,1995,SF,24,UTA,75,1270,15.1,.616,.000,.581,14.0,18.0,16.1,3.5,1.5,1.6,14.2,15.6,,2.4,1.7,4.1,.154,,0.2,-0.6,-0.4,0.5
Shawn Kemp,kempsh01,1995,PF,25,SEA,82,2679,21.7,.610,.007,.587,14.4,25.0,19.8,8.8,1.9,3.5,17.1,24.4,,5.9,4.7,10.6,.190,,1.6,0.1,1.7,2.5
Steve Kerr,kerrst01,1995,PG,29,CHI,82,1839,13.5,.635,.343,.164,1.3,6.4,3.8,12.4,1.2,0.1,8.3,14.0,,4.2,1.7,5.9,.153,,1.0,-0.1,0.9,1.4
Jerome Kersey,kerseje01,1995,SF,32,POR,63,1143,14.5,.467,.055,.254,8.8,16.9,12.7,11.2,2.3,2.3,10.5,22.5,,0.6,1.9,2.5,.104,,-2.0,1.1,-0.9,0.3
Randolph Keys,keysra01,1995,SF,28,LAL,6,83,5.0,.372,.346,.077,8.0,14.7,11.3,3.4,0.6,1.7,6.9,15.0,,-0.1,0.1,0.0,-0.008,,-6.9,-1.9,-8.8,-0.1
Jason Kidd,kiddja01,1995,PG,21,DAL,79,2668,15.1,.471,.300,.321,5.8,11.9,8.7,33.2,2.9,0.6,20.4,19.0,,1.1,2.6,3.7,.066,,0.6,0.6,1.2,2.0
Rich King,kingri01,1995,C,25,SEA,2,6,-19.8,.000,.000,1.000,0.0,0.0,0.0,0.0,0.0,0.0,0.0,20.8,,-0.1,0.0,-0.1,-0.499,,-20.0,-9.9,-30.0,0.0
Stacey King,kingst01,1995,PF,28,MIN,50,792,9.5,.518,.005,.481,8.5,17.0,12.8,5.7,1.6,1.9,19.9,18.5,,-0.5,0.6,0.1,.003,,-4.7,-1.2,-5.9,-0.8
Greg Kite,kitegr01,1995,C,33,TOT,11,77,-3.2,.187,.000,.588,19.2,15.3,17.2,1.8,0.0,0.0,21.9,16.3,,-0.3,0.1,-0.3,-0.163,,-11.2,-4.2,-15.4,-0.3
Greg Kite,kitegr01,1995,C,33,NYK,2,16,-5.4,.000,.000,.000,15.2,14.2,14.7,0.0,0.0,0.0,25.0,11.5,,-0.1,0.0,-0.1,-0.175,,-10.8,-5.0,-15.9,-0.1
Greg Kite,kitegr01,1995,C,33,IND,9,61,-2.6,.217,.000,.714,20.2,15.5,17.8,2.3,0.0,0.0,21.4,17.6,,-0.3,0.1,-0.2,-0.160,,-11.3,-4.0,-15.3,-0.2
Joe Kleine,kleinjo01,1995,C,33,PHO,75,968,9.8,.489,.008,.185,9.7,21.1,15.4,5.6,0.7,1.4,10.9,14.4,,0.6,0.8,1.4,.068,,-3.9,-1.2,-5.1,-0.7
Negele Knight,knighne01,1995,PG,27,TOT,47,708,9.3,.442,.131,.117,3.4,6.7,5.0,27.3,1.5,0.5,17.9,17.3,,-0.3,0.1,-0.2,-0.013,,-2.7,-1.4,-4.1,-0.4
Negele Knight,knighne01,1995,PG,27,POR,3,43,15.0,.537,.000,.267,2.5,5.5,3.9,39.1,1.2,0.0,19.3,20.4,,0.1,0.0,0.1,.119,,0.0,1.8,1.8,0.0
Negele Knight,knighne01,1995,PG,27,DET,44,665,8.9,.435,.141,.106,3.5,6.7,5.1,26.5,1.5,0.6,17.8,17.1,,-0.4,0.1,-0.3,-0.022,,-2.8,-1.6,-4.5,-0.4
Jon Koncak,koncajo01,1995,C,31,ATL,62,943,9.5,.453,.193,.128,2.8,20.4,11.4,8.2,2.0,3.7,9.2,10.5,,0.1,1.8,1.8,.094,,-3.9,3.3,-0.6,0.3
Larry Krystkowiak,krystla01,1995,PF,30,CHI,19,287,9.5,.487,.000,.417,7.8,16.4,12.1,12.8,1.6,0.5,22.7,17.1,,-0.1,0.4,0.3,.051,,-3.8,0.7,-3.1,-0.1
Toni Kukoc,kukocto01,1995,SF,26,CHI,81,2584,19.8,.575,.205,.325,7.1,13.0,10.0,23.4,2.1,0.5,13.0,21.9,,6.3,3.6,10.0,.185,,3.8,0.5,4.3,4.1
Christian Laettner,laettch01,1995,C,25,MIN,81,2770,17.7,.580,.043,.543,7.3,19.7,13.6,15.5,1.9,2.4,16.5,22.5,,3.6,2.6,6.2,.108,,0.7,0.4,1.1,2.2
Andrew Lang,langan01,1995,C,28,ATL,82,2340,13.1,.523,.004,.278,7.5,15.4,11.3,5.0,1.0,4.6,12.4,16.8,,1.4,3.4,4.9,.100,,-2.9,1.0,-1.9,0.0
Antonio Lang,langan02,1995,SF,22,PHO,12,53,0.3,.468,.000,.400,6.5,2.2,4.3,2.4,0.0,2.8,29.8,13.7,,-0.1,0.0,-0.1,-0.083,,-8.0,-3.0,-11.0,-0.1
Eric Leckner,leckner01,1995,C,28,DET,57,623,12.2,.572,.012,.436,8.8,24.0,16.3,3.5,1.2,1.8,16.5,17.0,,0.4,0.5,0.9,.069,,-4.2,-1.5,-5.8,-0.6
Doug Lee,leedo01,1995,SG,30,SAC,22,75,18.1,.628,.720,.840,0.0,7.6,3.9,10.4,4.2,3.0,12.7,23.3,,0.2,0.1,0.4,.229,,0.6,4.0,4.6,0.1
Tim Legler,legleti01,1995,SG,28,GSW,24,371,15.9,.677,.435,.296,3.5,8.4,6.0,11.3,1.6,0.2,13.3,17.1,,0.9,0.1,1.0,.135,,1.8,-0.8,1.0,0.3
Jim Les,lesji01,1995,PG,31,ATL,24,188,9.7,.501,.605,.711,3.6,12.7,8.1,33.8,1.1,0.0,29.6,17.1,,0.0,0.2,0.2,.050,,-3.9,-1.0,-4.9,-0.1
Cliff Levingston,levincl01,1995,PF,34,DEN,57,469,10.5,.431,.008,.346,12.9,18.7,15.8,8.7,1.5,3.1,12.3,16.4,,-0.1,0.6,0.5,.052,,-4.2,0.1,-4.0,-0.2
Alton Lister,listeal01,1995,C,36,MIL,60,776,10.2,.507,.007,.522,10.1,27.0,18.3,2.3,1.1,5.5,18.7,11.6,,0.0,1.0,1.0,.062,,-4.8,1.1,-3.6,-0.3
Brad Lohaus,lohaubr01,1995,PF,30,MIA,61,730,12.7,.562,.671,.065,4.4,12.1,8.2,8.9,1.4,2.6,10.9,16.1,,0.9,0.6,1.5,.099,,1.3,0.1,1.4,0.6
Grant Long,longgr01,1995,PF,28,TOT,81,2641,14.4,.547,.043,.454,8.2,18.8,13.4,8.0,2.2,1.0,15.3,17.4,,2.3,4.2,6.6,.119,,-1.4,0.8,-0.6,0.9
Grant Long,longgr01,1995,PF,28,MIA,2,62,6.5,.488,.000,.833,1.9,19.3,10.4,9.0,1.7,0.0,19.6,14.5,,0.0,0.1,0.0,.015,,-5.4,-0.8,-6.3,-0.1
Grant Long,longgr01,1995,PF,28,ATL,79,2579,14.6,.548,.044,.447,8.4,18.8,13.4,7.9,2.2,1.0,15.2,17.5,,2.4,4.2,6.5,.122,,-1.3,0.8,-0.5,1.0
Luc Longley,longllu01,1995,C,26,CHI,55,1001,12.3,.513,.007,.354,9.7,21.3,15.5,10.9,1.3,3.4,19.8,19.3,,0.0,1.8,1.8,.087,,-4.4,0.9,-3.6,-0.4
Ryan Lorthridge,lorthry01,1995,SG,22,GSW,37,672,12.9,.520,.063,.395,3.9,7.8,5.8,23.1,2.0,0.1,17.9,20.0,,0.2,0.2,0.4,.032,,-1.4,-1.1,-2.4,-0.1
George Lynch,lynchge01,1995,SF,24,LAL,56,953,12.4,.512,.071,.292,8.7,12.7,10.7,9.6,2.7,0.7,18.0,18.3,,0.0,1.0,0.9,.046,,-1.9,-0.3,-2.2,0.0
Don MacLean,macledo01,1995,PF,25,WSB,39,1052,11.7,.511,.111,.377,4.9,13.5,9.0,7.5,0.7,0.2,9.5,19.3,,0.8,0.3,1.1,.051,,-2.1,-2.1,-4.3,-0.6
Mark Macon,maconma01,1995,SG,25,DET,55,721,12.5,.468,.234,.257,4.7,7.7,6.2,13.8,4.8,0.1,12.2,20.9,,-0.2,0.7,0.5,.033,,-3.1,1.4,-1.7,0.0
Gerald Madkins,madkige01,1995,SG,25,CLE,7,28,5.1,.515,.333,.667,0.0,0.0,0.0,5.8,4.0,0.0,27.9,18.4,,-0.1,0.0,0.0,-0.029,,-6.3,1.5,-4.8,0.0
Rick Mahorn,mahorri01,1995,PF,36,NJN,58,630,11.8,.574,.020,.325,7.8,20.4,14.1,6.7,0.9,1.3,16.5,14.4,,0.5,0.7,1.2,.093,,-3.5,-0.1,-3.6,-0.3
Dan Majerle,majerda01,1995,SF,29,PHO,82,3091,15.1,.555,.532,.274,3.9,10.1,7.0,15.6,1.6,0.9,8.3,17.6,,6.0,1.7,7.7,.120,,2.4,-0.5,1.9,3.1
Jeff Malone,malonje01,1995,SG,33,PHI,19,660,15.9,.565,.099,.208,1.9,7.8,4.9,8.3,1.2,0.0,8.6,22.9,,1.1,0.2,1.3,.094,,0.8,-1.3,-0.6,0.2
Karl Malone,malonka01,1995,PF,31,UTA,82,3126,25.1,.590,.026,.449,6.6,27.2,17.4,16.4,2.1,2.2,11.3,30.3,,8.1,5.8,13.8,.212,,4.3,1.3,5.6,6.0
Moses Malone,malonmo01,1995,C,39,SAS,17,149,12.1,.499,.057,.914,16.0,18.8,17.5,5.5,0.7,1.4,18.3,17.7,,0.1,0.2,0.3,.088,,-1.5,-1.8,-3.3,0.0
Danny Manning,mannida01,1995,PF,28,PHO,46,1510,18.1,.578,.034,.325,7.4,13.7,10.5,16.4,1.4,2.8,14.5,23.8,,2.2,1.2,3.4,.109,,0.9,-0.1,0.8,1.1
Sarunas Marciulionis,marcisa01,1995,SG,30,SEA,66,1194,14.2,.562,.190,.433,1.7,5.0,3.4,14.1,3.0,0.2,15.3,23.3,,1.1,1.2,2.3,.092,,-1.2,0.0,-1.2,0.3
Donyell Marshall,marshdo01,1995,SF,21,TOT,72,2086,12.5,.465,.277,.253,7.6,15.0,11.3,8.6,1.1,3.0,10.6,22.9,,-0.9,1.2,0.3,.007,,-1.6,-1.6,-3.2,-0.7
Donyell Marshall,marshdo01,1995,SF,21,MIN,40,1036,12.7,.452,.251,.288,7.7,15.5,11.6,9.9,1.3,3.6,10.8,23.6,,-0.8,0.7,-0.1,-0.005,,-1.3,-1.5,-2.8,-0.2
Donyell Marshall,marshdo01,1995,SF,21,GSW,32,1050,12.4,.478,.302,.221,7.6,14.5,11.0,7.3,0.9,2.5,10.3,22.3,,-0.1,0.5,0.4,.020,,-1.9,-1.7,-3.6,-0.4
Bob Martin,martibo01,1995,C,25,LAC,1,14,3.3,.200,.000,.000,15.8,0.0,8.4,10.2,0.0,5.2,0.0,15.5,,0.0,0.0,0.0,-0.107,,-6.4,-4.8,-11.1,0.0
Darrick Martin,martida01,1995,PG,23,MIN,34,803,10.3,.485,.163,.279,2.2,7.6,4.9,28.2,2.2,0.0,19.2,18.4,,-0.2,0.3,0.1,.004,,-3.1,-1.2,-4.4,-0.5
Jamal Mashburn,mashbja01,1995,SF,22,DAL,80,2980,17.3,.526,.220,.386,4.0,8.2,6.0,17.2,1.4,0.2,11.4,28.6,,5.0,1.3,6.3,.102,,2.2,-1.5,0.7,2.0
Anthony Mason,masonan01,1995,PF,28,NYK,77,2496,14.9,.599,.002,.588,8.9,21.2,15.3,15.0,1.5,0.6,16.2,14.0,,4.2,4.4,8.6,.166,,0.2,1.7,1.9,2.5
Tony Massenburg,masseto01,1995,C,27,LAC,80,2127,11.7,.526,.005,.391,8.3,17.5,12.6,4.9,1.1,2.0,14.3,16.8,,0.8,1.4,2.2,.049,,-2.8,-1.0,-3.9,-1.0
Vernon Maxwell,maxweve01,1995,SG,29,HOU,64,2038,11.9,.508,.568,.185,1.1,7.8,4.6,20.7,1.9,0.4,14.0,21.5,,0.3,1.6,1.9,.044,,-0.9,-0.8,-1.7,0.2
Lee Mayberry,maybele01,1995,PG,24,MIL,82,1744,9.9,.533,.434,.203,1.4,4.3,2.8,23.9,1.5,0.2,19.3,14.0,,1.2,0.4,1.6,.044,,-1.3,-1.3,-2.7,-0.3
George McCloud,mccloge01,1995,SF,27,DAL,42,802,17.0,.543,.271,.293,10.5,9.3,9.9,10.5,1.5,0.8,9.8,21.1,,1.8,0.4,2.3,.137,,2.4,-0.9,1.5,0.7
Xavier McDaniel,mcdanxa01,1995,SF,31,BOS,68,1430,12.8,.488,.038,.229,7.5,16.9,12.1,12.0,1.1,1.0,12.9,20.9,,0.3,1.0,1.4,.046,,-1.3,-1.0,-2.3,-0.1
Jim McIlvaine,mcilvji01,1995,C,22,WSB,55,534,10.0,.539,.000,.577,8.3,14.5,11.3,2.5,1.0,7.9,17.6,8.8,,0.3,0.6,0.8,.074,,-4.4,2.0,-2.3,0.0
Derrick McKey,mckeyde01,1995,SF,28,IND,81,2805,15.0,.558,.107,.357,5.5,11.4,8.5,16.2,2.4,1.4,14.8,18.5,,3.6,3.9,7.4,.127,,0.7,1.6,2.2,3.0
Aaron McKie,mckieaa01,1995,SG,22,POR,45,827,13.3,.500,.107,.280,4.6,13.5,8.8,15.9,2.2,1.4,11.7,17.0,,0.8,1.2,2.0,.115,,-1.4,1.7,0.3,0.5
Nate McMillan,mcmilna01,1995,PG,30,SEA,80,2070,13.1,.496,.390,.146,3.8,13.4,8.7,27.0,4.0,2.0,23.0,11.5,,1.6,3.6,5.1,.119,,-0.2,3.8,3.6,2.9
Darnell Mee,meeda01,1995,SG,23,DEN,2,8,15.3,.300,.600,.000,0.0,14.6,7.5,38.4,6.6,0.0,0.0,28.2,,0.0,0.0,0.0,.038,,0.5,3.4,3.9,0.0
Anthony Miller,millean01,1995,PF,23,LAL,46,527,14.7,.571,.038,.576,14.1,17.8,15.9,9.6,1.9,0.9,18.7,16.6,,0.6,0.6,1.2,.111,,-1.3,-0.8,-2.1,0.0
Oliver Miller,milleol01,1995,PF,24,DET,64,1558,16.9,.577,.031,.297,12.1,23.7,17.8,9.5,2.0,5.5,19.6,16.9,,1.2,1.9,3.1,.095,,-1.0,1.1,0.1,0.8
Reggie Miller,millere01,1995,SG,29,IND,81,2665,20.1,.620,.430,.391,1.4,8.0,4.8,16.1,2.0,0.5,10.6,24.6,,8.5,2.8,11.4,.204,,5.0,0.2,5.2,4.9
Chris Mills,millsch01,1995,SF,25,CLE,80,2814,11.6,.520,.281,.249,4.3,12.2,8.1,9.7,1.2,1.0,11.2,18.2,,2.0,3.4,5.4,.091,,-1.3,0.2,-1.1,0.7
Terry Mills,millste01,1995,PF,27,DET,72,2514,14.7,.543,.305,.235,5.7,20.3,13.0,10.4,1.4,1.0,12.3,20.9,,2.2,1.5,3.7,.071,,0.3,-1.4,-1.2,0.5
Harold Miner,minerha01,1995,SG,23,MIA,45,871,8.5,.474,.161,.311,5.0,10.9,7.9,12.1,0.9,0.5,18.2,21.5,,-0.8,0.4,-0.4,-0.023,,-3.5,-2.3,-5.8,-0.8
Greg Minor,minorgr01,1995,SG,23,BOS,63,945,14.7,.562,.040,.259,5.9,10.9,8.4,10.9,1.7,1.2,11.6,17.4,,1.4,0.6,2.1,.106,,0.0,0.1,0.2,0.5
Sam Mitchell,mitchsa01,1995,SF,31,IND,81,1377,13.4,.540,.024,.421,8.5,12.7,10.7,7.3,1.7,1.1,9.9,18.1,,2.0,1.7,3.7,.130,,-1.5,0.4,-1.1,0.3
Eric Mobley,mobleer01,1995,C,24,MIL,46,587,14.3,.593,.015,.341,10.9,20.7,15.7,5.7,0.7,3.4,13.7,13.3,,0.8,0.5,1.3,.107,,-0.8,-0.3,-1.2,0.1
Eric Montross,montrer01,1995,C,23,BOS,78,2315,12.1,.565,.002,.457,9.6,18.7,14.1,2.3,0.6,1.8,14.0,15.0,,2.3,1.8,4.1,.084,,-1.9,-1.1,-3.0,-0.6
Chris Morris,morrich01,1995,SF,29,NJN,71,2131,15.5,.504,.370,.228,9.3,11.4,10.3,12.0,2.1,1.7,11.1,21.8,,1.8,2.2,4.0,.090,,1.4,0.0,1.4,1.8
Dwayne Morton,mortodw01,1995,PG,23,GSW,41,395,11.0,.502,.194,.659,5.8,10.5,8.1,6.7,1.4,2.6,14.0,20.7,,0.0,0.2,0.2,.025,,-2.5,-0.9,-3.5,-0.1
Alonzo Mourning,mournal01,1995,C,24,CHH,77,2941,20.1,.593,.031,.585,8.4,21.6,15.3,6.6,0.9,5.5,14.8,25.6,,4.3,5.1,9.4,.153,,0.2,0.9,1.1,2.3
Chris Mullin,mullich01,1995,SF,31,GSW,25,890,17.7,.602,.267,.307,3.1,11.3,7.1,22.8,2.1,1.5,19.1,23.2,,1.2,0.5,1.7,.093,,2.3,-0.2,2.1,0.9
Eric Murdock,murdoer01,1995,PG,26,MIL,75,2158,17.3,.524,.295,.328,2.6,9.5,6.0,37.0,2.7,0.4,17.2,23.1,,2.7,1.6,4.3,.096,,2.1,-0.7,1.5,1.9
Gheorghe Muresan,muresgh01,1995,C,23,WSB,73,1720,17.4,.591,.000,.323,11.6,21.4,16.3,3.5,1.4,5.2,15.7,18.6,,2.1,2.1,4.1,.116,,-1.3,0.4,-0.9,0.5
Lamond Murray,murrala01,1995,SF,21,LAC,81,2556,11.6,.472,.199,.242,5.7,10.9,8.1,8.7,1.4,1.6,11.9,23.4,,-1.4,1.1,-0.3,-0.006,,-1.5,-2.0,-3.4,-0.9
Tracy Murray,murratr01,1995,SF,23,TOT,54,516,10.8,.513,.369,.180,4.2,8.6,6.5,5.9,1.4,0.5,12.2,24.0,,0.1,0.4,0.5,.047,,-2.4,-1.6,-4.0,-0.3
Tracy Murray,murratr01,1995,SF,23,POR,29,313,12.4,.506,.268,.222,6.2,7.2,6.7,7.3,1.1,0.2,10.6,25.4,,0.3,0.3,0.5,.081,,-1.5,-1.8,-3.3,-0.1
Tracy Murray,murratr01,1995,SF,23,HOU,25,203,8.2,.527,.563,.100,1.2,10.8,6.2,3.8,1.8,1.0,15.2,21.8,,-0.2,0.2,0.0,-0.006,,-3.8,-1.4,-5.2,-0.2
Dikembe Mutombo,mutomdi01,1995,C,28,DEN,82,3100,17.0,.595,.000,.604,12.7,26.7,19.9,5.5,0.7,7.5,19.5,14.4,,3.5,5.2,8.7,.135,,0.0,1.8,1.9,3.0
Pete Myers,myerspe01,1995,SG,31,CHI,71,1270,9.1,.472,.136,.397,5.3,7.6,6.5,16.4,2.4,0.9,20.7,14.9,,-0.4,1.7,1.3,.049,,-3.1,0.7,-2.4,-0.1
Ivano Newbill,newbiiv01,1995,SF,24,DET,34,331,7.3,.366,.000,.489,14.1,14.6,14.3,7.1,1.9,2.5,18.0,9.0,,-0.1,0.2,0.1,.022,,-4.9,-0.7,-5.6,-0.3
Johnny Newman,newmajo01,1995,SF,31,MIL,82,1896,10.4,.563,.262,.350,4.4,6.6,5.5,7.5,1.9,0.5,13.2,15.2,,1.9,0.8,2.8,.070,,-2.5,-0.2,-2.7,-0.3
Ken Norman,normake01,1995,SF,30,ATL,74,1879,14.8,.511,.333,.164,6.2,16.5,11.2,9.2,1.0,0.8,9.5,24.5,,0.9,2.2,3.2,.081,,0.2,-1.3,-1.1,0.4
Julius Nwosu,nwosuju01,1995,C,23,SAS,23,84,6.8,.437,.000,.607,15.6,16.7,16.2,5.0,0.0,2.5,20.2,23.3,,-0.1,0.1,0.0,-0.009,,-7.8,-1.6,-9.4,-0.2
Shaquille O'Neal,onealsh01,1995,C,22,ORL,79,2923,28.6,.588,.003,.536,13.3,21.7,17.6,13.3,1.3,4.5,9.4,31.9,,9.6,4.4,14.0,.230,,5.6,0.2,5.8,5.7
Charles Oakley,oaklech01,1995,PF,31,NYK,50,1567,14.3,.551,.031,.382,12.1,21.0,16.7,12.7,2.0,0.3,18.3,16.4,,1.6,2.9,4.5,.138,,-0.7,1.3,0.7,1.0
Hakeem Olajuwon,olajuha01,1995,C,32,HOU,72,2853,26.0,.563,.010,.348,7.3,23.1,15.6,17.2,2.4,5.9,11.7,31.7,,5.1,5.6,10.7,.181,,2.8,2.6,5.4,5.4
Brian Oliver,olivebr01,1995,SG,26,WSB,6,42,6.9,.559,.000,.889,0.0,11.4,5.5,13.5,0.0,0.0,19.3,16.2,,0.0,0.0,0.0,.022,,-5.4,-1.2,-6.5,0.0
Bo Outlaw,outlabo01,1995,PF,23,LAC,81,1655,13.3,.519,.015,.572,8.1,14.6,11.1,7.6,2.8,6.7,16.1,12.7,,0.3,2.2,2.5,.071,,-2.5,2.9,0.4,1.0
Doug Overton,overtdo01,1995,PG,25,WSB,82,1704,11.6,.521,.251,.251,1.7,8.2,4.8,21.3,1.6,0.1,15.8,16.9,,1.1,0.6,1.7,.048,,-1.4,-1.2,-2.6,-0.3
Billy Owens,owensbi01,1995,SG,25,MIA,70,2296,15.6,.523,.027,.382,10.2,15.6,12.8,17.3,1.8,1.0,17.6,22.3,,1.2,2.1,3.2,.067,,0.6,-0.4,0.2,1.2
Robert Pack,packro01,1995,PG,25,DEN,42,1144,16.9,.537,.182,.443,2.0,9.6,5.9,40.5,2.8,0.4,22.1,23.9,,1.1,1.1,2.2,.091,,1.7,-0.3,1.4,0.9
Robert Parish,parisro01,1995,C,41,CHH,81,1352,10.1,.467,.000,.272,8.5,21.5,15.3,5.0,1.1,1.9,13.7,16.5,,-0.6,2.0,1.4,.051,,-3.5,-0.2,-3.7,-0.6
Gary Payton,paytoga01,1995,PG,26,SEA,82,3015,21.3,.564,.172,.259,4.3,6.7,5.5,31.8,3.4,0.3,11.8,24.4,,8.2,3.5,11.7,.187,,4.1,0.8,4.9,5.2
Anthony Peeler,peelean01,1995,SG,25,LAL,73,1559,13.8,.528,.328,.194,4.4,7.5,6.0,12.2,1.7,0.6,10.3,22.0,,1.6,0.8,2.4,.073,,0.0,-1.7,-1.7,0.1
Mike Peplowski,peplomi01,1995,C,24,DET,6,21,15.2,.935,.000,.400,5.5,11.2,8.4,8.9,2.5,0.0,25.4,16.8,,0.0,0.0,0.1,.142,,-6.9,1.7,-5.2,0.0
Will Perdue,perduwi01,1995,C,29,CHI,78,1592,16.3,.570,.002,.423,15.7,23.0,19.4,8.8,0.9,2.7,17.6,18.5,,2.0,2.7,4.7,.142,,-0.9,-0.3,-1.2,0.3
Sam Perkins,perkisa01,1995,C,33,SEA,82,2356,16.2,.606,.462,.363,4.9,14.9,10.0,8.3,1.5,1.5,8.2,17.2,,5.9,2.6,8.5,.173,,3.0,-0.1,2.9,2.9
Elliot Perry,perryel01,1995,PG,25,PHO,82,1977,17.3,.590,.102,.332,3.0,5.8,4.4,28.8,3.9,0.1,19.5,18.3,,3.3,1.9,5.2,.126,,1.0,1.2,2.2,2.1
Tim Perry,perryti01,1995,PF,29,PHI,42,446,6.4,.397,.179,.513,9.9,13.4,11.6,3.9,1.2,2.5,18.0,11.7,,-0.4,0.3,-0.1,-0.006,,-4.7,-0.6,-5.3,-0.4
Chuck Person,persoch01,1995,SF,30,SAS,81,2033,11.5,.549,.593,.136,2.9,11.1,7.2,7.9,1.1,0.4,11.4,19.4,,1.5,2.1,3.6,.085,,0.1,-0.6,-0.5,0.8
Wesley Person,persowe01,1995,SG,23,PHO,78,1800,14.2,.596,.417,.158,4.3,8.6,6.4,8.6,1.3,1.0,10.4,18.3,,3.0,0.8,3.8,.101,,1.3,-1.3,0.0,0.9
Derrick Phelps,phelpde01,1995,PG,22,SAC,3,5,-17.3,.000,.000,2.000,0.0,0.0,0.0,26.3,0.0,0.0,0.0,16.7,,0.0,0.0,0.0,-0.339,,-23.6,-4.3,-27.9,0.0
Bobby Phills,phillbo01,1995,SG,25,CLE,80,2500,12.2,.477,.067,.288,4.4,9.0,6.6,12.9,2.6,0.8,10.9,19.8,,0.5,3.6,4.0,.078,,-2.5,1.5,-1.0,0.6
Eric Piatkowski,piatker01,1995,SG,24,LAC,81,1208,13.9,.559,.434,.252,5.8,7.3,6.5,10.6,1.6,0.9,11.1,20.5,,1.6,0.4,2.0,.079,,0.8,-1.3,-0.5,0.4
Ricky Pierce,piercri01,1995,PG,35,GSW,27,673,15.1,.562,.276,.417,2.0,8.6,5.3,9.2,1.6,0.2,7.4,20.4,,1.3,0.2,1.5,.107,,0.2,-0.7,-0.5,0.2
Ed Pinckney,pincked01,1995,PF,31,MIL,62,835,10.9,.563,.000,.639,9.1,21.7,15.2,3.6,2.1,1.5,17.3,8.0,,0.7,0.9,1.6,.092,,-1.6,0.9,-0.7,0.3
Scottie Pippen,pippesc01,1995,SF,29,CHI,79,3014,22.6,.559,.239,.333,6.9,18.2,12.5,22.8,4.0,2.2,15.2,26.3,,5.1,6.7,11.8,.188,,4.4,3.0,7.5,7.2
Olden Polynice,polynol01,1995,C,30,SAC,81,2534,14.7,.565,.001,.281,13.0,20.2,16.7,4.0,1.0,1.5,12.7,15.6,,3.3,3.4,6.7,.126,,-0.2,-0.5,-0.7,0.8
Terry Porter,portete01,1995,PG,31,POR,35,770,13.7,.515,.427,.307,2.5,9.7,5.9,25.4,2.0,0.2,16.1,19.8,,0.9,0.8,1.7,.106,,0.3,0.1,0.3,0.5
Mark Price,pricema01,1995,PG,30,CLE,48,1375,20.6,.554,.413,.265,2.2,8.2,5.1,48.0,1.4,0.2,17.2,28.8,,2.8,1.4,4.2,.147,,5.9,-1.0,4.9,2.4
Kevin Pritchard,pritcke01,1995,PG,27,TOT,19,194,8.1,.533,.250,.656,0.0,7.4,3.6,24.3,0.5,0.4,22.5,12.1,,0.1,0.0,0.2,.038,,-2.9,-1.4,-4.3,-0.1
Kevin Pritchard,pritcke01,1995,PG,27,PHI,5,36,-1.3,.105,1.000,1.333,0.0,3.3,1.6,41.0,0.0,0.0,51.2,12.1,,-0.2,0.0,-0.2,-0.211,,-8.9,-5.4,-14.3,-0.1
Kevin Pritchard,pritcke01,1995,PG,27,MIA,14,158,10.3,.589,.172,.586,0.0,8.3,4.1,20.5,0.7,0.5,16.1,12.2,,0.3,0.1,0.3,.095,,-1.5,-0.5,-2.1,0.0
Dino Radja,radjadi01,1995,PF,27,BOS,66,2147,17.9,.537,.001,.334,7.9,23.1,15.4,8.7,1.4,2.7,13.1,24.5,,2.0,2.5,4.5,.102,,0.0,0.0,0.0,1.1
Kurt Rambis,rambiku01,1995,PF,36,LAL,26,195,9.4,.546,.000,.343,5.7,13.6,9.6,11.2,0.8,3.2,16.6,10.7,,0.2,0.2,0.3,.076,,-3.8,0.9,-2.9,0.0
Mark Randall,randama01,1995,PF,27,DEN,8,39,4.4,.300,.100,.000,12.6,23.9,18.4,3.7,0.0,0.0,9.1,12.7,,0.0,0.0,0.0,-0.020,,-6.0,-4.3,-10.3,-0.1
Eldridge Recasner,recasel01,1995,SG,27,DEN,3,13,15.3,.387,.167,.667,0.0,18.0,9.2,11.0,12.1,0.0,20.5,33.9,,-0.1,0.0,0.0,-0.047,,-6.9,6.0,-0.9,0.0
Khalid Reeves,reevekh01,1995,PG,22,MIA,67,1462,16.9,.561,.368,.422,4.1,11.0,7.5,30.2,2.7,0.5,19.3,20.6,,2.1,1.4,3.5,.115,,1.8,0.1,1.9,1.4
J.R. Reid,reidjr01,1995,PF,26,SAS,81,1566,12.7,.565,.005,.588,9.1,18.8,14.2,5.1,1.9,1.4,18.5,17.2,,0.9,2.5,3.5,.106,,-2.7,0.9,-1.7,0.1
Glen Rice,ricegl01,1995,SF,27,MIA,82,3014,19.7,.586,.321,.260,3.8,11.1,7.4,11.1,1.9,0.4,8.9,25.2,,7.9,2.1,10.0,.159,,3.9,-0.6,3.3,4.0
Pooh Richardson,richapo01,1995,PG,28,LAC,80,2864,12.6,.459,.272,.139,1.5,9.8,5.4,34.1,2.3,0.3,15.2,17.1,,0.6,1.5,2.1,.036,,-0.9,-0.7,-1.6,0.2
Mitch Richmond,richmmi01,1995,SG,29,SAC,82,3172,17.2,.551,.283,.297,2.6,10.4,6.6,17.8,1.5,0.7,12.1,27.0,,4.9,3.1,8.0,.120,,2.4,-0.3,2.1,3.2
Isaiah Rider,rideris01,1995,SG,23,MIN,75,2645,15.6,.548,.317,.271,4.2,7.3,5.8,18.7,1.4,0.7,14.2,28.2,,1.4,0.4,1.9,.034,,2.0,-2.5,-0.5,1.0
Eric Riley,rileyer01,1995,C,24,LAC,40,434,14.7,.511,.007,.441,11.5,19.4,15.2,4.1,2.0,5.9,15.2,20.5,,0.0,0.5,0.6,.063,,-3.4,-0.1,-3.5,-0.2
Doc Rivers,riverdo01,1995,PG,33,TOT,63,989,12.2,.475,.421,.272,1.8,10.3,6.3,23.3,3.3,1.5,15.1,17.7,,0.3,1.7,2.0,.097,,-2.0,3.0,1.0,0.8
Doc Rivers,riverdo01,1995,PG,33,NYK,3,47,16.2,.533,.385,.846,5.2,16.9,11.2,25.4,4.5,0.0,18.3,21.3,,0.1,0.1,0.2,.170,,-0.7,3.2,2.5,0.1
Doc Rivers,riverdo01,1995,PG,33,SAS,60,942,12.0,.472,.422,.246,1.6,10.0,6.0,23.2,3.3,1.5,14.9,17.6,,0.3,1.5,1.8,.094,,-2.1,3.0,0.9,0.7
Fred Roberts,roberfr01,1995,SF,34,CLE,21,223,11.6,.479,.153,.361,7.1,12.2,9.5,6.3,1.5,1.1,7.7,19.5,,0.1,0.3,0.4,.092,,-2.7,-0.6,-3.4,-0.1
Clifford Robinson,robincl02,1995,SF,28,POR,75,2725,18.3,.538,.290,.289,6.0,11.8,8.8,12.2,1.5,2.2,9.6,25.5,,5.4,3.3,8.7,.153,,3.3,0.2,3.5,3.8
David Robinson,robinda01,1995,C,29,SAS,81,3074,29.1,.602,.013,.570,9.1,22.6,16.2,13.7,2.2,5.9,11.1,29.9,,10.7,6.7,17.5,.273,,6.0,3.2,9.2,8.7
Glenn Robinson,robingl01,1995,SF,22,MIL,80,2958,16.6,.538,.190,.354,6.7,14.4,10.4,12.2,2.0,0.6,16.1,29.1,,1.1,2.2,3.2,.053,,0.6,-1.5,-0.9,0.8
James Robinson,robinja02,1995,PG,24,POR,71,1539,10.5,.484,.357,.176,2.9,6.9,4.8,18.0,1.6,0.6,15.9,21.9,,-0.3,1.5,1.2,.038,,-1.8,-0.6,-2.3,-0.1
Dennis Rodman,rodmade01,1995,PF,33,SAS,49,1568,16.6,.604,.008,.463,20.8,37.8,29.7,8.5,1.0,1.0,25.3,10.9,,2.6,3.2,5.8,.178,,1.4,0.4,1.8,1.5
Carlos Rogers,rogerca01,1995,C,23,GSW,49,1017,14.3,.542,.041,.429,11.7,18.7,15.1,5.8,1.1,3.5,17.2,20.3,,0.1,0.8,0.9,.045,,-2.3,-1.1,-3.3,-0.3
Rodney Rogers,rogerro01,1995,PF,23,DEN,80,2142,15.2,.550,.192,.358,7.6,13.8,10.8,12.5,2.3,1.6,16.3,22.4,,1.5,2.4,3.9,.088,,-0.3,0.3,0.0,1.1
Tree Rollins,rollitr01,1995,C,39,ORL,51,478,7.0,.548,.000,.738,7.7,14.9,11.4,2.3,0.7,5.1,29.2,7.1,,0.0,0.6,0.5,.054,,-4.0,1.2,-2.8,-0.1
Sean Rooks,rooksse01,1995,C,25,MIN,80,2405,12.6,.555,.008,.620,8.5,16.2,12.4,6.9,0.6,2.2,15.4,17.6,,1.9,1.1,3.0,.060,,-1.5,-1.5,-3.0,-0.6
Jalen Rose,roseja01,1995,SF,22,DEN,81,1798,15.1,.550,.228,.468,3.9,10.4,7.2,33.3,1.9,0.9,21.0,19.1,,2.4,1.5,3.8,.103,,0.7,-0.2,0.5,1.1
Donald Royal,royaldo01,1995,SF,28,ORL,70,1841,12.2,.561,.009,.689,5.3,11.8,8.7,14.2,1.2,0.6,18.1,16.1,,2.2,1.4,3.6,.094,,-1.3,-0.4,-1.7,0.1
Clifford Rozier,roziecl01,1995,C,22,GSW,66,1494,11.5,.490,.018,.390,14.7,21.4,18.0,4.4,1.1,1.8,16.3,15.4,,0.1,1.2,1.3,.043,,-3.0,-1.4,-4.3,-0.9
Trevor Ruffin,ruffitr01,1995,PG,24,PHO,49,319,15.5,.545,.503,.193,2.9,5.4,4.1,25.8,2.2,0.5,18.0,35.4,,-0.1,0.2,0.1,.009,,0.8,-3.1,-2.2,0.0
Bryon Russell,russebr01,1995,SF,24,UTA,63,860,11.0,.507,.185,.391,6.7,13.4,10.2,5.7,2.9,1.0,13.1,16.9,,0.1,1.3,1.4,.079,,-2.1,0.9,-1.2,0.2
John Salley,sallejo01,1995,C,30,MIA,75,1955,11.4,.563,.000,.524,6.5,13.8,10.1,9.1,1.2,3.3,16.6,13.2,,1.9,1.7,3.6,.089,,-2.3,1.1,-1.2,0.4
Danny Schayes,schayda01,1995,C,35,PHO,69,823,13.2,.544,.004,.278,7.9,21.1,14.5,15.6,1.2,3.3,18.7,18.0,,0.5,0.9,1.4,.084,,-3.1,1.4,-1.7,0.1
Steve Scheffler,schefst01,1995,C,27,SEA,18,102,16.1,.631,.000,.783,9.5,17.1,13.4,5.5,1.0,1.5,8.8,14.4,,0.3,0.1,0.4,.193,,0.6,-0.6,0.0,0.1
Dwayne Schintzius,schindw01,1995,C,26,NJN,43,318,8.2,.390,.000,.102,9.9,17.9,13.9,7.7,0.5,3.7,13.1,17.9,,-0.4,0.4,-0.1,-0.012,,-5.9,-0.5,-6.4,-0.3
Detlef Schrempf,schrede01,1995,SF,32,SEA,82,2886,20.3,.641,.182,.523,5.7,15.1,10.5,16.4,1.6,0.9,12.6,21.0,,9.8,3.1,12.9,.215,,4.3,0.1,4.4,4.7
Byron Scott,scottby01,1995,PG,33,IND,80,1528,15.8,.587,.348,.389,1.5,10.3,6.0,12.2,2.1,0.7,14.8,24.0,,2.1,1.9,3.9,.124,,1.1,0.3,1.4,1.3
Dennis Scott,scottde01,1995,SF,26,ORL,62,1499,16.3,.577,.546,.177,2.0,9.0,5.6,12.9,1.5,0.6,7.6,21.6,,3.5,1.1,4.6,.147,,3.2,-0.8,2.5,1.7
Malik Sealy,sealyma01,1995,SG,24,LAC,60,1604,14.7,.507,.109,.333,5.3,10.8,7.8,11.3,2.3,1.1,9.8,23.1,,1.1,1.0,2.1,.062,,-0.8,-0.4,-1.2,0.3
Rony Seikaly,seikaro01,1995,C,29,GSW,36,1035,12.7,.566,.000,.510,8.2,20.4,14.2,6.7,0.9,2.4,21.3,19.9,,-0.1,0.8,0.7,.032,,-2.8,-0.2,-3.0,-0.2
Charles Shackleford,shackch01,1995,PF,28,MIN,21,239,16.6,.637,.000,.308,8.3,25.9,17.2,6.2,1.8,1.9,9.8,15.6,,0.5,0.3,0.8,.160,,-1.2,0.8,-0.4,0.1
Brian Shaw,shawbr01,1995,PG,28,ORL,78,1836,10.4,.468,.372,.192,3.3,11.4,7.5,29.0,2.0,0.7,25.6,16.8,,-0.4,1.8,1.3,.035,,-2.1,-0.1,-2.3,-0.1
Lionel Simmons,simmoli01,1995,SF,26,SAC,58,1064,10.0,.469,.051,.269,6.8,14.5,10.7,13.1,1.4,1.6,16.7,17.5,,-0.4,1.3,0.9,.039,,-2.7,0.5,-2.2,0.0
Dickey Simpkins,simpkdi01,1995,PF,22,CHI,59,586,11.0,.478,.000,.391,12.1,18.3,15.2,9.4,0.9,0.9,17.3,19.8,,-0.1,0.8,0.7,.058,,-3.6,-1.4,-4.9,-0.4
Scott Skiles,skilesc01,1995,PG,30,WSB,62,2077,15.7,.599,.391,.346,1.4,7.6,4.4,32.4,1.7,0.2,20.4,17.8,,3.7,0.7,4.5,.103,,1.9,-1.3,0.6,1.3
Reggie Slater,slatere01,1995,PF,24,DEN,25,236,14.5,.570,.000,.679,11.0,17.8,14.5,8.4,1.6,0.9,19.8,25.1,,0.1,0.3,0.4,.081,,-2.9,-0.1,-3.0,0.0
Charles Smith,smithch01,1995,SF,29,NYK,76,2150,13.9,.544,.041,.431,8.2,9.5,8.8,9.4,1.2,3.3,14.2,22.1,,1.7,3.1,4.8,.107,,-1.6,0.6,-1.0,0.6
Chris Smith,smithch03,1995,SG,24,MIN,64,1073,11.2,.548,.409,.239,1.6,6.7,4.2,22.8,1.6,1.5,14.6,14.6,,1.0,0.3,1.2,.056,,-0.7,-0.5,-1.1,0.2
Doug Smith,smithdo03,1995,PF,25,DAL,63,826,11.0,.461,.038,.239,5.3,14.0,9.4,8.2,1.8,2.2,9.6,19.2,,0.2,0.8,1.0,.058,,-4.1,0.7,-3.4,-0.3
Kenny Smith,smithke01,1995,PG,29,HOU,81,2030,16.2,.640,.558,.250,1.6,6.9,4.4,24.1,1.8,0.3,15.7,17.3,,4.7,1.4,6.1,.144,,2.4,-0.4,2.0,2.1
Michael Smith,smithmi01,1995,PF,29,LAC,29,319,13.3,.520,.060,.224,4.5,17.0,10.3,11.0,1.0,0.5,10.9,22.5,,0.2,0.2,0.3,.046,,-2.0,-2.0,-4.0,-0.2
Michael Smith,smithmi02,1995,PF,22,SAC,82,1736,13.5,.544,.005,.645,11.9,20.6,16.3,6.1,1.8,2.1,16.9,16.1,,0.9,2.8,3.7,.101,,-1.7,0.9,-0.9,0.5
Steve Smith,smithst01,1995,SG,25,TOT,80,2665,16.1,.559,.414,.369,4.4,7.7,6.0,17.4,1.2,0.9,11.7,22.5,,5.3,2.4,7.8,.140,,1.7,-0.6,1.1,2.1
Steve Smith,smithst01,1995,SG,25,MIA,2,62,19.5,.530,.414,.759,7.4,3.9,5.7,18.3,1.7,1.2,9.4,30.4,,0.2,0.0,0.2,.153,,1.9,-2.1,-0.2,0.0
Steve Smith,smithst01,1995,SG,25,ATL,78,2603,16.1,.560,.414,.358,4.4,7.8,6.0,17.3,1.2,0.9,11.8,22.3,,5.2,2.4,7.6,.139,,1.7,-0.5,1.2,2.1
Tony Smith,smithto02,1995,SG,26,LAL,61,1024,11.0,.505,.294,.204,4.6,6.9,5.8,14.3,2.3,0.5,12.9,16.3,,0.6,0.7,1.3,.059,,-2.0,-0.2,-2.2,-0.1
Rik Smits,smitsri01,1995,C,28,IND,78,2381,19.5,.571,.002,.356,9.9,20.4,15.3,9.0,0.9,2.6,13.4,27.2,,3.7,3.5,7.2,.146,,0.8,-0.4,0.3,1.4
Elmore Spencer,spencel01,1995,C,25,LAC,19,368,7.7,.471,.008,.424,3.3,18.5,10.4,10.8,1.9,4.6,25.5,22.2,,-1.1,0.4,-0.7,-0.085,,-7.1,1.2,-5.9,-0.3
Felton Spencer,spencfe01,1995,C,27,UTA,34,905,12.3,.578,.000,.628,13.1,22.3,18.0,2.7,0.7,2.9,19.9,17.2,,0.7,1.3,2.0,.104,,-2.3,-0.9,-3.2,-0.3
Latrell Sprewell,sprewla01,1995,SG,24,GSW,69,2771,14.1,.519,.278,.383,2.3,8.0,5.1,16.0,2.0,1.1,14.4,24.4,,0.8,1.1,2.0,.034,,-0.3,-0.9,-1.2,0.5
John Starks,starkjo01,1995,SG,29,NYK,80,2725,13.8,.526,.575,.215,1.5,7.7,4.7,25.1,1.8,0.1,12.1,22.2,,2.8,3.4,6.2,.109,,1.1,0.1,1.2,2.2
Larry Stewart,stewala01,1995,SF,26,WSB,40,346,11.5,.499,.022,.337,9.0,13.5,11.2,7.6,2.3,1.8,13.5,14.9,,0.2,0.3,0.5,.063,,-2.8,0.5,-2.3,0.0
Bryant Stith,stithbr01,1995,SG,24,DEN,81,2329,14.4,.567,.103,.490,5.0,8.7,6.9,10.2,2.1,0.6,12.0,17.7,,3.8,1.8,5.6,.115,,0.2,0.0,0.1,1.2
John Stockton,stockjo01,1995,PG,32,UTA,82,2867,23.3,.651,.287,.387,2.6,8.0,5.5,52.6,3.5,0.6,22.4,18.9,,9.9,4.0,13.9,.233,,7.0,2.0,9.0,7.9
Mark Strickland,stricma01,1995,PF,24,IND,4,9,13.8,.387,.000,.667,27.4,26.3,26.9,0.0,0.0,8.6,20.5,24.8,,0.0,0.0,0.0,-0.024,,-1.8,-3.8,-5.6,0.0
Rod Strickland,stricro02,1995,PG,28,POR,64,2267,21.6,.544,.130,.402,3.5,12.8,7.9,39.9,2.8,0.3,15.8,24.6,,5.3,3.2,8.5,.179,,4.0,1.3,5.3,4.2
Derek Strong,stronde01,1995,PF,26,BOS,70,1344,12.5,.545,.021,.523,11.5,20.8,16.1,4.7,0.9,0.7,16.3,15.6,,1.4,1.1,2.4,.086,,-1.5,-1.3,-2.8,-0.3
Greg Sutton,suttogr01,1995,PG,27,CHH,53,690,10.6,.526,.500,.196,1.4,7.9,4.8,20.8,2.5,0.2,17.0,20.2,,0.0,0.8,0.8,.058,,-2.8,0.6,-2.3,-0.1
Aaron Swinson,swinsaa01,1995,SF,24,PHO,9,51,11.7,.594,.000,.278,6.7,11.3,9.0,9.0,1.0,0.0,19.8,21.4,,0.0,0.0,0.0,.039,,-4.3,-2.5,-6.8,-0.1
Zan Tabak,tabakza01,1995,C,24,HOU,37,182,11.2,.518,.019,.830,15.3,20.4,18.0,3.3,0.6,2.7,19.9,22.3,,-0.1,0.2,0.2,.043,,-6.3,-2.1,-8.4,-0.3
Roy Tarpley,tarplro01,1995,C,30,DAL,55,1354,17.8,.521,.030,.200,10.7,25.9,17.9,7.2,1.7,2.8,14.1,23.5,,0.9,1.9,2.8,.098,,-0.8,0.2,-0.6,0.5
Brooks Thompson,thompbr01,1995,PG,24,ORL,38,246,10.5,.486,.509,.105,3.4,7.2,5.3,25.5,2.1,0.6,18.5,25.5,,-0.1,0.2,0.1,.022,,-3.5,-1.8,-5.3,-0.2
LaSalle Thompson,thompla01,1995,C,33,IND,38,453,6.8,.448,.000,.136,7.6,16.0,11.9,6.2,2.1,1.7,20.9,16.0,,-0.6,0.7,0.1,.015,,-6.0,0.7,-5.3,-0.4
Otis Thorpe,thorpot01,1995,PF,32,TOT,70,2096,16.4,.582,.010,.413,11.1,19.2,15.2,8.6,1.0,1.0,14.1,19.5,,3.2,2.4,5.6,.129,,0.0,-0.5,-0.5,0.8
Otis Thorpe,thorpot01,1995,PF,32,HOU,36,1188,14.7,.568,.008,.347,11.5,19.3,15.6,7.8,0.9,0.8,15.3,18.8,,1.1,1.2,2.3,.094,,-0.8,-1.1,-1.8,0.1
Otis Thorpe,thorpot01,1995,PF,32,POR,34,908,18.6,.598,.013,.489,10.6,19.2,14.7,9.6,1.1,1.2,12.8,20.4,,2.1,1.2,3.3,.174,,1.0,0.2,1.2,0.7
Sedale Threatt,threase01,1995,PG,33,LAL,59,1384,15.8,.574,.217,.254,1.7,8.2,5.0,26.8,2.0,0.6,12.6,17.3,,2.9,0.9,3.8,.131,,0.6,0.0,0.6,0.9
Wayman Tisdale,tisdawa01,1995,PF,30,PHO,65,1276,13.8,.518,.000,.213,7.5,14.8,11.1,5.6,1.1,1.5,9.3,23.4,,0.8,0.9,1.7,.065,,-2.6,-1.7,-4.3,-0.7
Tom Tolbert,tolbeto01,1995,PF,29,CHH,10,57,5.6,.371,.222,.111,15.2,19.9,17.6,5.3,0.0,0.0,13.7,17.8,,-0.1,0.1,0.0,-0.015,,-6.7,-3.7,-10.4,-0.1
Keith Tower,towerke01,1995,C,24,ORL,3,7,-6.2,.174,.000,1.000,16.9,31.7,24.5,0.0,0.0,0.0,25.8,23.8,,-0.1,0.0,0.0,-0.304,,-14.7,-8.3,-23.0,0.0
Anthony Tucker,tuckean01,1995,SF,25,WSB,62,982,9.2,.493,.005,.395,5.0,15.3,10.0,9.9,2.4,0.8,18.5,13.5,,-0.2,0.9,0.6,.030,,-3.8,0.7,-3.1,-0.3
Henry Turner,turnehe02,1995,PF,28,SAC,30,149,12.6,.470,.088,.614,13.6,8.4,11.0,7.7,2.8,0.5,14.2,25.2,,-0.1,0.2,0.1,.038,,-2.9,-1.3,-4.2,-0.1
Jeff Turner,turneje01,1995,PF,32,ORL,49,576,9.6,.522,.421,.163,4.7,14.3,9.6,8.9,1.1,0.4,10.3,15.9,,0.6,0.5,1.1,.091,,-3.0,-0.7,-3.7,-0.2
B.J. Tyler,tylerbj01,1995,PG,23,PHI,55,809,8.5,.462,.270,.265,1.9,7.1,4.5,32.8,2.3,0.2,31.5,17.0,,-1.2,0.5,-0.7,-0.039,,-3.2,-1.9,-5.0,-0.6
Nick Van Exel,vanexni01,1995,PG,23,LAL,80,2944,16.3,.544,.462,.271,1.0,7.4,4.2,33.6,1.7,0.1,15.1,21.3,,5.0,1.3,6.4,.104,,2.5,-2.0,0.5,1.9
Loy Vaught,vaughlo01,1995,PF,26,LAC,80,2966,17.1,.541,.028,.209,9.7,21.7,15.3,8.3,1.8,0.7,11.4,21.4,,3.0,2.5,5.5,.089,,0.5,-1.2,-0.7,1.0
Fred Vinson,vinsofr01,1995,SG,24,ATL,5,27,-6.5,.269,.857,.143,0.0,0.0,0.0,5.2,0.0,0.0,21.2,15.9,,-0.1,0.0,-0.1,-0.180,,-11.6,-3.8,-15.4,-0.1
Kenny Walker,walkeke01,1995,SF,30,WSB,24,266,6.6,.525,.000,.667,8.0,12.6,10.2,3.6,1.0,1.3,21.6,11.4,,0.0,0.1,0.1,.023,,-5.0,-1.0,-6.1,-0.3
Rex Walters,waltere01,1995,SG,24,NJN,80,1435,10.2,.532,.418,.111,1.4,5.7,3.5,14.2,1.3,0.8,12.6,17.2,,0.7,0.8,1.6,.052,,-2.3,-0.6,-2.9,-0.3
Charlie Ward,wardch01,1995,PG,24,NYK,10,44,-2.1,.342,.526,.526,2.8,12.9,8.0,13.7,2.4,0.0,25.5,32.7,,-0.3,0.1,-0.2,-0.258,,-12.9,-2.1,-15.0,-0.1
Jamie Watson,watsoja01,1995,SF,22,UTA,60,673,9.6,.552,.125,.368,3.1,10.2,6.9,12.4,2.7,1.3,22.4,15.3,,-0.1,0.9,0.8,.055,,-3.1,1.6,-1.6,0.1
Clarence Weatherspoon,weathcl01,1995,SF,24,PHI,76,2991,15.2,.489,.017,.305,5.6,15.0,10.3,12.8,2.0,1.7,12.0,23.8,,0.7,2.9,3.6,.057,,-0.2,-0.4,-0.6,1.1
Spud Webb,webbsp01,1995,PG,31,SAC,76,2458,13.7,.552,.210,.351,1.4,6.8,4.1,29.8,1.6,0.2,18.9,17.7,,3.1,2.0,5.1,.099,,0.2,-0.5,-0.3,1.1
Chris Webber,webbech01,1995,PF,21,WSB,54,2067,20.1,.521,.155,.248,10.8,18.4,14.4,21.5,2.0,2.9,13.8,25.5,,1.9,2.2,4.0,.093,,2.9,0.5,3.5,2.9
Bill Wennington,wennibi01,1995,C,31,CHI,73,956,11.6,.527,.013,.199,7.9,15.5,11.7,6.5,1.2,1.3,10.2,17.9,,1.0,1.3,2.3,.116,,-3.9,-0.1,-4.1,-0.5
David Wesley,wesleda01,1995,PG,24,BOS,51,1380,12.9,.533,.380,.300,2.5,7.3,4.9,27.2,3.0,0.4,19.7,13.8,,1.5,1.1,2.6,.091,,-0.4,0.9,0.5,0.9
Doug West,westdo01,1995,SG,27,MIN,71,2328,11.6,.528,.080,.323,3.2,8.7,6.0,14.3,1.5,0.8,12.6,19.6,,1.2,0.6,1.8,.038,,-2.2,-1.2,-3.4,-0.8
Mark West,westma01,1995,C,34,DET,67,1543,12.8,.555,.000,.354,12.1,18.9,15.5,1.8,0.9,4.9,15.9,15.6,,0.7,1.1,1.8,.057,,-3.2,-0.9,-4.1,-0.8
Ennis Whatley,whatlen01,1995,PG,32,ATL,27,292,12.4,.522,.151,.604,3.5,8.6,6.0,27.6,3.5,0.0,22.1,13.4,,0.2,0.4,0.7,.109,,-3.5,2.2,-1.3,0.1
Chris Whitney,whitnch01,1995,PG,23,SAS,25,179,3.0,.405,.404,.234,2.7,5.4,4.1,21.2,1.1,0.0,25.8,17.2,,-0.3,0.1,-0.2,-0.044,,-7.0,-1.4,-8.4,-0.3
Morlon Wiley,wileymo01,1995,PG,28,TOT,43,424,13.8,.564,.675,.085,1.4,10.0,5.5,25.9,2.6,0.3,15.9,14.1,,0.7,0.4,1.1,.124,,0.2,1.6,1.8,0.4
Morlon Wiley,wileymo01,1995,PG,28,DAL,38,407,13.5,.563,.676,.090,1.5,9.3,5.2,24.4,2.6,0.2,14.1,13.6,,0.8,0.3,1.1,.127,,0.0,1.5,1.5,0.4
Morlon Wiley,wileymo01,1995,PG,28,ATL,5,17,19.7,.583,.667,.000,0.0,28.1,13.7,61.3,3.1,4.4,40.0,26.7,,0.0,0.0,0.0,.041,,4.1,3.5,7.6,0.0
Dominique Wilkins,wilkido01,1995,SF,35,BOS,77,2423,16.3,.519,.247,.291,7.4,11.8,9.5,11.5,1.3,0.4,11.6,26.6,,2.6,1.3,3.9,.076,,2.2,-2.1,0.1,1.3
Aaron Williams,williaa01,1995,PF,23,MIL,15,72,7.0,.410,.042,.500,8.1,24.1,15.9,0.0,1.4,6.2,19.3,22.3,,-0.2,0.1,-0.1,-0.067,,-8.7,-0.3,-9.0,-0.1
Buck Williams,willibu01,1995,PF,34,POR,82,2422,13.6,.545,.003,.339,11.2,20.4,15.6,4.7,1.4,2.1,14.6,14.2,,2.5,3.6,6.1,.121,,-1.3,0.5,-0.8,0.7
Herb Williams,willihe01,1995,C,36,NYK,56,743,7.7,.476,.000,.206,3.8,16.6,10.4,5.6,0.9,4.6,16.9,14.6,,-0.7,1.3,0.6,.041,,-5.3,2.0,-3.3,-0.2
Hot Rod Williams,williho01,1995,PF,32,CLE,74,2641,14.6,.496,.006,.353,7.9,16.3,12.0,13.2,1.8,3.1,13.7,19.7,,0.9,4.4,5.3,.096,,-0.8,1.7,0.8,1.9
Jayson Williams,willija01,1995,PF,26,NJN,75,982,16.2,.482,.015,.378,19.9,27.5,23.7,6.1,1.4,2.3,13.5,19.5,,0.5,1.6,2.1,.102,,-1.8,-1.2,-3.0,-0.3
John Williams,willijo02,1995,SF,28,IND,34,402,4.2,.397,.104,.217,7.1,11.5,9.3,10.3,1.3,0.4,21.7,18.3,,-0.9,0.4,-0.5,-0.055,,-5.5,-0.8,-6.3,-0.4
Lorenzo Williams,willilo01,1995,C,25,DAL,82,2383,10.3,.471,.000,.332,12.5,19.1,15.6,6.9,1.1,4.3,23.2,7.9,,0.5,2.7,3.1,.063,,-3.2,1.5,-1.7,0.2
Micheal Williams,willimi02,1995,PG,28,MIN,1,28,5.2,.484,.000,1.250,0.0,4.3,2.2,16.0,3.8,0.0,32.6,15.0,,-0.1,0.0,0.0,-0.057,,-7.1,-0.8,-8.0,0.0
Monty Williams,willimo01,1995,SF,23,NYK,41,503,8.4,.458,.060,.286,10.2,12.6,11.4,15.3,2.1,0.6,21.5,17.4,,-0.5,0.8,0.3,.032,,-4.9,1.1,-3.8,-0.2
Reggie Williams,willire01,1995,SF,30,DEN,74,2198,16.9,.538,.314,.206,5.3,12.5,9.0,17.6,2.7,2.2,11.8,21.5,,3.1,2.7,5.8,.126,,1.2,1.2,2.4,2.5
Scott Williams,willisc01,1995,PF,26,PHI,77,1781,12.6,.510,.016,.247,11.2,20.6,15.9,5.3,2.1,1.7,14.9,14.2,,0.9,2.2,3.1,.084,,-2.4,0.1,-2.2,-0.1
Walt Williams,williwa02,1995,SF,24,SAC,77,2739,15.0,.544,.297,.365,4.3,10.2,7.3,19.3,2.3,1.7,17.3,22.7,,1.6,3.4,5.1,.089,,0.6,1.3,1.8,2.7
Kevin Willis,willike02,1995,PF,32,TOT,67,2390,16.1,.504,.015,.293,10.9,25.3,18.0,6.1,1.3,1.2,12.4,24.2,,0.9,2.8,3.6,.073,,-0.8,-1.8,-2.6,-0.4
Kevin Willis,willike02,1995,PF,32,ATL,2,89,15.2,.441,.024,.366,12.8,34.9,23.6,5.9,0.6,2.5,12.8,27.8,,-0.1,0.2,0.1,.038,,-2.6,-1.9,-4.5,0.0
Kevin Willis,willike02,1995,PF,32,MIA,65,2301,16.1,.506,.014,.290,10.8,24.9,17.7,6.1,1.3,1.1,12.4,24.1,,1.0,2.6,3.6,.075,,-0.7,-1.8,-2.6,-0.3
Trevor Wilson,wilsotr01,1995,PF,26,SAC,15,147,12.8,.509,.000,.350,8.1,12.5,10.3,12.8,1.4,1.0,11.5,15.8,,0.2,0.2,0.3,.103,,-0.3,0.8,0.4,0.1
David Wingate,wingada01,1995,SG,31,CHH,52,515,8.1,.460,.180,.197,2.6,10.8,6.9,16.2,1.9,0.8,16.9,14.3,,-0.2,0.6,0.4,.037,,-4.3,1.3,-3.0,-0.1
Dontonio Wingfield,wingfdo01,1995,SF,20,SEA,20,81,14.2,.415,.235,.196,16.4,27.4,22.0,6.0,3.1,2.9,12.6,33.9,,-0.2,0.2,0.0,.007,,-7.8,-3.4,-11.1,-0.2
Joe Wolf,wolfjo01,1995,PF,30,CHH,63,583,6.8,.511,.074,.198,7.2,18.5,13.1,9.0,0.8,0.7,20.0,8.7,,0.2,0.7,0.9,.077,,-4.6,0.8,-3.8,-0.3
David Wood,woodda01,1995,PF,30,GSW,78,1336,10.3,.567,.279,.359,6.8,13.2,10.0,7.0,1.0,0.7,12.3,13.6,,1.7,0.5,2.2,.078,,-2.6,-0.7,-3.3,-0.4
Randy Woods,woodsra01,1995,PG,24,LAC,62,495,10.9,.464,.632,.325,2.2,8.6,5.2,39.0,4.2,0.0,29.1,16.6,,-0.3,0.5,0.2,.015,,-3.2,0.9,-2.3,0.0
Haywoode Workman,workmha01,1995,PG,29,IND,69,1028,12.1,.484,.364,.275,2.5,10.4,6.5,28.8,3.1,0.4,19.5,16.7,,0.4,1.5,1.9,.088,,-1.2,1.8,0.6,0.7
Sharone Wright,wrighsh01,1995,C,22,PHI,79,2044,14.0,.502,.010,.363,10.8,16.1,13.5,4.1,1.0,3.7,14.4,23.0,,-0.2,1.9,1.7,.040,,-2.5,-1.2,-3.7,-0.9
Danny Young,youngda01,1995,PG,32,MIL,7,77,14.3,.688,.706,.059,1.5,6.4,3.9,24.2,2.7,0.0,18.7,12.3,,0.2,0.0,0.2,.141,,0.9,2.4,3.3,0.1
