"Player","Year","RPG","APG","SBPG","PPG","TS","WS48","Perc","allstarFlag","allNBAFlag"
Dave Cowens,"1980",8.1,3.1,2.0,14.2,0.477,0.121,0.744,1,0
Larry Bird,"1980",10.4,4.5,2.4,21.3,0.538,0.182,0.744,1,1
Kareem Abdul-Jabbar,"1980",10.8,4.5,4.4,24.8,0.639,0.227,0.732,1,1
Magic Johnson,"1980",7.7,7.3,3.0,18.0,0.602,0.18,0.732,1,0
Dennis Johnson,"1980",5.1,4.1,2.8,19.0,0.489,0.12,0.683,1,1
Gus Williams,"1980",3.4,4.8,2.9,22.1,0.529,0.187,0.683,0,1
Jack Sikma,"1980",11.1,3.4,1.8,14.3,0.526,0.148,0.683,1,0
Julius Erving,"1980",7.4,4.6,4.0,26.9,0.568,0.213,0.72,1,1
Marques Johnson,"1980",7.4,3.5,2.2,21.7,0.585,0.206,0.598,1,1
Paul Westphal,"1980",2.3,5.1,1.9,21.9,0.593,0.189,0.671,1,1
Walter Davis,"1980",3.6,4.5,1.8,21.5,0.608,0.173,0.671,1,0
Otis Birdsong,"1980",4.0,2.5,1.9,22.7,0.538,0.143,0.573,1,0
Scott Wedman,"1980",5.7,2.1,1.9,19.0,0.541,0.145,0.573,1,0
Dan Roundfield,"1980",10.3,2.3,3.0,16.5,0.551,0.169,0.61,1,1
Eddie Johnson,"1980",2.5,4.7,1.8,18.5,0.538,0.15,0.61,1,0
John Drew,"1980",5.9,1.3,1.4,19.5,0.532,0.134,0.61,1,0
Moses Malone,"1980",14.5,1.8,2.3,25.8,0.56,0.183,0.5,1,1
George Gervin,"1980",5.2,2.6,2.4,33.1,0.587,0.173,0.5,1,1
Kermit Washington,"1980",10.5,2.1,2.6,13.4,0.584,0.165,0.463,1,0
Bill Cartwright,"1980",8.9,2.0,1.8,21.7,0.608,0.148,0.476,1,0
Micheal Ray Richardson,"1980",6.6,10.1,3.7,15.3,0.517,0.094,0.476,1,0
Elvin Hayes,"1980",11.1,1.6,3.1,23.0,0.492,0.094,0.476,1,0
World B. Free,"1980",3.5,4.2,1.7,30.2,0.544,0.148,0.427,1,0
Bobby Jones,"1981",5.4,2.8,2.1,13.5,0.604,0.217,0.756,1,0
Julius Erving,"1981",8.0,4.4,3.9,24.6,0.572,0.231,0.756,1,1
Marques Johnson,"1981",6.8,4.6,2.1,20.3,0.583,0.211,0.732,1,1
Larry Bird,"1981",10.9,5.5,2.7,21.2,0.528,0.16,0.756,1,1
Robert Parish,"1981",9.5,1.8,3.6,18.9,0.579,0.228,0.756,1,0
Tiny Archibald,"1981",2.2,7.7,1.2,13.8,0.582,0.118,0.756,0,1
Dennis Johnson,"1981",4.6,3.7,2.5,18.8,0.516,0.154,0.695,1,1
Truck Robinson,"1981",9.6,2.5,1.3,18.8,0.531,0.119,0.695,1,0
Walter Davis,"1981",2.6,3.9,1.4,18.0,0.579,0.157,0.695,1,0
Jamaal Wilkes,"1981",5.4,2.9,1.9,22.6,0.556,0.135,0.659,1,0
Kareem Abdul-Jabbar,"1981",10.3,3.4,3.6,26.2,0.616,0.23,0.659,1,1
George Gervin,"1981",5.1,3.2,1.8,27.1,0.555,0.182,0.634,1,1
Artis Gilmore,"1981",10.1,2.1,3.0,17.9,0.699,0.208,0.549,1,0
Reggie Theus,"1981",3.5,5.2,1.7,18.9,0.578,0.156,0.549,1,0
Micheal Ray Richardson,"1981",6.9,7.9,3.4,16.4,0.511,0.104,0.61,1,0
Moses Malone,"1981",14.8,1.8,2.9,27.8,0.585,0.202,0.488,1,1
Otis Birdsong,"1981",3.6,3.3,1.6,24.6,0.58,0.152,0.488,1,1
Jack Sikma,"1981",10.4,3.0,2.1,18.7,0.512,0.132,0.415,1,0
Paul Westphal,"1981",1.9,4.1,1.7,16.7,0.517,0.106,0.415,1,0
Dan Roundfield,"1981",10.1,2.6,3.1,17.6,0.575,0.159,0.378,1,0
Eddie Johnson,"1981",2.4,5.4,1.8,19.1,0.554,0.122,0.378,1,0
Mike Mitchell,"1981",6.1,1.7,1.4,24.5,0.513,0.091,0.341,1,0
Larry Bird,"1982",10.9,5.8,2.7,22.9,0.557,0.205,0.768,1,1
Robert Parish,"1982",10.8,1.8,3.3,19.9,0.571,0.19,0.768,1,1
Bobby Jones,"1982",5.2,2.5,2.8,14.4,0.62,0.181,0.707,1,0
Julius Erving,"1982",6.9,3.9,3.7,24.4,0.593,0.229,0.707,1,1
Bob Lanier,"1982",5.2,3.0,1.7,13.5,0.596,0.16,0.671,1,0
Sidney Moncrief,"1982",6.7,4.8,2.0,19.8,0.601,0.216,0.671,1,1
Kareem Abdul-Jabbar,"1982",8.7,3.0,3.6,23.9,0.608,0.192,0.695,1,0
Magic Johnson,"1982",9.6,9.5,3.1,18.6,0.59,0.207,0.695,1,1
Norm Nixon,"1982",2.1,8.0,1.7,17.6,0.525,0.104,0.695,1,0
Gus Williams,"1982",3.1,6.9,2.6,23.4,0.526,0.171,0.634,1,1
Jack Sikma,"1982",12.7,3.4,2.5,19.6,0.559,0.199,0.634,1,0
Lonnie Shelton,"1982",6.3,3.1,1.8,14.9,0.523,0.105,0.634,1,0
Dennis Johnson,"1982",5.1,4.6,2.0,19.5,0.54,0.132,0.561,1,0
George Gervin,"1982",5.0,2.4,1.5,32.3,0.562,0.182,0.585,1,1
Bernard King,"1982",5.9,3.6,1.3,23.2,0.6,0.147,0.549,1,1
Buck Williams,"1982",12.3,1.3,2.0,15.5,0.603,0.152,0.537,1,0
Dan Roundfield,"1982",11.8,2.7,2.6,18.6,0.527,0.141,0.512,1,0
Alex English,"1982",6.8,5.3,2.5,25.4,0.596,0.152,0.561,1,1
Moses Malone,"1982",14.7,1.8,2.5,31.1,0.576,0.218,0.561,1,1
Isiah Thomas,"1982",2.9,7.8,2.3,17.0,0.487,0.046,0.476,1,0
Kelly Tripucka,"1982",5.4,3.3,1.3,21.6,0.57,0.117,0.476,1,0
Artis Gilmore,"1982",10.2,1.7,3.3,18.5,0.702,0.208,0.415,1,0
Micheal Ray Richardson,"1982",6.9,7.0,3.1,17.9,0.498,0.086,0.402,1,0
Andrew Toney,"1983",2.8,4.5,1.2,19.7,0.558,0.141,0.793,1,0
Julius Erving,"1983",6.8,3.7,3.4,21.4,0.566,0.217,0.793,1,1
Maurice Cheeks,"1983",2.6,6.9,2.7,12.5,0.582,0.183,0.793,1,0
Moses Malone,"1983",15.3,1.3,3.2,24.5,0.578,0.248,0.793,1,1
Jamaal Wilkes,"1983",4.3,2.3,1.0,19.6,0.558,0.139,0.707,1,0
Kareem Abdul-Jabbar,"1983",7.5,2.5,2.9,21.8,0.619,0.205,0.707,1,1
Magic Johnson,"1983",8.6,10.5,2.8,16.8,0.603,0.207,0.707,1,1
Larry Bird,"1983",11.0,5.8,2.8,23.6,0.561,0.225,0.683,1,1
Robert Parish,"1983",10.6,1.8,2.9,19.3,0.582,0.211,0.683,1,0
Maurice Lucas,"1983",10.4,2.8,1.3,16.5,0.528,0.132,0.646,1,0
Marques Johnson,"1983",7.0,4.5,2.0,21.4,0.543,0.18,0.622,1,0
Sidney Moncrief,"1983",5.8,3.9,1.8,22.5,0.602,0.233,0.622,1,1
Artis Gilmore,"1983",12.0,1.5,2.8,18.0,0.668,0.189,0.646,1,0
George Gervin,"1983",4.6,3.4,2.0,26.2,0.561,0.159,0.646,1,1
David Thompson,"1983",3.6,3.0,1.1,15.9,0.545,0.12,0.585,1,0
Gus Williams,"1983",2.6,8.0,2.6,20.0,0.517,0.148,0.585,1,0
Jack Sikma,"1983",11.4,3.1,2.0,18.2,0.546,0.183,0.585,1,0
Buck Williams,"1983",12.5,1.5,2.5,17.0,0.611,0.185,0.598,1,1
Jim Paxson,"1983",2.1,2.9,1.9,21.7,0.573,0.178,0.561,1,0
Alex English,"1983",7.3,4.8,3.0,28.4,0.561,0.166,0.549,1,1
Kiki Vandeweghe,"1983",5.3,2.5,1.3,26.7,0.613,0.182,0.549,1,0
Bill Laimbeer,"1983",12.1,3.2,2.1,13.6,0.552,0.142,0.451,1,0
Isiah Thomas,"1983",4.0,7.8,2.8,22.9,0.525,0.115,0.451,1,1
Reggie Theus,"1983",3.7,5.9,2.0,23.8,0.541,0.11,0.341,1,0
Kevin McHale,"1984",7.4,1.3,1.8,18.4,0.605,0.196,0.756,1,0
Larry Bird,"1984",10.1,6.6,2.7,24.2,0.552,0.215,0.756,1,1
Robert Parish,"1984",10.7,1.7,2.1,19.0,0.584,0.175,0.756,1,0
Sidney Moncrief,"1984",6.7,4.5,1.7,20.9,0.591,0.198,0.61,1,1
Bernard King,"1984",5.1,2.1,1.2,26.3,0.619,0.218,0.573,1,1
Kareem Abdul-Jabbar,"1984",7.3,2.6,2.5,21.5,0.608,0.163,0.659,1,1
Magic Johnson,"1984",7.3,13.1,3.0,17.6,0.628,0.191,0.659,1,1
Jim Paxson,"1984",2.1,3.1,1.6,21.3,0.573,0.17,0.585,1,1
Bill Laimbeer,"1984",12.2,1.8,1.6,17.3,0.59,0.181,0.598,1,0
Isiah Thomas,"1984",4.0,11.1,2.9,21.3,0.52,0.144,0.598,1,1
Kelly Tripucka,"1984",4.0,3.0,1.1,21.3,0.53,0.109,0.598,1,0
Andrew Toney,"1984",2.5,4.8,1.2,20.4,0.597,0.12,0.634,1,0
Julius Erving,"1984",6.9,4.0,3.6,22.4,0.562,0.18,0.634,1,1
Moses Malone,"1984",13.4,1.4,2.5,22.7,0.566,0.175,0.634,1,1
Otis Birdsong,"1984",2.5,3.9,1.5,19.8,0.53,0.1,0.549,1,0
Walter Davis,"1984",2.6,5.5,1.5,20.0,0.559,0.118,0.5,1,0
Mark Aguirre,"1984",5.9,4.5,1.3,29.5,0.572,0.149,0.524,1,0
Jack Sikma,"1984",11.1,4.0,2.3,19.1,0.572,0.156,0.512,1,0
George Gervin,"1984",4.1,2.9,1.7,25.9,0.551,0.102,0.451,1,0
Alex English,"1984",5.7,5.0,2.2,26.4,0.57,0.136,0.463,1,0
Kiki Vandeweghe,"1984",4.8,3.1,1.3,29.4,0.618,0.181,0.463,1,0
Ralph Sampson,"1984",11.1,2.0,3.3,21.0,0.551,0.108,0.354,1,0
Jeff Ruland,"1984",12.3,3.9,1.9,22.2,0.633,0.144,0.427,1,0
Kareem Abdul-Jabbar,"1985",7.9,3.2,2.8,22.0,0.628,0.204,0.756,1,1
Magic Johnson,"1985",6.2,12.6,1.8,18.3,0.637,0.22,0.756,1,1
Sidney Moncrief,"1985",5.4,5.2,2.1,21.7,0.565,0.197,0.72,1,1
Terry Cummings,"1985",9.1,2.9,2.3,23.6,0.536,0.189,0.72,1,1
Dennis Johnson,"1985",4.0,6.8,1.7,15.7,0.522,0.103,0.768,1,0
Larry Bird,"1985",10.5,6.6,2.8,28.7,0.585,0.238,0.768,1,1
Robert Parish,"1985",10.6,1.6,2.0,17.6,0.586,0.151,0.768,1,0
Julius Erving,"1985",5.3,3.0,3.1,20.0,0.546,0.144,0.707,1,0
Moses Malone,"1985",13.1,1.6,2.4,24.6,0.577,0.193,0.707,1,1
Bill Laimbeer,"1985",12.4,1.9,1.7,17.5,0.548,0.162,0.561,1,0
Isiah Thomas,"1985",4.5,13.9,2.6,21.2,0.529,0.173,0.561,1,1
Alex English,"1985",5.7,4.2,1.8,27.9,0.561,0.146,0.634,1,0
Calvin Natt,"1985",7.8,3.1,1.4,23.3,0.604,0.185,0.634,1,0
Rolando Blackman,"1985",3.7,3.6,1.0,19.7,0.566,0.123,0.537,1,0
Hakeem Olajuwon,"1985",11.9,1.4,3.9,20.6,0.564,0.168,0.585,1,0
Ralph Sampson,"1985",10.4,2.7,3.0,22.1,0.533,0.096,0.585,1,1
George Gervin,"1985",3.3,2.5,1.6,21.2,0.564,0.106,0.5,1,0
Micheal Ray Richardson,"1985",5.6,8.2,3.2,20.1,0.513,0.134,0.512,1,0
Jeff Ruland,"1985",11.1,4.4,1.6,18.9,0.617,0.111,0.488,1,0
Michael Jordan,"1985",6.5,5.9,3.2,28.2,0.592,0.213,0.463,1,1
Larry Nance,"1985",8.8,2.6,3.1,19.9,0.612,0.173,0.439,1,0
Norm Nixon,"1985",2.7,8.8,1.2,17.2,0.507,0.061,0.378,1,0
Bernard King,"1985",5.8,3.7,1.6,32.9,0.585,0.166,0.293,1,1
Jack Sikma,"1985",10.6,4.2,2.6,18.5,0.564,0.166,0.378,1,0
Kevin McHale,"1986",8.1,2.7,2.4,21.3,0.623,0.22,0.817,1,0
Larry Bird,"1986",9.8,6.8,2.6,25.8,0.58,0.244,0.817,1,1
Robert Parish,"1986",9.5,1.8,2.2,16.1,0.586,0.171,0.817,1,0
Sidney Moncrief,"1986",4.6,4.9,1.7,20.2,0.604,0.219,0.695,1,1
James Worthy,"1986",5.2,2.7,2.1,20.0,0.613,0.185,0.756,1,0
Kareem Abdul-Jabbar,"1986",6.1,3.5,2.5,23.4,0.603,0.197,0.756,1,1
Magic Johnson,"1986",5.9,12.6,1.8,18.8,0.61,0.226,0.756,1,1
Hakeem Olajuwon,"1986",11.5,2.0,5.4,23.5,0.56,0.186,0.622,1,1
Ralph Sampson,"1986",11.1,3.6,2.9,18.9,0.516,0.084,0.622,1,0
Dominique Wilkins,"1986",7.9,2.6,2.4,30.3,0.536,0.17,0.61,1,1
Charles Barkley,"1986",12.8,3.9,3.7,20.0,0.619,0.176,0.659,0,1
Julius Erving,"1986",5.0,3.4,2.6,18.1,0.537,0.114,0.659,1,0
Maurice Cheeks,"1986",2.9,9.2,2.9,15.4,0.597,0.155,0.659,1,0
Moses Malone,"1986",11.8,1.2,1.9,23.8,0.553,0.157,0.659,1,0
Alex English,"1986",5.0,4.0,1.3,29.8,0.562,0.156,0.573,1,1
Rolando Blackman,"1986",3.5,3.3,1.3,21.5,0.576,0.121,0.537,1,0
Isiah Thomas,"1986",3.6,10.8,2.5,20.9,0.554,0.151,0.561,1,1
Clyde Drexler,"1986",5.6,8.0,3.2,18.5,0.53,0.124,0.488,1,0
Alvin Robertson,"1986",6.3,5.5,4.2,17.0,0.563,0.143,0.427,1,1
Artis Gilmore,"1986",8.5,1.4,2.1,16.7,0.661,0.143,0.427,1,0
Jeff Malone,"1986",3.6,2.4,1.0,22.4,0.533,0.098,0.476,1,0
Buck Williams,"1986",12.0,1.6,2.1,15.9,0.565,0.106,0.476,1,0
Michael Jordan,"1986",3.6,2.9,3.2,22.7,0.533,0.16,0.366,1,0
Patrick Ewing,"1986",9.0,2.0,3.1,20.0,0.526,0.084,0.28,1,0
Marques Johnson,"1986",5.5,3.8,2.1,20.3,0.555,0.108,0.39,1,0
James Worthy,"1987",5.7,2.8,2.3,19.4,0.578,0.158,0.793,1,0
Kareem Abdul-Jabbar,"1987",6.7,2.6,1.9,17.5,0.597,0.148,0.793,1,0
Magic Johnson,"1987",6.3,12.2,2.2,23.9,0.602,0.263,0.793,1,1
Dominique Wilkins,"1987",6.3,3.3,2.1,29.0,0.543,0.197,0.695,1,1
Kevin McHale,"1987",9.9,2.6,2.7,26.1,0.655,0.232,0.72,1,1
Larry Bird,"1987",9.2,7.6,2.8,28.1,0.612,0.243,0.72,1,1
Robert Parish,"1987",10.6,2.2,2.6,17.5,0.588,0.147,0.72,1,0
Mark Aguirre,"1987",5.3,3.2,1.4,25.7,0.56,0.16,0.671,1,0
Rolando Blackman,"1987",3.5,3.3,1.1,21.0,0.569,0.14,0.671,1,0
Bill Laimbeer,"1987",11.6,1.8,1.7,15.4,0.559,0.176,0.634,1,0
Isiah Thomas,"1987",3.9,10.0,2.1,20.6,0.528,0.121,0.634,1,1
Hakeem Olajuwon,"1987",11.4,2.9,5.3,23.4,0.554,0.189,0.512,1,1
Ralph Sampson,"1987",8.7,2.8,2.3,15.6,0.518,0.078,0.512,1,0
Michael Jordan,"1987",5.2,4.6,4.4,37.1,0.562,0.247,0.488,1,1
Tom Chambers,"1987",6.6,3.0,1.6,23.3,0.554,0.118,0.476,1,0
Charles Barkley,"1987",14.6,4.9,3.3,23.0,0.66,0.21,0.549,1,1
Julius Erving,"1987",4.4,3.2,2.8,16.8,0.527,0.088,0.549,1,0
Maurice Cheeks,"1987",3.2,7.9,2.9,15.6,0.579,0.145,0.549,1,0
Alex English,"1987",4.2,5.1,1.1,28.6,0.549,0.126,0.451,1,0
Fat Lever,"1987",8.9,8.0,2.9,18.9,0.515,0.153,0.451,0,1
Jeff Malone,"1987",2.7,3.7,1.1,22.0,0.518,0.097,0.512,1,0
Moses Malone,"1987",11.3,1.6,2.1,24.1,0.545,0.182,0.512,1,1
Walter Davis,"1987",3.1,4.6,1.3,23.6,0.562,0.105,0.439,1,0
Joe Barry Carroll,"1987",7.3,2.6,2.7,21.2,0.521,0.082,0.512,1,0
Sleepy Floyd,"1987",3.3,10.3,2.0,18.8,0.608,0.157,0.512,1,0
Alvin Robertson,"1987",5.2,5.2,3.6,17.7,0.51,0.094,0.341,1,0
Danny Ainge,"1988",3.1,6.2,1.6,15.7,0.598,0.136,0.695,1,0
Kevin McHale,"1988",8.4,2.7,1.9,22.6,0.656,0.205,0.695,1,0
Larry Bird,"1988",9.3,6.1,2.4,29.9,0.608,0.243,0.695,1,1
James Worthy,"1988",5.0,3.9,1.7,19.7,0.571,0.143,0.756,1,0
Kareem Abdul-Jabbar,"1988",6.0,1.7,1.8,14.6,0.57,0.111,0.756,1,0
Magic Johnson,"1988",6.2,11.9,1.8,19.6,0.581,0.199,0.756,1,1
Isiah Thomas,"1988",3.4,8.4,2.0,19.5,0.521,0.124,0.659,1,0
James Donaldson,"1988",9.3,0.8,1.8,7.0,0.616,0.119,0.646,1,0
Mark Aguirre,"1988",5.6,3.6,1.6,25.1,0.539,0.163,0.646,1,0
Clyde Drexler,"1988",6.6,5.8,3.1,27.0,0.564,0.207,0.646,1,1
Steve Johnson,"1988",5.6,1.3,1.1,15.4,0.554,0.058,0.646,1,0
Alex English,"1988",4.7,4.7,1.2,25.0,0.535,0.129,0.659,1,0
Fat Lever,"1988",8.1,7.8,3.0,18.9,0.516,0.163,0.659,1,0
Doc Rivers,"1988",4.6,9.3,2.3,14.2,0.527,0.159,0.61,1,0
Dominique Wilkins,"1988",6.4,2.9,1.9,30.7,0.534,0.16,0.61,1,1
Michael Jordan,"1988",5.5,5.9,4.8,35.0,0.603,0.308,0.61,1,1
Xavier McDaniel,"1988",6.6,3.4,1.9,21.4,0.528,0.11,0.537,1,0
Hakeem Olajuwon,"1988",12.1,2.1,4.8,22.8,0.555,0.182,0.561,1,1
Brad Daugherty,"1988",8.4,4.2,1.3,18.7,0.563,0.107,0.512,1,0
Patrick Ewing,"1988",8.2,1.5,4.3,20.2,0.594,0.154,0.463,1,1
Moses Malone,"1988",11.2,1.4,1.7,20.3,0.577,0.163,0.463,1,0
Charles Barkley,"1988",11.9,3.2,2.5,28.3,0.665,0.253,0.439,1,1
Maurice Cheeks,"1988",3.2,8.0,2.4,13.7,0.551,0.138,0.439,1,0
Alvin Robertson,"1988",6.1,6.8,3.8,19.6,0.513,0.094,0.378,1,0
Brad Daugherty,"1989",9.2,3.7,1.3,18.9,0.594,0.164,0.695,1,0
Larry Nance,"1989",8.0,2.2,3.6,17.2,0.59,0.197,0.695,1,0
Mark Price,"1989",3.0,8.4,1.6,18.9,0.623,0.199,0.695,1,1
Kevin Johnson,"1989",4.2,12.2,2.0,20.4,0.597,0.184,0.671,0,1
Tom Chambers,"1989",8.4,2.9,1.8,25.7,0.547,0.146,0.671,1,1
James Worthy,"1989",6.0,3.6,2.0,20.5,0.582,0.158,0.695,1,0
Kareem Abdul-Jabbar,"1989",4.5,1.0,1.7,10.1,0.511,0.082,0.695,1,0
Magic Johnson,"1989",7.9,12.8,2.1,22.5,0.625,0.267,0.695,1,1
Isiah Thomas,"1989",3.4,8.3,1.9,18.2,0.528,0.115,0.768,1,0
Dominique Wilkins,"1989",6.9,2.6,2.1,26.2,0.528,0.166,0.634,1,1
Moses Malone,"1989",11.8,1.4,2.2,20.2,0.581,0.178,0.634,1,0
Terry Cummings,"1989",8.1,2.5,2.2,22.9,0.518,0.131,0.598,1,1
Mark Jackson,"1989",4.7,8.6,2.0,16.9,0.535,0.14,0.634,1,0
Patrick Ewing,"1989",9.3,2.4,5.0,22.7,0.607,0.181,0.634,1,1
Dale Ellis,"1989",4.2,2.0,1.6,27.5,0.589,0.163,0.573,1,1
Alex English,"1989",4.0,4.7,1.0,26.5,0.531,0.11,0.537,1,0
Charles Barkley,"1989",12.5,4.1,2.4,25.8,0.653,0.25,0.561,1,1
Michael Jordan,"1989",8.0,8.0,3.7,32.5,0.614,0.292,0.573,1,1
Clyde Drexler,"1989",7.9,5.8,3.4,27.2,0.555,0.197,0.476,1,0
Kevin Duckworth,"1989",8.0,0.8,1.3,18.1,0.531,0.086,0.476,1,0
Kevin McHale,"1989",8.2,2.2,1.6,22.5,0.608,0.168,0.512,1,0
Robert Parish,"1989",12.5,2.2,2.4,18.6,0.607,0.177,0.512,0,1
Hakeem Olajuwon,"1989",13.5,1.8,6.0,24.8,0.552,0.197,0.549,1,1
Chris Mullin,"1989",5.9,5.1,2.6,26.5,0.581,0.165,0.524,1,1
James Worthy,"1990",6.0,3.6,1.9,21.1,0.586,0.172,0.768,1,1
Magic Johnson,"1990",6.6,11.5,2.1,22.3,0.622,0.27,0.768,1,1
Kevin Johnson,"1990",3.6,11.4,1.5,22.5,0.585,0.2,0.659,1,1
Tom Chambers,"1990",7.0,2.3,1.7,27.2,0.579,0.176,0.659,1,1
Dennis Rodman,"1990",9.7,0.9,1.4,8.8,0.608,0.189,0.72,1,0
Isiah Thomas,"1990",3.8,9.4,2.0,18.4,0.501,0.107,0.72,1,0
Joe Dumars,"1990",2.8,4.9,0.9,17.8,0.555,0.162,0.72,1,1
Clyde Drexler,"1990",6.9,5.9,2.7,23.3,0.551,0.208,0.72,1,1
Charles Barkley,"1990",11.5,3.9,2.5,25.2,0.661,0.269,0.646,1,1
Kevin McHale,"1990",8.3,2.1,2.3,20.9,0.623,0.195,0.634,1,0
Larry Bird,"1990",9.5,7.5,2.2,24.3,0.546,0.154,0.634,1,1
Robert Parish,"1990",10.1,1.3,1.4,15.7,0.616,0.157,0.634,1,0
David Robinson,"1990",12.0,2.0,5.6,24.3,0.597,0.241,0.683,1,1
Michael Jordan,"1990",6.9,6.3,3.4,33.6,0.606,0.285,0.671,1,1
Scottie Pippen,"1990",6.7,5.4,3.8,16.5,0.528,0.087,0.671,1,0
Hakeem Olajuwon,"1990",14.0,2.9,6.7,24.3,0.541,0.173,0.5,1,1
Patrick Ewing,"1990",10.9,2.2,4.9,28.6,0.599,0.205,0.549,1,1
Fat Lever,"1990",9.3,6.5,2.3,18.3,0.504,0.149,0.524,1,0
Dominique Wilkins,"1990",6.5,2.5,2.2,26.7,0.556,0.184,0.5,1,0
Reggie Miller,"1990",3.6,3.8,1.6,24.6,0.645,0.182,0.512,1,0
Rolando Blackman,"1990",3.5,3.6,1.2,19.4,0.552,0.111,0.573,1,0
Chris Mullin,"1990",5.9,4.1,2.2,25.1,0.643,0.174,0.451,1,1
Michael Jordan,"1991",6.0,5.5,3.7,31.5,0.605,0.321,0.744,1,1
Clyde Drexler,"1991",6.7,6.0,2.5,21.5,0.563,0.209,0.768,1,1
Kevin Duckworth,"1991",6.6,1.1,0.8,15.8,0.525,0.082,0.768,1,0
Terry Porter,"1991",3.5,8.0,2.1,17.0,0.632,0.235,0.768,1,0
James Worthy,"1991",4.6,3.5,1.8,21.4,0.531,0.143,0.707,1,1
Magic Johnson,"1991",7.0,12.5,1.5,19.4,0.623,0.251,0.707,1,1
Kevin Johnson,"1991",3.5,10.1,2.3,22.2,0.604,0.22,0.671,1,1
Tom Chambers,"1991",6.4,2.6,1.5,19.9,0.513,0.105,0.671,1,0
Kevin McHale,"1991",7.1,1.9,2.5,18.4,0.606,0.182,0.683,1,0
Larry Bird,"1991",8.5,7.2,2.8,19.4,0.53,0.14,0.683,1,0
Robert Parish,"1991",10.6,0.8,2.1,14.9,0.637,0.198,0.683,1,0
David Robinson,"1991",13.0,2.5,5.5,25.6,0.615,0.264,0.671,1,1
Isiah Thomas,"1991",3.3,9.3,1.8,16.2,0.507,0.098,0.61,1,0
Joe Dumars,"1991",2.3,5.5,1.2,20.4,0.552,0.155,0.61,1,1
Hakeem Olajuwon,"1991",13.8,2.3,6.1,21.2,0.549,0.201,0.634,0,1
Alvin Robertson,"1991",5.7,5.5,3.2,13.6,0.538,0.142,0.585,1,0
Chris Mullin,"1991",5.4,4.0,2.9,25.7,0.618,0.176,0.537,1,1
Tim Hardaway,"1991",4.0,9.7,2.8,22.9,0.547,0.148,0.537,1,0
Dominique Wilkins,"1991",9.0,3.3,2.3,25.9,0.555,0.177,0.524,1,1
Patrick Ewing,"1991",11.2,3.0,4.2,26.6,0.561,0.155,0.476,1,1
Charles Barkley,"1991",10.1,4.2,2.1,27.6,0.635,0.258,0.537,1,1
Hersey Hawkins,"1991",3.9,3.7,2.7,22.1,0.592,0.151,0.537,1,0
Brad Daugherty,"1991",10.9,3.3,1.6,21.6,0.583,0.147,0.402,1,0
Bernard King,"1991",5.0,4.6,1.1,28.4,0.527,0.07,0.366,1,1
Michael Jordan,"1992",6.4,6.1,3.2,30.1,0.579,0.274,0.817,1,1
Scottie Pippen,"1992",7.7,7.0,3.0,21.0,0.555,0.192,0.817,1,1
Clyde Drexler,"1992",6.6,6.7,2.7,25.0,0.56,0.223,0.695,1,1
Dan Majerle,"1992",5.9,3.3,2.1,17.3,0.551,0.165,0.646,1,0
Jeff Hornacek,"1992",5.0,5.1,2.3,20.1,0.592,0.181,0.646,1,0
Kevin Johnson,"1992",3.7,10.7,1.8,19.7,0.561,0.165,0.646,0,1
Brad Daugherty,"1992",10.4,3.6,2.0,21.5,0.629,0.213,0.695,1,1
Mark Price,"1992",2.4,7.4,1.5,17.3,0.61,0.205,0.695,1,1
Patrick Ewing,"1992",11.2,1.9,4.1,24.0,0.563,0.198,0.622,1,1
Larry Bird,"1992",9.6,6.8,1.7,20.2,0.547,0.159,0.622,1,0
Reggie Lewis,"1992",4.8,2.3,2.8,20.8,0.55,0.143,0.622,1,0
Chris Mullin,"1992",5.6,3.5,2.9,25.6,0.586,0.155,0.671,1,1
Tim Hardaway,"1992",3.8,10.0,2.2,23.4,0.537,0.132,0.671,1,1
David Robinson,"1992",12.2,2.7,6.8,23.2,0.597,0.26,0.573,1,1
Dennis Rodman,"1992",18.7,2.3,1.7,9.8,0.574,0.183,0.585,1,1
Isiah Thomas,"1992",3.2,7.2,1.7,18.5,0.505,0.095,0.585,1,0
Joe Dumars,"1992",2.3,4.6,1.0,19.9,0.538,0.123,0.585,1,0
James Worthy,"1992",5.6,4.7,1.8,19.9,0.49,0.07,0.524,1,0
Charles Barkley,"1992",11.1,4.1,2.4,23.1,0.612,0.205,0.427,1,1
Dominique Wilkins,"1992",7.0,3.8,1.8,28.1,0.552,0.152,0.463,1,0
Kevin Willis,"1992",15.5,2.1,1.6,18.3,0.535,0.143,0.463,1,1
Hakeem Olajuwon,"1992",12.1,2.2,6.2,21.6,0.553,0.178,0.512,1,0
Otis Thorpe,"1992",10.5,3.0,1.1,17.3,0.619,0.14,0.512,1,0
Michael Adams,"1992",4.0,7.6,2.0,18.1,0.506,0.09,0.305,1,0
Dikembe Mutombo,"1992",12.3,2.2,3.6,16.6,0.54,0.086,0.293,1,0
Shawn Kemp,"1993",10.7,2.0,3.4,17.8,0.547,0.169,0.671,1,0
Michael Jordan,"1993",6.7,5.5,3.6,32.6,0.564,0.27,0.695,1,1
Scottie Pippen,"1993",7.7,6.3,3.0,18.6,0.51,0.132,0.695,1,1
Brad Daugherty,"1993",10.2,4.4,1.5,20.2,0.635,0.226,0.659,1,0
Larry Nance,"1993",8.7,2.9,3.3,16.5,0.587,0.187,0.659,1,0
Mark Price,"1993",2.7,8.0,1.3,18.2,0.609,0.197,0.659,1,1
Charles Barkley,"1993",12.2,5.1,2.5,25.6,0.596,0.242,0.756,1,1
Dan Majerle,"1993",4.7,3.8,2.1,16.9,0.573,0.147,0.756,1,0
Patrick Ewing,"1993",12.1,1.9,2.9,24.2,0.546,0.17,0.732,1,1
Hakeem Olajuwon,"1993",13.0,3.5,6.0,26.1,0.577,0.234,0.671,1,1
Clyde Drexler,"1993",6.3,5.7,2.7,19.9,0.517,0.171,0.622,1,0
Terry Porter,"1993",3.9,5.2,1.4,18.2,0.577,0.147,0.622,1,0
David Robinson,"1993",11.7,3.7,4.8,23.4,0.569,0.197,0.598,1,1
Sean Elliott,"1993",4.6,3.8,1.4,17.2,0.566,0.113,0.598,1,0
Detlef Schrempf,"1993",9.5,6.0,1.3,19.1,0.571,0.161,0.5,1,0
Shaquille O'Neal,"1993",13.9,1.9,4.3,23.4,0.584,0.163,0.5,1,0
Derrick Coleman,"1993",11.2,3.6,2.9,20.7,0.54,0.165,0.524,0,1
Danny Manning,"1993",6.6,2.6,2.6,22.8,0.565,0.137,0.5,1,0
Dominique Wilkins,"1993",6.8,3.2,1.4,29.9,0.57,0.191,0.524,1,1
Chris Mullin,"1993",5.0,3.6,2.4,25.9,0.578,0.122,0.415,1,0
Tim Hardaway,"1993",4.0,10.6,1.9,21.5,0.534,0.138,0.415,1,1
Isiah Thomas,"1993",2.9,8.5,1.8,17.6,0.488,0.061,0.488,1,0
Joe Dumars,"1993",1.9,4.0,1.1,23.5,0.555,0.141,0.488,1,1
Mitch Richmond,"1993",3.4,4.9,1.4,21.9,0.558,0.087,0.305,1,0
Gary Payton,"1994",3.3,6.0,2.5,16.5,0.526,0.155,0.768,1,1
Shawn Kemp,"1994",10.8,2.6,3.9,18.1,0.593,0.216,0.768,1,1
Charles Oakley,"1994",11.8,2.7,1.6,11.8,0.54,0.172,0.695,1,0
John Starks,"1994",3.1,5.9,1.7,19.0,0.516,0.135,0.695,1,0
Patrick Ewing,"1994",11.2,2.3,3.9,24.5,0.551,0.211,0.695,1,0
David Robinson,"1994",10.7,4.8,5.1,29.8,0.577,0.296,0.671,1,1
Mookie Blaylock,"1994",5.2,9.7,3.2,13.8,0.487,0.168,0.695,1,0
Charles Barkley,"1994",11.2,4.6,2.1,21.6,0.563,0.185,0.683,1,1
Kevin Johnson,"1994",2.5,9.5,2.0,20.0,0.566,0.17,0.683,1,1
Hakeem Olajuwon,"1994",11.9,3.6,5.3,27.3,0.565,0.21,0.707,1,1
Mark Price,"1994",3.0,7.8,1.5,17.3,0.586,0.201,0.573,1,1
Shaquille O'Neal,"1994",13.2,2.4,3.8,29.3,0.605,0.252,0.61,1,1
Horace Grant,"1994",11.0,3.4,2.3,15.1,0.54,0.188,0.671,1,0
Scottie Pippen,"1994",8.7,5.6,3.7,22.0,0.544,0.194,0.671,1,1
Clifford Robinson,"1994",6.7,1.9,2.8,20.1,0.513,0.126,0.573,1,0
Clyde Drexler,"1994",6.5,4.9,1.9,19.2,0.514,0.14,0.573,1,0
Derrick Coleman,"1994",11.3,3.4,2.7,20.2,0.534,0.171,0.549,1,1
Kenny Anderson,"1994",3.9,9.6,2.1,18.8,0.491,0.114,0.549,1,0
Latrell Sprewell,"1994",4.9,4.7,3.1,21.0,0.532,0.108,0.61,1,1
Mitch Richmond,"1994",3.7,4.0,1.5,23.4,0.551,0.106,0.341,1,1
Detlef Schrempf,"1995",6.2,3.8,1.6,19.2,0.641,0.215,0.695,1,1
Gary Payton,"1995",3.4,7.1,2.6,20.6,0.564,0.187,0.695,1,1
Shawn Kemp,"1995",10.9,1.8,2.7,18.7,0.61,0.19,0.695,1,1
Anfernee Hardaway,"1995",4.4,7.2,2.0,20.9,0.599,0.177,0.695,0,1
Shaquille O'Neal,"1995",11.4,2.7,3.4,29.3,0.588,0.23,0.695,1,1
David Robinson,"1995",10.8,2.9,4.9,27.6,0.602,0.273,0.756,1,1
Dennis Rodman,"1995",16.8,2.0,1.1,7.1,0.604,0.178,0.756,0,1
Scottie Pippen,"1995",8.1,5.2,4.1,21.4,0.559,0.188,0.573,1,1
Charles Barkley,"1995",11.1,4.1,2.3,23.0,0.572,0.214,0.72,1,1
Dan Majerle,"1995",4.6,4.1,1.6,15.6,0.555,0.12,0.72,1,0
Reggie Miller,"1995",2.6,3.0,1.4,19.6,0.62,0.204,0.634,1,1
Patrick Ewing,"1995",11.0,2.7,2.9,23.9,0.555,0.157,0.671,1,0
Hakeem Olajuwon,"1995",10.8,3.5,5.2,27.8,0.563,0.181,0.573,1,1
Dikembe Mutombo,"1995",12.5,1.4,4.4,11.5,0.595,0.135,0.5,1,0
Tyrone Hill,"1995",10.9,0.8,1.4,13.8,0.554,0.138,0.524,1,0
Cedric Ceballos,"1995",8.0,1.8,1.4,21.7,0.57,0.123,0.585,1,0
Mitch Richmond,"1995",4.4,3.8,1.5,22.8,0.551,0.12,0.476,1,1
Vin Baker,"1995",10.3,3.6,2.5,17.7,0.511,0.083,0.415,1,0
Latrell Sprewell,"1995",3.7,4.0,2.3,20.6,0.519,0.034,0.317,1,0
Dana Barros,"1995",3.3,7.5,1.9,20.6,0.632,0.183,0.293,1,0
Grant Hill,"1995",6.4,5.0,2.7,19.9,0.541,0.097,0.341,1,0
Joe Dumars,"1995",2.4,5.5,1.2,18.1,0.541,0.032,0.341,1,0
Michael Jordan,"1996",6.6,4.3,2.7,30.4,0.582,0.317,0.878,1,1
Scottie Pippen,"1996",6.4,5.9,2.5,19.4,0.551,0.209,0.878,1,1
Gary Payton,"1996",4.2,7.5,3.1,19.3,0.554,0.174,0.78,1,1
Shawn Kemp,"1996",11.4,2.2,2.8,19.6,0.631,0.205,0.78,1,1
David Robinson,"1996",12.2,3.0,4.7,25.0,0.589,0.29,0.72,1,1
Sean Elliott,"1996",5.1,2.7,1.3,20.0,0.585,0.128,0.72,1,0
Anfernee Hardaway,"1996",4.3,7.1,2.5,21.7,0.605,0.229,0.732,0,1
Shaquille O'Neal,"1996",11.0,2.9,2.8,26.6,0.57,0.171,0.732,1,1
Reggie Miller,"1996",2.8,3.3,1.2,21.1,0.625,0.188,0.634,1,1
Terrell Brandon,"1996",3.3,6.5,2.2,19.3,0.573,0.237,0.573,1,0
Grant Hill,"1996",9.8,6.9,1.9,20.2,0.537,0.172,0.561,1,1
Patrick Ewing,"1996",10.6,2.1,3.3,22.5,0.516,0.116,0.573,1,0
Clyde Drexler,"1996",7.2,5.8,2.5,19.3,0.551,0.161,0.585,1,0
Hakeem Olajuwon,"1996",10.9,3.6,4.4,26.9,0.558,0.166,0.585,1,1
Alonzo Mourning,"1996",10.4,2.3,3.7,23.2,0.584,0.178,0.512,1,0
Juwan Howard,"1996",8.1,4.4,1.3,22.1,0.53,0.082,0.476,1,1
Charles Barkley,"1996",11.6,3.7,2.4,23.2,0.585,0.191,0.5,1,1
Dikembe Mutombo,"1996",11.8,1.5,5.0,11.0,0.562,0.134,0.427,1,0
Mitch Richmond,"1996",3.3,3.1,1.8,23.1,0.591,0.151,0.476,1,1
Jason Kidd,"1996",6.8,9.7,2.5,16.6,0.468,0.068,0.317,1,0
Vin Baker,"1996",9.9,2.6,1.9,21.1,0.527,0.089,0.305,1,0
Michael Jordan,"1997",5.9,4.3,2.2,29.6,0.567,0.283,0.841,1,1
Scottie Pippen,"1997",6.5,5.7,2.4,20.2,0.554,0.203,0.841,1,1
Detlef Schrempf,"1997",6.5,4.4,1.3,16.8,0.592,0.174,0.695,1,0
Gary Payton,"1997",4.6,7.1,2.6,21.8,0.545,0.193,0.695,1,1
Shawn Kemp,"1997",10.0,1.9,2.5,18.7,0.583,0.174,0.695,1,0
Christian Laettner,"1997",8.8,2.7,2.0,18.1,0.562,0.177,0.683,1,0
Dikembe Mutombo,"1997",11.6,1.4,3.9,13.3,0.584,0.183,0.683,1,0
Alonzo Mourning,"1997",9.9,1.6,3.7,19.8,0.578,0.174,0.744,1,0
Tim Hardaway,"1997",3.4,8.6,2.0,20.3,0.532,0.198,0.744,1,1
Grant Hill,"1997",9.0,7.3,2.4,21.4,0.556,0.223,0.659,1,1
Joe Dumars,"1997",2.4,4.0,0.7,14.7,0.586,0.144,0.659,1,0
Charles Barkley,"1997",13.5,4.7,1.8,19.2,0.581,0.224,0.695,1,0
Clyde Drexler,"1997",6.0,5.7,2.5,18.0,0.548,0.172,0.695,1,0
Hakeem Olajuwon,"1997",9.2,3.0,3.7,23.2,0.558,0.154,0.695,1,1
Eddie Jones,"1997",4.1,3.4,3.0,17.2,0.559,0.154,0.683,1,0
Shaquille O'Neal,"1997",12.5,3.1,3.8,26.2,0.556,0.197,0.683,1,1
Patrick Ewing,"1997",10.7,2.0,3.3,22.4,0.548,0.163,0.695,1,1
Terrell Brandon,"1997",3.9,6.3,2.2,19.5,0.526,0.181,0.512,1,0
Chris Webber,"1997",10.3,4.6,3.6,20.1,0.554,0.159,0.537,1,0
Anfernee Hardaway,"1997",4.5,5.6,2.2,20.5,0.554,0.175,0.549,0,1
Kevin Garnett,"1997",8.0,3.1,3.5,17.0,0.537,0.116,0.488,1,0
Tom Gugliotta,"1997",8.7,4.1,2.7,20.6,0.526,0.103,0.488,1,0
Vin Baker,"1997",10.3,2.7,2.5,21.0,0.553,0.127,0.402,1,1
Mitch Richmond,"1997",3.9,4.2,1.8,25.9,0.578,0.166,0.415,1,1
Latrell Sprewell,"1997",4.6,6.3,2.2,24.2,0.57,0.115,0.366,1,0
Eddie Jones,"1998",3.8,3.1,2.7,16.9,0.592,0.166,0.744,1,0
Kobe Bryant,"1998",3.1,2.5,1.4,15.4,0.548,0.147,0.744,1,0
Nick Van Exel,"1998",3.0,6.9,1.1,13.8,0.538,0.166,0.744,1,0
Shaquille O'Neal,"1998",11.4,2.4,3.1,28.3,0.587,0.224,0.744,1,1
Gary Payton,"1998",4.6,8.3,2.5,19.2,0.544,0.19,0.744,1,1
Vin Baker,"1998",8.0,1.9,2.2,19.2,0.564,0.169,0.744,1,1
Michael Jordan,"1998",5.8,3.5,2.3,28.7,0.533,0.238,0.756,1,1
Scottie Pippen,"1998",5.2,5.8,2.8,19.1,0.533,0.193,0.756,0,1
Reggie Miller,"1998",2.9,2.1,1.1,19.5,0.619,0.206,0.707,1,1
Rik Smits,"1998",6.9,1.4,1.8,16.7,0.532,0.141,0.707,1,0
Jason Kidd,"1998",6.2,9.1,2.3,11.6,0.502,0.123,0.683,1,0
Tim Hardaway,"1998",3.7,8.3,1.9,18.9,0.53,0.185,0.671,1,1
David Robinson,"1998",10.6,2.7,3.5,21.6,0.581,0.269,0.683,1,1
Tim Duncan,"1998",11.9,2.7,3.2,21.1,0.577,0.192,0.683,1,1
Dikembe Mutombo,"1998",11.4,1.0,3.8,13.4,0.584,0.177,0.61,1,1
Steve Smith,"1998",4.2,4.0,1.4,20.1,0.563,0.171,0.61,1,0
Shawn Kemp,"1998",9.3,2.5,2.5,18.0,0.512,0.118,0.573,1,0
Grant Hill,"1998",7.7,6.8,2.4,21.1,0.52,0.149,0.451,1,1
Jayson Williams,"1998",13.6,1.0,1.4,12.9,0.541,0.172,0.524,1,0
Rod Strickland,"1998",5.3,10.5,2.0,17.8,0.501,0.129,0.512,0,1
Kevin Garnett,"1998",9.6,4.2,3.5,18.5,0.527,0.143,0.549,1,0
Antoine Walker,"1998",10.2,3.3,2.5,22.4,0.481,0.07,0.439,1,0
Mitch Richmond,"1998",3.3,4.0,1.5,23.2,0.569,0.148,0.329,1,1
Tim Duncan,"1999",11.4,2.4,3.4,21.7,0.541,0.213,0.74,0,1
Alonzo Mourning,"1999",11.0,1.6,4.7,20.1,0.563,0.216,0.66,0,1
Tim Hardaway,"1999",3.2,7.3,1.3,17.4,0.511,0.146,0.66,0,1
Grant Hill,"1999",7.1,6.0,2.1,21.1,0.543,0.189,0.58,0,1
Kobe Bryant,"1999",5.3,3.8,2.4,19.9,0.549,0.13,0.62,0,1
Shaquille O'Neal,"1999",10.7,2.3,2.4,26.3,0.584,0.255,0.62,0,1
Hakeem Olajuwon,"1999",9.6,1.8,4.1,18.9,0.559,0.175,0.62,0,1
Jason Kidd,"1999",6.8,10.8,2.7,16.9,0.527,0.188,0.54,0,1
Allen Iverson,"1999",4.9,4.6,2.4,26.8,0.508,0.173,0.56,0,1
Kevin Garnett,"1999",10.4,4.3,3.4,20.8,0.493,0.146,0.5,0,1
Chris Webber,"1999",13.0,4.1,3.5,20.0,0.491,0.102,0.54,0,1
Gary Payton,"1999",4.9,8.7,2.4,21.7,0.519,0.172,0.5,0,1
Antonio McDyess,"1999",10.7,1.6,3.8,21.2,0.515,0.105,0.28,0,1
Kobe Bryant,"2000",6.3,4.9,2.5,22.5,0.546,0.202,0.817,1,1
Shaquille O'Neal,"2000",13.6,3.8,3.5,29.7,0.578,0.283,0.817,1,1
Rasheed Wallace,"2000",7.0,1.8,2.4,16.4,0.556,0.156,0.72,1,0
David Robinson,"2000",9.6,1.8,3.5,17.8,0.568,0.238,0.646,1,1
Tim Duncan,"2000",12.4,3.2,3.1,23.2,0.555,0.218,0.646,1,1
Jason Kidd,"2000",7.2,10.1,2.4,14.3,0.498,0.156,0.646,1,1
Dale Davis,"2000",9.9,0.9,2.0,10.0,0.537,0.161,0.683,1,0
Reggie Miller,"2000",3.0,2.3,1.4,18.1,0.603,0.162,0.683,1,0
Alonzo Mourning,"2000",9.5,1.6,4.2,21.7,0.596,0.226,0.634,1,1
Chris Webber,"2000",10.5,4.6,3.3,24.5,0.53,0.179,0.537,1,1
Kevin Garnett,"2000",11.8,5.0,3.0,22.9,0.545,0.172,0.61,1,1
Allan Houston,"2000",3.3,2.7,1.0,19.7,0.569,0.13,0.61,1,0
Grant Hill,"2000",6.6,5.2,2.0,25.8,0.565,0.185,0.512,1,1
Jerry Stackhouse,"2000",3.8,4.5,1.7,23.6,0.545,0.111,0.512,1,0
Allen Iverson,"2000",3.8,4.7,2.1,28.4,0.496,0.116,0.598,1,1
Gary Payton,"2000",6.5,8.9,2.1,24.2,0.535,0.195,0.549,1,1
Glenn Robinson,"2000",6.0,2.4,1.5,20.9,0.534,0.08,0.512,1,0
Ray Allen,"2000",4.4,3.8,1.6,22.1,0.57,0.157,0.512,1,0
Vince Carter,"2000",5.8,3.9,2.5,25.7,0.543,0.182,0.549,1,1
Michael Finley,"2000",6.3,5.3,1.7,22.6,0.522,0.114,0.488,1,0
Stephon Marbury,"2000",3.2,8.4,1.7,22.2,0.528,0.123,0.378,0,1
Dikembe Mutombo,"2000",14.1,1.3,3.6,11.5,0.621,0.16,0.341,1,0
David Robinson,"2001",8.6,1.5,3.5,14.4,0.559,0.246,0.707,1,1
Tim Duncan,"2001",12.2,3.0,3.2,22.2,0.536,0.2,0.707,1,1
Chris Webber,"2001",11.1,4.2,3.0,27.1,0.516,0.186,0.671,1,1
Vlade Divac,"2001",8.3,2.9,2.2,12.0,0.536,0.147,0.671,1,0
Allen Iverson,"2001",3.8,4.6,2.8,31.1,0.518,0.19,0.683,1,1
Theo Ratliff,"2001",8.3,1.2,4.3,12.4,0.562,0.138,0.683,1,0
Rasheed Wallace,"2001",7.8,2.8,2.9,19.2,0.56,0.18,0.61,1,0
Dirk Nowitzki,"2001",9.2,2.1,2.2,21.8,0.601,0.224,0.646,0,1
Michael Finley,"2001",5.2,4.4,1.8,21.5,0.521,0.119,0.646,1,0
Glenn Robinson,"2001",6.9,3.3,1.9,22.0,0.525,0.114,0.634,1,0
Ray Allen,"2001",5.2,4.6,1.8,22.0,0.61,0.211,0.634,1,1
Kobe Bryant,"2001",5.9,5.0,2.3,28.5,0.552,0.196,0.683,1,1
Shaquille O'Neal,"2001",12.7,3.7,3.4,28.7,0.574,0.245,0.683,1,1
Allan Houston,"2001",3.6,2.2,0.8,18.7,0.543,0.126,0.585,1,0
Latrell Sprewell,"2001",4.5,3.5,1.7,17.7,0.497,0.082,0.585,1,0
Alonzo Mourning,"2001",7.8,0.9,2.7,13.6,0.536,0.148,0.61,1,0
Anthony Mason,"2001",9.6,3.1,1.3,16.1,0.555,0.171,0.61,1,0
Antonio Davis,"2001",10.1,1.4,2.2,13.7,0.508,0.127,0.573,1,0
Vince Carter,"2001",5.5,3.9,2.6,27.6,0.551,0.208,0.573,1,1
Jason Kidd,"2001",6.4,9.8,2.5,16.9,0.51,0.15,0.622,1,1
Kevin Garnett,"2001",11.4,5.0,3.2,22.0,0.531,0.176,0.573,1,1
Grant Hill,"2001",6.3,6.3,1.8,13.8,0.505,0.126,0.524,1,0
Tracy McGrady,"2001",7.5,4.6,3.0,26.8,0.521,0.189,0.524,1,1
Gary Payton,"2001",4.6,8.1,1.9,23.1,0.522,0.16,0.537,1,1
Jerry Stackhouse,"2001",3.9,5.1,1.9,29.8,0.521,0.137,0.39,1,0
Antonio McDyess,"2001",12.1,2.1,2.1,20.8,0.538,0.146,0.488,1,0
Stephon Marbury,"2001",3.1,7.6,1.3,23.9,0.54,0.147,0.317,1,0
Chris Webber,"2002",10.1,4.8,3.1,24.5,0.54,0.2,0.744,1,1
Peja Stojakovic,"2002",5.3,2.5,1.3,21.2,0.592,0.179,0.744,1,0
Kobe Bryant,"2002",5.5,5.5,1.9,25.2,0.544,0.199,0.707,1,1
Shaquille O'Neal,"2002",10.7,3.0,2.7,27.2,0.59,0.262,0.707,1,1
Tim Duncan,"2002",12.7,3.7,3.2,25.5,0.576,0.257,0.707,1,1
Jason Kidd,"2002",7.3,9.9,2.4,14.7,0.484,0.14,0.634,1,1
Dirk Nowitzki,"2002",9.9,2.4,2.1,23.4,0.599,0.222,0.695,1,1
Steve Nash,"2002",3.1,7.7,0.7,17.9,0.602,0.167,0.695,1,1
Kevin Garnett,"2002",12.1,5.2,2.7,21.2,0.536,0.194,0.61,1,1
Wally Szczerbiak,"2002",4.8,3.1,1.1,18.7,0.58,0.134,0.61,1,0
Gary Payton,"2002",4.8,9.0,1.9,22.1,0.526,0.183,0.549,1,1
Antoine Walker,"2002",8.8,5.0,2.0,22.1,0.49,0.094,0.598,1,0
Paul Pierce,"2002",6.9,3.2,2.9,26.1,0.57,0.187,0.598,1,1
Ben Wallace,"2002",13.0,1.4,5.2,7.6,0.522,0.19,0.61,0,1
Allen Iverson,"2002",4.5,5.5,3.0,31.4,0.489,0.126,0.524,1,1
Dikembe Mutombo,"2002",10.8,1.0,2.7,11.5,0.574,0.158,0.524,1,1
Tracy McGrady,"2002",7.9,5.3,2.5,25.6,0.532,0.189,0.537,1,1
Jermaine O'Neal,"2002",10.5,1.6,2.9,19.0,0.521,0.113,0.512,1,1
Ray Allen,"2002",4.5,3.9,1.5,21.8,0.598,0.169,0.5,1,0
Elton Brand,"2002",11.6,2.4,3.0,18.2,0.586,0.216,0.476,1,0
Vince Carter,"2002",5.2,4.0,2.3,24.7,0.515,0.14,0.512,1,0
Michael Jordan,"2002",5.7,5.2,1.9,22.9,0.468,0.075,0.451,1,0
Alonzo Mourning,"2002",8.4,1.2,2.8,15.7,0.558,0.145,0.439,1,0
Shareef Abdur-Rahim,"2002",9.0,3.1,2.3,21.2,0.536,0.116,0.402,1,0
Steve Francis,"2002",7.0,6.4,1.7,21.6,0.517,0.091,0.341,1,0
Dirk Nowitzki,"2003",9.9,3.0,2.4,25.1,0.581,0.249,0.732,1,1
Steve Nash,"2003",2.9,7.3,1.1,17.7,0.576,0.206,0.732,1,1
Chris Webber,"2003",10.5,5.4,2.9,23.0,0.485,0.127,0.72,1,1
Peja Stojakovic,"2003",5.5,2.0,1.1,19.2,0.6,0.199,0.72,1,0
Tim Duncan,"2003",12.9,3.9,3.6,23.3,0.564,0.248,0.732,1,1
Jason Kidd,"2003",6.3,8.9,2.6,18.7,0.526,0.182,0.598,1,1
Ben Wallace,"2003",15.4,1.6,4.6,6.9,0.486,0.176,0.61,1,1
Brad Miller,"2003",8.3,2.6,1.5,13.1,0.579,0.202,0.585,1,0
Jermaine O'Neal,"2003",10.3,2.0,3.2,20.8,0.539,0.177,0.585,1,1
Kobe Bryant,"2003",6.9,5.9,3.0,30.0,0.55,0.21,0.61,1,1
Shaquille O'Neal,"2003",11.1,3.1,2.9,27.5,0.602,0.25,0.61,1,1
Allen Iverson,"2003",4.2,5.5,2.9,27.6,0.5,0.127,0.585,1,1
Kevin Garnett,"2003",13.4,6.0,3.0,23.0,0.553,0.225,0.622,1,1
Jamal Mashburn,"2003",6.1,5.6,1.2,21.6,0.507,0.13,0.573,1,1
Steve Francis,"2003",6.2,6.2,2.2,21.0,0.541,0.16,0.524,1,0
Yao Ming,"2003",8.2,1.7,2.2,13.5,0.57,0.176,0.524,1,0
Shawn Marion,"2003",9.5,2.4,3.5,21.2,0.538,0.186,0.537,1,0
Stephon Marbury,"2003",3.2,8.1,1.6,22.3,0.52,0.142,0.537,1,1
Tracy McGrady,"2003",6.5,5.5,2.4,32.1,0.564,0.262,0.512,1,1
Antoine Walker,"2003",7.2,4.8,1.9,20.1,0.467,0.039,0.537,1,0
Paul Pierce,"2003",7.3,4.4,2.5,25.9,0.532,0.157,0.537,1,1
Michael Jordan,"2003",6.1,3.8,2.0,20.0,0.491,0.099,0.451,1,0
Vince Carter,"2003",4.4,3.3,2.1,20.6,0.532,0.136,0.293,1,0
Zydrunas Ilgauskas,"2003",7.5,1.6,2.6,17.2,0.516,0.099,0.207,1,0
Tim Duncan,"2004",12.4,3.1,3.6,22.3,0.534,0.249,0.695,1,1
Ben Wallace,"2004",12.4,1.7,4.8,9.5,0.441,0.16,0.659,1,1
Jermaine O'Neal,"2004",10.0,2.1,3.3,20.1,0.489,0.155,0.744,1,1
Metta World Peace,"2004",5.3,3.7,2.8,18.3,0.511,0.141,0.744,1,1
Kevin Garnett,"2004",13.9,5.0,3.6,24.2,0.547,0.272,0.707,1,1
Sam Cassell,"2004",3.3,7.3,1.5,19.8,0.566,0.205,0.707,1,1
Brad Miller,"2004",10.3,4.3,2.1,14.1,0.579,0.184,0.671,1,0
Peja Stojakovic,"2004",6.3,2.1,1.5,24.2,0.624,0.198,0.671,1,1
Dirk Nowitzki,"2004",8.7,2.7,2.5,21.8,0.561,0.19,0.634,1,1
Kobe Bryant,"2004",5.5,5.1,2.2,24.0,0.551,0.21,0.683,1,1
Shaquille O'Neal,"2004",11.5,2.9,3.0,21.5,0.578,0.192,0.683,1,1
Jason Kidd,"2004",6.4,9.2,2.0,15.5,0.485,0.141,0.573,1,1
Kenyon Martin,"2004",9.5,2.5,2.7,16.7,0.528,0.142,0.573,1,0
Steve Francis,"2004",5.5,6.2,2.2,16.6,0.501,0.107,0.549,1,0
Yao Ming,"2004",9.0,1.5,2.2,17.5,0.586,0.202,0.549,1,1
Michael Redd,"2004",5.0,2.3,1.1,21.7,0.544,0.154,0.5,1,1
Baron Davis,"2004",4.3,7.5,2.8,22.9,0.492,0.133,0.5,1,1
Jamaal Magloire,"2004",10.3,1.0,1.8,13.6,0.551,0.131,0.5,1,0
Ray Allen,"2004",5.1,4.8,1.5,23.0,0.566,0.153,0.451,1,0
Paul Pierce,"2004",6.5,5.1,2.3,23.0,0.517,0.109,0.439,1,0
Allen Iverson,"2004",3.7,6.8,2.5,26.4,0.478,0.066,0.402,1,0
Vince Carter,"2004",4.8,4.8,2.1,22.5,0.501,0.103,0.402,1,0
Tracy McGrady,"2004",6.0,5.5,2.0,28.0,0.526,0.151,0.256,1,1
Manu Ginobili,"2005",4.4,3.9,2.0,16.0,0.609,0.24,0.72,1,0
Tim Duncan,"2005",11.1,2.7,3.3,20.3,0.54,0.245,0.72,1,1
Amar'e Stoudemire,"2005",8.9,1.6,2.6,26.0,0.617,0.243,0.756,1,1
Shawn Marion,"2005",11.3,1.9,3.5,19.4,0.556,0.191,0.756,1,1
Steve Nash,"2005",3.3,11.5,1.1,15.5,0.606,0.203,0.756,1,1
Dwyane Wade,"2005",5.2,6.8,2.6,24.1,0.561,0.177,0.72,1,1
Shaquille O'Neal,"2005",10.4,2.7,2.8,22.9,0.583,0.211,0.72,1,1
Dirk Nowitzki,"2005",9.7,3.1,2.8,26.1,0.578,0.248,0.707,1,1
Tracy McGrady,"2005",6.2,5.7,2.4,25.7,0.526,0.18,0.622,1,1
Yao Ming,"2005",8.4,0.8,2.4,18.3,0.614,0.21,0.622,1,0
Ben Wallace,"2005",12.2,1.7,3.8,9.7,0.459,0.153,0.659,1,1
Rashard Lewis,"2005",5.5,1.3,1.9,20.5,0.571,0.15,0.634,1,0
Ray Allen,"2005",4.4,3.7,1.1,23.9,0.555,0.168,0.634,1,1
Kevin Garnett,"2005",13.5,5.7,2.8,22.2,0.567,0.248,0.537,1,1
Paul Pierce,"2005",6.6,4.2,2.1,21.6,0.583,0.182,0.549,1,0
LeBron James,"2005",7.4,7.2,2.9,27.2,0.554,0.203,0.512,1,1
Zydrunas Ilgauskas,"2005",8.6,1.3,2.8,16.9,0.55,0.149,0.512,1,0
Jermaine O'Neal,"2005",8.8,1.9,2.6,24.3,0.52,0.118,0.537,1,0
Antawn Jamison,"2005",7.6,2.3,1.0,19.6,0.506,0.1,0.549,1,0
Gilbert Arenas,"2005",4.7,5.1,2.0,25.5,0.565,0.169,0.549,1,1
Allen Iverson,"2005",4.0,7.9,2.5,30.7,0.532,0.136,0.524,1,1
Grant Hill,"2005",4.7,3.3,1.9,19.7,0.565,0.136,0.439,1,0
Kobe Bryant,"2005",5.9,6.0,2.1,27.6,0.563,0.145,0.415,1,1
Tim Duncan,"2006",11.0,3.2,2.9,18.6,0.523,0.187,0.768,1,1
Tony Parker,"2006",3.3,5.8,1.1,18.9,0.584,0.169,0.768,1,0
Ben Wallace,"2006",11.3,1.9,4.0,7.3,0.501,0.168,0.78,1,1
Chauncey Billups,"2006",3.1,8.6,1.0,18.5,0.602,0.254,0.78,1,1
Rasheed Wallace,"2006",6.8,2.3,2.7,15.1,0.527,0.154,0.78,1,0
Richard Hamilton,"2006",3.2,3.4,0.9,20.1,0.553,0.13,0.78,1,0
Dirk Nowitzki,"2006",9.0,2.8,1.7,26.6,0.589,0.275,0.732,1,1
Shawn Marion,"2006",11.8,1.8,3.7,21.8,0.591,0.214,0.659,1,1
Steve Nash,"2006",4.2,10.5,0.9,18.8,0.632,0.212,0.659,1,1
Pau Gasol,"2006",8.9,4.6,2.5,20.4,0.555,0.184,0.598,1,0
Dwyane Wade,"2006",5.7,6.7,2.7,27.2,0.577,0.239,0.634,1,1
Shaquille O'Neal,"2006",9.2,1.9,2.2,20.0,0.586,0.164,0.634,1,1
Kobe Bryant,"2006",5.3,4.5,2.2,35.4,0.559,0.224,0.549,1,1
LeBron James,"2006",7.0,6.6,2.4,31.4,0.568,0.232,0.61,1,1
Jermaine O'Neal,"2006",9.3,2.6,2.8,20.1,0.53,0.131,0.5,1,0
Gilbert Arenas,"2006",3.5,6.1,2.3,29.3,0.581,0.193,0.512,1,1
Elton Brand,"2006",10.0,2.6,3.6,24.7,0.58,0.229,0.573,1,1
Vince Carter,"2006",5.8,4.3,1.9,24.2,0.536,0.153,0.598,1,0
Carmelo Anthony,"2006",4.9,2.7,1.6,26.5,0.563,0.153,0.537,0,1
Tracy McGrady,"2006",6.5,4.8,2.1,24.4,0.494,0.112,0.415,1,0
Yao Ming,"2006",10.2,1.5,2.2,22.3,0.592,0.211,0.415,1,1
Paul Pierce,"2006",6.7,4.7,1.8,26.8,0.582,0.178,0.402,1,0
Kevin Garnett,"2006",12.7,4.1,2.8,21.8,0.589,0.242,0.402,1,0
Allen Iverson,"2006",3.2,7.4,2.1,33.0,0.543,0.165,0.463,1,1
Chris Bosh,"2006",9.2,2.6,1.8,22.5,0.585,0.17,0.329,1,0
Ray Allen,"2006",4.3,3.7,1.6,25.1,0.59,0.15,0.427,1,0
Tim Duncan,"2007",10.6,3.4,3.2,20.0,0.579,0.23,0.707,1,1
Tony Parker,"2007",3.2,5.5,1.1,18.6,0.572,0.185,0.707,1,0
Dirk Nowitzki,"2007",8.9,3.4,1.5,24.6,0.605,0.278,0.817,1,1
Josh Howard,"2007",6.8,1.8,2.0,18.9,0.548,0.173,0.817,1,0
Amar'e Stoudemire,"2007",9.6,1.0,2.3,20.4,0.637,0.201,0.744,1,1
Shawn Marion,"2007",9.8,1.7,3.5,17.5,0.594,0.191,0.744,1,0
Steve Nash,"2007",3.5,11.6,0.8,18.6,0.654,0.225,0.744,1,1
Tracy McGrady,"2007",5.3,6.5,1.8,24.6,0.515,0.163,0.634,1,1
Yao Ming,"2007",9.4,2.0,2.3,25.0,0.601,0.22,0.634,1,1
Chauncey Billups,"2007",3.4,7.2,1.4,17.0,0.591,0.216,0.646,1,1
Richard Hamilton,"2007",3.8,3.8,1.0,19.8,0.551,0.141,0.646,1,0
LeBron James,"2007",6.7,6.0,2.3,27.3,0.552,0.206,0.61,1,1
Carmelo Anthony,"2007",6.0,3.8,1.5,28.9,0.552,0.14,0.549,1,1
Chris Bosh,"2007",10.7,2.5,1.9,22.6,0.577,0.174,0.573,1,1
Dwight Howard,"2007",12.3,1.9,2.8,17.6,0.619,0.154,0.488,1,1
Kobe Bryant,"2007",5.7,5.4,1.9,31.6,0.58,0.199,0.512,1,1
Caron Butler,"2007",7.4,3.7,2.4,19.1,0.537,0.103,0.5,1,0
Gilbert Arenas,"2007",4.6,6.0,2.1,28.4,0.565,0.177,0.5,1,1
Jason Kidd,"2007",8.2,9.2,1.9,13.0,0.516,0.152,0.5,1,0
Vince Carter,"2007",6.0,4.8,1.4,25.2,0.559,0.161,0.5,1,0
Dwyane Wade,"2007",4.7,7.5,3.3,27.4,0.583,0.219,0.537,1,1
Shaquille O'Neal,"2007",7.4,2.0,1.6,17.3,0.567,0.119,0.537,1,0
Jermaine O'Neal,"2007",9.6,2.4,3.4,19.4,0.5,0.091,0.427,1,0
Ray Allen,"2007",4.5,4.1,1.7,26.4,0.564,0.136,0.378,1,0
Kevin Garnett,"2007",12.8,4.1,2.8,22.4,0.546,0.171,0.39,1,1
Joe Johnson,"2007",4.2,4.4,1.2,25.0,0.558,0.105,0.366,1,0
Kevin Garnett,"2008",9.2,3.4,2.7,18.8,0.588,0.265,0.805,1,1
Paul Pierce,"2008",5.1,4.5,1.7,19.6,0.599,0.207,0.805,1,1
Ray Allen,"2008",3.7,3.1,1.1,17.4,0.584,0.177,0.805,1,0
Chauncey Billups,"2008",2.7,6.8,1.5,17.0,0.619,0.257,0.72,1,0
Rasheed Wallace,"2008",6.6,1.8,2.9,12.7,0.523,0.155,0.72,1,0
Richard Hamilton,"2008",3.3,4.2,1.2,17.3,0.552,0.152,0.72,1,0
Kobe Bryant,"2008",6.3,5.4,2.3,28.3,0.576,0.208,0.695,1,1
Dwight Howard,"2008",14.2,1.3,3.0,20.7,0.619,0.2,0.634,1,1
Chris Paul,"2008",4.0,11.6,2.8,21.1,0.576,0.284,0.683,1,1
David West,"2008",8.9,2.3,2.1,20.6,0.535,0.14,0.683,1,0
Tim Duncan,"2008",11.3,2.8,2.7,19.3,0.546,0.201,0.683,1,1
Tracy McGrady,"2008",5.1,5.9,1.5,21.6,0.487,0.115,0.671,0,1
Yao Ming,"2008",10.8,2.3,2.5,22.0,0.587,0.196,0.671,1,1
Amar'e Stoudemire,"2008",9.1,1.5,2.9,25.2,0.656,0.262,0.671,1,1
Steve Nash,"2008",3.5,11.1,0.7,16.9,0.641,0.181,0.671,1,1
Dirk Nowitzki,"2008",8.6,3.5,1.6,23.6,0.585,0.223,0.622,1,1
Allen Iverson,"2008",3.0,7.1,2.1,26.4,0.567,0.163,0.61,1,0
Carmelo Anthony,"2008",7.4,3.4,1.8,25.7,0.568,0.14,0.61,1,0
Chris Bosh,"2008",8.7,2.6,1.9,22.3,0.588,0.2,0.5,1,0
Antawn Jamison,"2008",10.2,1.5,1.8,21.4,0.525,0.144,0.524,1,0
Caron Butler,"2008",6.7,4.9,2.6,20.3,0.558,0.15,0.524,1,0
LeBron James,"2008",7.9,7.2,2.9,30.0,0.568,0.242,0.549,1,1
Brandon Roy,"2008",4.7,5.8,1.3,19.1,0.531,0.138,0.5,1,0
Joe Johnson,"2008",4.5,5.8,1.2,21.7,0.535,0.1,0.451,1,0
Dwyane Wade,"2008",4.2,6.9,2.4,24.6,0.549,0.082,0.183,1,0
LeBron James,"2009",7.6,7.2,2.8,28.4,0.591,0.318,0.805,1,1
Mo Williams,"2009",3.4,4.1,1.0,17.8,0.588,0.165,0.805,1,0
Kevin Garnett,"2009",8.5,2.5,2.3,15.8,0.563,0.193,0.756,1,0
Paul Pierce,"2009",5.6,3.6,1.3,20.5,0.582,0.164,0.756,1,1
Ray Allen,"2009",3.5,2.8,1.0,18.2,0.624,0.186,0.756,1,0
Kobe Bryant,"2009",5.2,4.9,1.9,26.8,0.561,0.206,0.793,1,1
Pau Gasol,"2009",9.6,3.5,1.6,18.9,0.617,0.223,0.793,1,1
Dwight Howard,"2009",13.8,1.4,3.9,20.6,0.6,0.234,0.72,1,1
Jameer Nelson,"2009",3.5,5.4,1.3,16.7,0.612,0.22,0.72,1,0
Rashard Lewis,"2009",5.7,2.6,1.7,17.7,0.58,0.16,0.72,1,0
Brandon Roy,"2009",4.7,5.1,1.4,22.6,0.573,0.223,0.659,1,1
Yao Ming,"2009",9.9,1.8,2.3,19.7,0.618,0.196,0.646,1,1
Tim Duncan,"2009",10.7,3.5,2.2,19.3,0.549,0.191,0.659,1,1
Tony Parker,"2009",3.1,6.9,1.0,22.0,0.556,0.168,0.659,1,1
Carmelo Anthony,"2009",6.8,3.4,1.5,22.8,0.532,0.105,0.659,0,1
Dirk Nowitzki,"2009",8.4,2.4,1.5,25.9,0.564,0.171,0.61,1,1
Amar'e Stoudemire,"2009",8.1,2.0,2.0,21.4,0.617,0.149,0.561,1,0
Shaquille O'Neal,"2009",8.4,1.7,2.1,17.8,0.623,0.166,0.561,1,1
Joe Johnson,"2009",4.4,5.8,1.3,21.4,0.534,0.116,0.573,1,0
Chris Paul,"2009",5.5,11.0,2.9,22.8,0.599,0.292,0.598,1,1
David West,"2009",8.5,2.3,1.5,21.0,0.54,0.125,0.598,1,0
Dwyane Wade,"2009",5.0,7.5,3.5,30.2,0.574,0.232,0.524,1,1
Danny Granger,"2009",5.1,2.7,2.5,25.8,0.584,0.158,0.439,1,0
Devin Harris,"2009",3.3,6.9,1.8,21.3,0.563,0.145,0.415,1,0
Chris Bosh,"2009",10.0,2.5,1.9,22.7,0.569,0.159,0.402,1,0
Dwight Howard,"2010",13.2,1.8,3.7,18.3,0.63,0.223,0.72,1,1
LeBron James,"2010",7.3,8.6,2.7,29.7,0.604,0.299,0.744,1,1
Tim Duncan,"2010",10.1,3.2,2.1,17.9,0.56,0.215,0.61,1,1
Al Horford,"2010",9.9,2.3,1.9,14.2,0.594,0.183,0.646,1,0
Joe Johnson,"2010",4.6,4.9,1.1,21.3,0.538,0.14,0.646,1,1
Amar'e Stoudemire,"2010",8.9,1.0,1.6,23.1,0.615,0.181,0.659,1,1
Steve Nash,"2010",3.3,11.0,0.7,16.5,0.615,0.178,0.659,1,1
Kobe Bryant,"2010",5.4,5.0,1.8,27.0,0.545,0.16,0.695,1,1
Pau Gasol,"2010",11.3,3.4,2.3,18.3,0.593,0.22,0.695,1,1
Carmelo Anthony,"2010",6.6,3.2,1.7,28.2,0.548,0.145,0.646,1,1
Chauncey Billups,"2010",3.1,5.6,1.2,19.5,0.601,0.182,0.646,1,0
Kevin Garnett,"2010",7.3,2.7,1.8,14.3,0.569,0.171,0.61,1,0
Paul Pierce,"2010",4.4,3.1,1.6,18.3,0.613,0.165,0.61,1,0
Rajon Rondo,"2010",4.4,9.8,2.5,13.7,0.54,0.156,0.61,1,0
Brandon Roy,"2010",4.4,4.7,1.2,21.5,0.568,0.18,0.61,1,1
Kevin Durant,"2010",7.6,2.8,2.4,30.1,0.607,0.238,0.61,1,1
Dirk Nowitzki,"2010",7.7,2.7,1.8,25.0,0.578,0.194,0.671,1,1
Jason Kidd,"2010",5.6,9.1,2.3,10.3,0.577,0.148,0.671,1,0
Dwyane Wade,"2010",4.8,6.5,2.9,26.6,0.562,0.224,0.573,1,1
Andrew Bogut,"2010",10.2,1.8,3.1,15.9,0.54,0.161,0.561,0,1
Gerald Wallace,"2010",10.0,2.1,2.6,18.2,0.586,0.177,0.537,1,0
Zach Randolph,"2010",11.7,1.8,1.4,20.8,0.546,0.153,0.488,1,0
Derrick Rose,"2010",3.8,6.0,1.1,20.8,0.532,0.1,0.5,1,0
Chris Bosh,"2010",10.8,2.4,1.6,24.0,0.592,0.182,0.488,1,0
Chris Paul,"2010",4.2,10.7,2.3,18.7,0.584,0.204,0.451,1,0
David Lee,"2010",11.7,3.6,1.5,20.2,0.584,0.163,0.354,1,0
Chris Kaman,"2010",9.3,1.6,1.7,18.5,0.527,0.044,0.354,1,0
Chris Bosh,"2011",8.3,1.9,1.4,18.7,0.569,0.177,0.707,1,0
Dwyane Wade,"2011",6.4,4.6,2.6,25.5,0.581,0.218,0.707,1,1
LeBron James,"2011",7.5,7.0,2.2,26.7,0.594,0.244,0.707,1,1
Derrick Rose,"2011",4.1,7.7,1.7,25.0,0.55,0.208,0.756,1,1
Kobe Bryant,"2011",5.1,4.7,1.4,25.3,0.548,0.178,0.695,1,1
Pau Gasol,"2011",10.2,3.3,2.2,18.8,0.589,0.232,0.695,1,1
Manu Ginobili,"2011",3.7,4.9,1.9,17.4,0.581,0.195,0.744,1,0
Tim Duncan,"2011",8.9,2.7,2.6,13.4,0.537,0.171,0.744,1,0
Kevin Garnett,"2011",8.9,2.4,2.1,14.9,0.575,0.194,0.683,1,0
Paul Pierce,"2011",5.4,3.3,1.6,18.9,0.62,0.201,0.683,1,0
Rajon Rondo,"2011",4.4,11.2,2.4,10.6,0.495,0.126,0.683,1,0
Ray Allen,"2011",3.4,2.7,1.2,16.5,0.615,0.166,0.683,1,0
Dwight Howard,"2011",14.1,1.4,3.8,22.9,0.616,0.235,0.634,1,1
Dirk Nowitzki,"2011",7.0,2.6,1.2,23.0,0.612,0.213,0.695,1,1
Kevin Durant,"2011",6.8,2.7,2.1,27.7,0.589,0.189,0.671,1,1
Russell Westbrook,"2011",4.6,8.2,2.3,21.9,0.538,0.159,0.671,1,1
Zach Randolph,"2011",12.2,2.2,1.2,20.1,0.552,0.185,0.561,0,1
Yao Ming,"2011",5.4,0.8,1.6,10.2,0.579,0.147,0.524,1,0
LaMarcus Aldridge,"2011",8.8,2.1,2.2,21.8,0.549,0.166,0.585,0,1
Chris Paul,"2011",4.1,9.8,2.4,15.9,0.578,0.232,0.561,1,1
Amar'e Stoudemire,"2011",8.2,2.6,2.8,25.3,0.565,0.134,0.512,1,1
Al Horford,"2011",9.3,3.5,1.8,15.3,0.587,0.179,0.537,1,1
Joe Johnson,"2011",4.0,4.7,0.8,18.2,0.517,0.08,0.537,1,0
Blake Griffin,"2011",12.1,3.8,1.3,22.5,0.549,0.152,0.39,1,0
Kevin Love,"2011",15.2,2.5,1.0,20.2,0.593,0.21,0.207,1,0
Derrick Rose,"2012",3.4,7.9,1.6,21.8,0.532,0.211,0.758,1,0
Luol Deng,"2012",6.5,2.9,1.7,15.3,0.5,0.132,0.758,1,0
Tony Parker,"2012",2.9,7.7,1.0,18.3,0.539,0.177,0.758,1,1
Kevin Durant,"2012",8.0,3.5,2.5,28.0,0.61,0.23,0.712,1,1
Russell Westbrook,"2012",4.6,5.5,2.0,23.6,0.538,0.163,0.712,1,1
Chris Bosh,"2012",7.9,1.8,1.7,18.0,0.551,0.165,0.697,1,0
Dwyane Wade,"2012",4.8,4.6,3.0,22.1,0.559,0.227,0.697,1,1
LeBron James,"2012",7.9,6.2,2.7,27.1,0.605,0.298,0.697,1,1
Andre Iguodala,"2012",6.1,5.5,2.2,12.4,0.537,0.158,0.53,1,0
Joe Johnson,"2012",3.7,3.9,1.0,18.8,0.557,0.145,0.606,1,0
Roy Hibbert,"2012",8.8,1.7,2.5,12.8,0.539,0.154,0.636,1,0
Carmelo Anthony,"2012",6.3,3.6,1.6,22.6,0.525,0.16,0.545,1,1
Tyson Chandler,"2012",9.9,0.9,2.3,11.3,0.708,0.22,0.545,0,1
Paul Pierce,"2012",5.2,4.5,1.6,19.4,0.567,0.161,0.591,1,0
Rajon Rondo,"2012",4.8,11.7,1.8,11.9,0.483,0.121,0.591,1,1
Blake Griffin,"2012",10.9,3.2,1.5,20.7,0.557,0.185,0.606,1,1
Chris Paul,"2012",3.6,9.1,2.6,19.8,0.581,0.278,0.606,1,1
Marc Gasol,"2012",8.9,3.1,2.8,14.6,0.541,0.166,0.621,1,0
Andrew Bynum,"2012",11.8,1.4,2.4,18.7,0.594,0.183,0.621,1,1
Kobe Bryant,"2012",5.4,4.6,1.5,27.9,0.527,0.132,0.621,1,1
Dirk Nowitzki,"2012",6.7,2.2,1.2,21.6,0.564,0.175,0.545,1,1
Dwight Howard,"2012",14.5,1.9,3.6,20.6,0.569,0.179,0.561,1,1
Steve Nash,"2012",3.0,10.7,0.7,12.5,0.625,0.144,0.5,1,0
LaMarcus Aldridge,"2012",8.0,2.4,1.7,21.7,0.56,0.169,0.424,1,0
Kevin Love,"2012",13.3,2.0,1.4,26.0,0.568,0.223,0.394,1,1
Deron Williams,"2012",3.3,8.7,1.6,21.0,0.527,0.099,0.333,1,0
Kevin Durant,"2013",7.9,4.6,2.7,28.1,0.647,0.291,0.732,1,1
Russell Westbrook,"2013",5.2,7.4,2.1,23.2,0.532,0.195,0.732,1,1
Chris Bosh,"2013",6.8,1.7,2.3,16.6,0.592,0.175,0.805,1,0
Dwyane Wade,"2013",5.0,5.1,2.7,21.2,0.571,0.192,0.805,1,1
LeBron James,"2013",8.0,7.3,2.6,26.8,0.64,0.322,0.805,1,1
Blake Griffin,"2013",8.3,3.7,1.8,18.0,0.572,0.196,0.683,1,1
Chris Paul,"2013",3.7,9.7,2.6,16.9,0.594,0.287,0.683,1,1
Tim Duncan,"2013",9.9,2.7,3.4,17.8,0.554,0.191,0.707,1,1
Tony Parker,"2013",3.0,7.6,0.9,20.3,0.588,0.206,0.707,1,1
Carmelo Anthony,"2013",6.9,2.6,1.3,28.7,0.56,0.184,0.659,1,1
Tyson Chandler,"2013",10.7,0.9,1.8,10.4,0.671,0.207,0.659,1,0
Marc Gasol,"2013",7.8,4.0,2.7,14.1,0.559,0.197,0.683,0,1
Zach Randolph,"2013",11.2,1.4,1.2,15.4,0.506,0.145,0.683,1,0
Paul George,"2013",7.6,4.1,2.5,17.4,0.531,0.145,0.605,1,1
James Harden,"2013",4.9,5.8,2.3,25.9,0.6,0.206,0.549,1,1
Dwight Howard,"2013",12.4,1.4,3.6,17.1,0.573,0.134,0.549,1,1
Kobe Bryant,"2013",5.6,6.0,1.7,27.3,0.57,0.174,0.549,1,1
David Lee,"2013",11.2,3.5,1.1,18.5,0.561,0.15,0.573,1,1
Joakim Noah,"2013",11.1,4.0,3.3,11.9,0.534,0.145,0.549,1,0
Luol Deng,"2013",6.3,3.0,1.5,16.5,0.508,0.105,0.549,1,0
Kevin Garnett,"2013",7.8,2.3,2.1,14.8,0.535,0.133,0.506,1,0
Rajon Rondo,"2013",5.6,11.1,2.1,13.7,0.516,0.108,0.506,1,0
LaMarcus Aldridge,"2013",9.1,2.6,2.1,21.1,0.53,0.124,0.402,1,0
Jrue Holiday,"2013",4.2,8.0,2.0,17.7,0.496,0.055,0.415,1,0
Kyrie Irving,"2013",3.7,5.9,1.9,22.5,0.553,0.125,0.293,1,0
Tony Parker,"2014",2.3,5.7,0.7,16.7,0.555,0.141,0.756,1,1
Blake Griffin,"2014",9.5,3.9,1.8,24.1,0.583,0.205,0.695,1,1
Chris Paul,"2014",4.3,10.7,2.5,19.1,0.58,0.27,0.695,1,1
Kevin Durant,"2014",7.4,5.5,2.0,32.0,0.635,0.295,0.72,1,1
Chris Bosh,"2014",6.6,1.1,2.0,16.2,0.597,0.152,0.659,1,0
Dwyane Wade,"2014",4.5,4.7,2.0,19.0,0.588,0.149,0.659,1,0
LeBron James,"2014",6.9,6.3,1.9,27.1,0.649,0.264,0.659,1,1
Stephen Curry,"2014",4.3,8.5,1.8,24.0,0.61,0.225,0.622,1,1
Paul George,"2014",6.8,3.5,2.2,21.7,0.555,0.178,0.683,1,1
Roy Hibbert,"2014",6.6,1.1,2.6,10.8,0.499,0.108,0.683,1,0
Dwight Howard,"2014",12.2,1.8,2.6,18.3,0.6,0.161,0.659,1,1
James Harden,"2014",4.7,6.1,2.0,25.4,0.618,0.221,0.659,1,1
Damian Lillard,"2014",3.5,5.6,1.0,20.7,0.568,0.157,0.659,1,1
LaMarcus Aldridge,"2014",11.1,2.6,1.9,23.2,0.507,0.144,0.659,1,1
DeMar DeRozan,"2014",4.3,4.0,1.4,22.7,0.532,0.141,0.585,1,0
Goran Dragic,"2014",3.2,5.9,1.7,20.3,0.604,0.186,0.585,0,1
Kevin Love,"2014",12.5,4.4,1.2,26.1,0.591,0.245,0.488,1,1
Dirk Nowitzki,"2014",6.2,2.7,1.5,21.7,0.603,0.199,0.598,1,0
Joakim Noah,"2014",11.3,5.4,2.8,12.6,0.531,0.19,0.585,1,1
John Wall,"2014",4.1,8.8,2.3,19.3,0.524,0.128,0.537,1,0
Al Jefferson,"2014",10.8,2.1,2.0,21.8,0.532,0.146,0.524,0,1
Paul Millsap,"2014",8.5,3.1,2.8,17.9,0.545,0.129,0.463,1,0
Carmelo Anthony,"2014",8.1,3.1,1.9,27.4,0.561,0.172,0.451,1,0
Anthony Davis,"2014",10.0,1.6,4.1,20.8,0.582,0.212,0.415,1,0
Kyrie Irving,"2014",3.6,6.1,1.8,20.8,0.533,0.128,0.402,1,0
Kobe Bryant,"2014",4.3,6.3,1.3,13.8,0.505,-0.097,0.329,1,0
Klay Thompson,"2015",3.2,2.9,1.9,21.7,0.591,0.172,0.817,1,1
Stephen Curry,"2015",4.3,7.7,2.2,23.8,0.638,0.288,0.817,1,1
Blake Griffin,"2015",7.6,5.3,1.5,21.9,0.551,0.183,0.683,1,1
Chris Paul,"2015",4.6,10.2,2.1,19.1,0.596,0.27,0.683,1,1
DeAndre Jordan,"2015",15.0,0.7,3.2,11.5,0.638,0.217,0.683,0,1
Tim Duncan,"2015",9.1,3.0,2.8,13.9,0.56,0.207,0.671,1,1
Al Horford,"2015",7.2,3.2,2.2,15.2,0.563,0.179,0.732,1,0
Jeff Teague,"2015",2.5,7.0,2.1,15.9,0.566,0.166,0.732,1,0
Kyle Korver,"2015",4.1,2.6,1.3,12.1,0.699,0.148,0.732,1,0
Paul Millsap,"2015",7.8,3.1,2.7,16.7,0.565,0.166,0.732,1,0
Kyrie Irving,"2015",3.2,5.2,1.8,21.7,0.583,0.183,0.646,1,1
LeBron James,"2015",6.0,7.4,2.3,25.3,0.577,0.199,0.646,1,1
Damian Lillard,"2015",4.6,6.2,1.4,21.0,0.56,0.174,0.622,1,0
LaMarcus Aldridge,"2015",10.2,1.7,1.6,23.4,0.528,0.165,0.622,1,1
James Harden,"2015",5.7,7.0,2.6,27.4,0.605,0.265,0.683,1,1
Marc Gasol,"2015",7.8,3.8,2.5,17.4,0.558,0.182,0.671,1,1
Kyle Lowry,"2015",4.7,6.8,1.7,17.8,0.527,0.141,0.598,1,0
Jimmy Butler,"2015",5.8,3.3,2.3,20.0,0.583,0.214,0.61,1,0
Pau Gasol,"2015",11.8,2.7,2.2,18.5,0.55,0.187,0.61,1,1
Dirk Nowitzki,"2015",5.9,1.9,0.9,17.3,0.56,0.152,0.61,1,0
Kevin Durant,"2015",6.6,4.1,1.8,25.4,0.633,0.252,0.549,1,0
Russell Westbrook,"2015",7.3,8.6,2.3,28.1,0.536,0.222,0.549,1,1
Anthony Davis,"2015",10.2,2.2,4.4,24.4,0.591,0.274,0.549,1,1
John Wall,"2015",4.6,10.0,2.3,17.6,0.523,0.132,0.561,1,0
Chris Bosh,"2015",7.0,2.2,1.5,21.1,0.548,0.111,0.451,1,0
Dwyane Wade,"2015",3.5,4.8,1.5,21.5,0.534,0.086,0.451,1,0
DeMarcus Cousins,"2015",12.7,3.6,3.3,24.1,0.545,0.144,0.354,1,1
Kobe Bryant,"2015",5.7,5.6,1.5,22.3,0.477,0.006,0.256,1,0
Carmelo Anthony,"2015",6.6,3.1,1.4,24.2,0.531,0.097,0.207,1,0
Kawhi Leonard,"2016",6.8,2.6,2.8,21.2,0.616,0.277,0.817,1,1
LaMarcus Aldridge,"2016",8.5,1.5,1.6,18.0,0.565,0.215,0.817,1,1
Draymond Green,"2016",9.5,7.4,2.9,14.0,0.587,0.19,0.89,1,1
Klay Thompson,"2016",3.8,2.1,1.4,22.1,0.597,0.144,0.89,1,1
Stephen Curry,"2016",5.4,6.7,2.3,30.1,0.669,0.318,0.89,1,1
Kevin Durant,"2016",8.2,5.0,2.1,28.2,0.634,0.27,0.671,1,1
Russell Westbrook,"2016",7.8,10.4,2.3,23.5,0.554,0.245,0.671,1,1
LeBron James,"2016",7.4,6.8,2.0,25.3,0.588,0.242,0.695,1,1
DeMar DeRozan,"2016",4.5,4.0,1.3,23.5,0.55,0.169,0.683,1,0
Kyle Lowry,"2016",4.7,6.4,2.5,21.2,0.578,0.196,0.683,1,1
Chris Paul,"2016",4.2,10.0,2.2,19.5,0.575,0.253,0.646,1,1
DeAndre Jordan,"2016",13.8,1.2,3.0,12.7,0.628,0.213,0.646,0,1
Al Horford,"2016",7.3,3.2,2.3,15.2,0.565,0.172,0.585,1,0
Paul Millsap,"2016",9.0,3.3,3.5,17.1,0.556,0.183,0.585,1,0
Isaiah Thomas,"2016",3.0,6.2,1.2,22.2,0.562,0.177,0.585,1,0
Chris Bosh,"2016",7.4,2.4,1.3,19.1,0.571,0.172,0.585,1,0
Dwyane Wade,"2016",4.1,4.6,1.6,19.0,0.517,0.105,0.585,1,0
Paul George,"2016",7.0,4.1,2.2,23.1,0.557,0.157,0.549,1,1
Damian Lillard,"2016",4.0,6.8,1.2,25.1,0.56,0.165,0.537,0,1
Andre Drummond,"2016",14.8,0.8,2.9,16.2,0.499,0.133,0.537,1,1
James Harden,"2016",6.1,7.5,2.3,29.0,0.598,0.204,0.5,1,0
John Wall,"2016",4.9,10.2,2.6,19.9,0.51,0.098,0.5,1,0
Jimmy Butler,"2016",5.3,4.8,2.3,20.9,0.562,0.177,0.512,1,0
Pau Gasol,"2016",11.0,4.1,2.6,16.5,0.529,0.149,0.512,1,0
DeMarcus Cousins,"2016",11.5,3.3,3.0,26.9,0.538,0.122,0.402,1,1
Carmelo Anthony,"2016",7.7,4.2,1.4,21.8,0.53,0.121,0.39,1,0
Anthony Davis,"2016",10.3,1.9,3.3,24.3,0.559,0.16,0.366,1,0
Kobe Bryant,"2016",3.7,2.8,1.1,17.6,0.469,-0.01,0.207,1,0
Draymond Green,"2017",7.9,7.0,3.4,10.2,0.522,0.16,0.817,1,1
Kevin Durant,"2017",8.3,4.8,2.7,25.1,0.651,0.278,0.817,1,1
Klay Thompson,"2017",3.7,2.1,1.4,22.3,0.592,0.129,0.817,1,0
Stephen Curry,"2017",4.5,6.6,2.0,25.3,0.624,0.229,0.817,1,1
Kawhi Leonard,"2017",5.8,3.5,2.5,25.5,0.61,0.264,0.744,1,1
James Harden,"2017",8.1,11.2,2.0,29.1,0.613,0.245,0.671,1,1
DeMar DeRozan,"2017",5.2,3.9,1.2,27.3,0.552,0.166,0.622,1,1
Kyle Lowry,"2017",4.8,7.0,1.8,22.4,0.623,0.216,0.622,1,0
DeAndre Jordan,"2017",13.8,1.2,2.3,12.7,0.673,0.221,0.622,1,1
Kevin Love,"2017",11.1,1.9,1.2,19.0,0.573,0.163,0.622,1,0
Kyrie Irving,"2017",3.2,5.8,1.5,25.2,0.58,0.17,0.622,1,0
LeBron James,"2017",8.6,8.7,1.8,26.4,0.619,0.221,0.622,1,1
Isaiah Thomas,"2017",2.7,5.9,1.1,28.9,0.625,0.234,0.646,1,1
John Wall,"2017",4.2,10.7,2.6,23.1,0.541,0.149,0.598,1,1
Russell Westbrook,"2017",10.7,10.4,2.0,31.6,0.554,0.224,0.573,1,1
Marc Gasol,"2017",6.3,4.6,2.2,19.5,0.554,0.145,0.524,1,0
Jimmy Butler,"2017",6.2,5.5,2.3,23.9,0.586,0.236,0.5,1,1
Kemba Walker,"2017",3.9,5.5,1.4,23.2,0.569,0.142,0.439,1,0
Paul George,"2017",6.6,3.3,1.9,23.7,0.587,0.126,0.512,1,0
Giannis Antetokounmpo,"2017",8.8,5.4,3.5,22.9,0.599,0.21,0.512,1,1
Paul Millsap,"2017",7.7,3.7,2.2,18.1,0.542,0.132,0.524,1,0
Anthony Davis,"2017",11.8,2.1,3.5,28.0,0.58,0.195,0.415,1,1
Carmelo Anthony,"2017",5.9,2.9,1.3,22.4,0.535,0.089,0.378,1,0
James Harden,"2018",5.4,8.8,2.4,30.4,0.619,0.289,0.793,1,1
DeMar DeRozan,"2018",3.9,5.2,1.3,23.0,0.555,0.17,0.72,1,1
Kyle Lowry,"2018",5.6,6.9,1.3,16.2,0.598,0.194,0.72,1,0
Draymond Green,"2018",7.6,7.3,2.7,11.0,0.556,0.127,0.707,1,0
Kevin Durant,"2018",6.8,5.4,2.5,26.4,0.64,0.215,0.707,1,1
Klay Thompson,"2018",3.8,2.5,1.2,20.0,0.598,0.094,0.707,1,0
Stephen Curry,"2018",5.1,6.1,1.7,26.4,0.675,0.267,0.707,1,1
Joel Embiid,"2018",11.0,3.2,2.4,22.9,0.573,0.155,0.634,1,1
Al Horford,"2018",7.4,4.7,1.7,12.9,0.575,0.165,0.671,1,0
Kyrie Irving,"2018",3.8,5.1,1.4,24.4,0.61,0.222,0.671,1,0
Paul George,"2018",5.7,3.3,2.5,21.9,0.57,0.147,0.585,1,1
Russell Westbrook,"2018",10.1,10.3,2.1,25.4,0.524,0.166,0.585,1,1
LaMarcus Aldridge,"2018",8.5,2.0,1.8,23.1,0.57,0.209,0.573,1,1
Damian Lillard,"2018",4.5,6.6,1.4,26.9,0.594,0.227,0.598,1,1
Jimmy Butler,"2018",5.3,4.9,2.4,22.2,0.59,0.198,0.573,1,1
Karl-Anthony Towns,"2018",12.3,2.4,2.2,21.3,0.646,0.23,0.573,1,1
Victor Oladipo,"2018",5.2,4.3,3.1,23.1,0.577,0.155,0.585,1,1
Anthony Davis,"2018",11.1,2.3,4.1,28.1,0.612,0.241,0.585,1,1
DeMarcus Cousins,"2018",12.9,5.4,3.2,25.2,0.583,0.13,0.585,1,0
Kevin Love,"2018",9.3,1.7,1.1,17.6,0.614,0.185,0.61,1,0
LeBron James,"2018",8.6,9.1,2.3,27.5,0.621,0.221,0.61,1,1
Bradley Beal,"2018",4.4,4.5,1.6,22.6,0.564,0.111,0.524,1,0
John Wall,"2018",3.7,9.6,2.5,19.4,0.515,0.092,0.524,1,0
Goran Dragic,"2018",4.1,4.8,1.0,17.3,0.543,0.106,0.537,1,0
Kemba Walker,"2018",3.1,5.6,1.4,22.1,0.572,0.15,0.439,1,0
Andre Drummond,"2018",16.0,3.0,3.1,15.0,0.555,0.189,0.476,1,0
Giannis Antetokounmpo,"2018",10.0,4.8,2.9,26.9,0.598,0.207,0.537,1,1
Kristaps Porzingis,"2018",6.6,1.2,3.1,22.7,0.539,0.099,0.354,1,0
Giannis Antetokounmpo,"2019",12.5,5.9,2.8,27.7,0.644,0.292,0.732,1,1
Khris Middleton,"2019",6.0,4.3,1.1,18.3,0.558,0.123,0.732,1,0
Kevin Durant,"2019",6.4,5.9,1.8,26.0,0.631,0.204,0.695,1,1
Klay Thompson,"2019",3.8,2.4,1.7,21.5,0.571,0.095,0.695,1,0
Stephen Curry,"2019",5.3,5.2,1.7,27.3,0.641,0.199,0.695,1,1
Kawhi Leonard,"2019",7.3,3.3,2.2,26.6,0.606,0.224,0.707,1,1
Kyle Lowry,"2019",4.8,8.7,1.9,14.2,0.562,0.144,0.707,1,0
James Harden,"2019",6.6,7.5,2.8,36.1,0.616,0.254,0.646,1,1
Kyrie Irving,"2019",5.0,6.9,2.0,23.8,0.592,0.197,0.598,1,1
Damian Lillard,"2019",4.6,6.9,1.5,25.8,0.588,0.205,0.646,1,1
Nikola Jokic,"2019",10.8,7.3,2.0,20.1,0.589,0.226,0.659,1,1
Victor Oladipo,"2019",5.6,5.2,2.0,18.8,0.519,0.097,0.585,1,0
Paul George,"2019",8.2,4.1,2.6,28.0,0.583,0.201,0.598,1,1
Russell Westbrook,"2019",11.1,10.7,2.4,22.9,0.501,0.124,0.598,1,1
Ben Simmons,"2019",8.8,7.7,2.2,16.9,0.582,0.146,0.622,1,0
Joel Embiid,"2019",13.6,3.7,2.6,27.5,0.593,0.194,0.622,1,1
LaMarcus Aldridge,"2019",9.2,2.4,1.9,21.3,0.576,0.167,0.585,1,0
Nikola Vucevic,"2019",12.0,3.8,2.1,20.8,0.573,0.193,0.512,1,0
Blake Griffin,"2019",7.5,5.4,1.1,24.5,0.581,0.147,0.5,1,1
Dwyane Wade,"2019",4.0,4.2,1.3,15.0,0.51,0.061,0.476,1,0
Kemba Walker,"2019",4.4,5.9,1.7,25.6,0.558,0.123,0.476,1,1
Anthony Davis,"2019",12.0,3.9,4.0,25.9,0.597,0.247,0.402,1,0
Dirk Nowitzki,"2019",3.1,0.7,0.5,7.3,0.469,0.016,0.402,1,0
Karl-Anthony Towns,"2019",12.4,3.4,2.5,24.4,0.622,0.197,0.439,1,0
LeBron James,"2019",8.5,8.3,1.9,27.4,0.588,0.179,0.451,1,1
Bradley Beal,"2019",5.0,5.5,2.2,25.6,0.581,0.12,0.39,1,0
Giannis Antetokounmpo,"2020",13.6,5.6,2.0,29.5,0.613,0.279,0.767,1,1
Khris Middleton,"2020",6.2,4.3,1.0,20.9,0.619,0.205,0.767,1,0
Jayson Tatum,"2020",7.0,3.0,2.3,23.4,0.567,0.146,0.667,1,1
Kemba Walker,"2020",3.9,4.8,1.4,20.4,0.575,0.162,0.667,1,0
Kawhi Leonard,"2020",7.1,4.9,2.4,27.1,0.589,0.226,0.681,1,1
Kyle Lowry,"2020",5.0,7.5,1.9,19.4,0.59,0.171,0.736,1,0
Pascal Siakam,"2020",7.3,3.5,1.9,22.9,0.554,0.123,0.736,1,1
Anthony Davis,"2020",9.3,3.2,3.8,26.1,0.61,0.25,0.732,1,1
LeBron James,"2020",7.8,10.2,1.7,25.3,0.577,0.204,0.732,1,1
Luka Doncic,"2020",9.4,8.8,1.2,28.8,0.585,0.207,0.573,1,1
Bam Adebayo,"2020",10.2,5.1,2.4,15.9,0.598,0.168,0.603,1,0
Jimmy Butler,"2020",6.7,6.0,2.3,19.9,0.585,0.221,0.603,1,1
James Harden,"2020",6.6,7.5,2.7,34.3,0.626,0.254,0.611,1,1
Russell Westbrook,"2020",7.9,7.0,2.0,27.2,0.536,0.098,0.611,1,1
Ben Simmons,"2020",7.8,8.0,2.7,16.4,0.602,0.165,0.589,1,1
Joel Embiid,"2020",11.6,3.0,2.2,23.0,0.59,0.192,0.589,1,0
Nikola Jokic,"2020",9.7,7.0,1.8,19.9,0.605,0.202,0.63,1,1
Domantas Sabonis,"2020",12.4,5.0,1.2,18.5,0.586,0.168,0.616,1,0
Chris Paul,"2020",5.0,6.7,1.7,17.6,0.61,0.193,0.611,1,1
Devin Booker,"2020",4.2,6.5,1.0,26.6,0.618,0.143,0.466,1,0
Damian Lillard,"2020",4.3,8.0,1.4,30.0,0.627,0.225,0.473,1,1
Brandon Ingram,"2020",6.1,4.2,1.6,23.8,0.587,0.115,0.417,1,0
Trae Young,"2020",4.3,9.3,1.2,29.6,0.595,0.133,0.299,1,0
Kawhi Leonard,"2021",6.5,5.2,2.0,24.8,0.622,0.238,0.653,1,1
Paul George,"2021",6.6,5.2,1.6,23.3,0.598,0.139,0.653,1,1
Chris Paul,"2021",4.5,8.9,1.7,16.4,0.599,0.201,0.708,1,1
Devin Booker,"2021",4.2,4.3,1.0,25.6,0.587,0.104,0.708,1,0
Giannis Antetokounmpo,"2021",11.0,5.9,2.4,28.1,0.633,0.244,0.639,1,1
Ben Simmons,"2021",7.2,6.9,2.2,14.3,0.584,0.153,0.681,1,0
Joel Embiid,"2021",10.6,2.8,2.3,28.5,0.636,0.266,0.681,1,1
Nikola Jokic,"2021",10.8,8.3,2.0,26.4,0.647,0.301,0.653,1,1
Anthony Davis,"2021",7.9,3.1,2.9,21.8,0.556,0.152,0.583,1,0
LeBron James,"2021",7.7,7.8,1.6,25.0,0.602,0.179,0.583,1,1
Luka Doncic,"2021",8.0,8.6,1.5,27.7,0.587,0.163,0.583,1,1
Julius Randle,"2021",10.2,6.0,1.2,24.1,0.567,0.14,0.569,1,1
Damian Lillard,"2021",4.2,7.5,1.2,28.8,0.623,0.209,0.583,1,1
Jaylen Brown,"2021",6.0,3.4,1.8,24.7,0.586,0.115,0.5,1,0
Jayson Tatum,"2021",7.4,4.3,1.7,26.4,0.576,0.137,0.5,1,0
Stephen Curry,"2021",5.5,5.8,1.3,32.0,0.655,0.201,0.542,1,1
Jimmy Butler,"2021",6.9,7.1,2.4,21.5,0.607,0.255,0.556,0,1
Domantas Sabonis,"2021",12.0,6.7,1.8,20.3,0.601,0.149,0.472,1,0
Zion Williamson,"2021",7.2,3.7,1.6,27.0,0.649,0.205,0.431,1,0
Zach LaVine,"2021",5.0,4.9,1.3,27.4,0.634,0.138,0.431,1,0
Bradley Beal,"2021",4.7,4.4,1.5,31.3,0.593,0.132,0.472,1,1
