Name,Season,All Star Status
Ralph Beard,1951,1
Vince Boryla,1951,1
Alex Groza,1951,1
Fred Schaus,1951,1
Frank Brian,1951,1
Frank Brian,1952,1
Dwight Eddleman,1951,1
Dwight Eddleman,1952,1
Joe Fulks,1951,1
Joe Fulks,1952,1
Red Rocha,1951,1
Red Rocha,1952,1
Jim Pollard,1951,1
Jim Pollard,1952,1
Jim Pollard,1954,1
Jim Pollard,1955,1
Dick McGuire,1951,1
Dick McGuire,1952,1
Dick McGuire,1954,1
Dick McGuire,1955,1
Dick McGuire,1956,1
Dick McGuire,1958,1
Dick McGuire,1959,1
Paul Arizin,1951,1
Paul Arizin,1952,1
Paul Arizin,1955,1
Paul Arizin,1956,1
Paul Arizin,1957,1
Paul Arizin,1958,1
Paul Arizin,1959,1
Paul Arizin,1960,1
Paul Arizin,1961,1
Paul Arizin,1962,1
Vern Mikkelsen,1951,1
Vern Mikkelsen,1952,1
Vern Mikkelsen,1953,1
Vern Mikkelsen,1955,1
Vern Mikkelsen,1956,1
Vern Mikkelsen,1957,1
Bob Davies,1951,1
Bob Davies,1952,1
Bob Davies,1953,1
Bob Davies,1954,1
George Mikan,1951,1
George Mikan,1952,1
George Mikan,1953,1
George Mikan,1954,1
Andy Phillip,1951,1
Andy Phillip,1952,1
Andy Phillip,1953,1
Andy Phillip,1954,1
Andy Phillip,1955,1
Larry Foust,1951,1
Larry Foust,1952,1
Larry Foust,1953,1
Larry Foust,1954,1
Larry Foust,1955,1
Larry Foust,1956,1
Larry Foust,1958,1
Larry Foust,1959,1
Harry Gallatin,1951,1
Harry Gallatin,1952,1
Harry Gallatin,1953,1
Harry Gallatin,1954,1
Harry Gallatin,1955,1
Harry Gallatin,1956,1
Harry Gallatin,1957,1
Ed Macauley,1951,1
Ed Macauley,1952,1
Ed Macauley,1953,1
Ed Macauley,1954,1
Ed Macauley,1955,1
Ed Macauley,1956,1
Ed Macauley,1957,1
Dolph Schayes,1951,1
Dolph Schayes,1952,1
Dolph Schayes,1953,1
Dolph Schayes,1954,1
Dolph Schayes,1955,1
Dolph Schayes,1956,1
Dolph Schayes,1957,1
Dolph Schayes,1958,1
Dolph Schayes,1959,1
Dolph Schayes,1960,1
Dolph Schayes,1961,1
Dolph Schayes,1962,1
Bob Cousy,1951,1
Bob Cousy,1952,1
Bob Cousy,1953,1
Bob Cousy,1954,1
Bob Cousy,1955,1
Bob Cousy,1956,1
Bob Cousy,1957,1
Bob Cousy,1958,1
Bob Cousy,1959,1
Bob Cousy,1960,1
Bob Cousy,1961,1
Bob Cousy,1962,1
Bob Cousy,1963,1
Paul Walther,1952,1
Max Zaslofsky,1952,1
Leo Barnhorst,1952,1
Leo Barnhorst,1953,1
Fred Scolari,1952,1
Fred Scolari,1953,1
Arnie Risen,1952,1
Arnie Risen,1953,1
Arnie Risen,1954,1
Arnie Risen,1955,1
Bobby Wanzer,1952,1
Bobby Wanzer,1953,1
Bobby Wanzer,1954,1
Bobby Wanzer,1955,1
Bobby Wanzer,1956,1
Don Barksdale,1953,1
Billy Gabor,1953,1
Mel Hutchins,1953,1
Mel Hutchins,1954,1
Mel Hutchins,1956,1
Mel Hutchins,1957,1
Paul Seymour,1953,1
Paul Seymour,1954,1
Paul Seymour,1955,1
Carl Braun,1953,1
Carl Braun,1954,1
Carl Braun,1955,1
Carl Braun,1956,1
Carl Braun,1957,1
Neil Johnston,1953,1
Neil Johnston,1954,1
Neil Johnston,1955,1
Neil Johnston,1956,1
Neil Johnston,1957,1
Neil Johnston,1958,1
Slater Martin,1953,1
Slater Martin,1954,1
Slater Martin,1955,1
Slater Martin,1956,1
Slater Martin,1957,1
Slater Martin,1958,1
Slater Martin,1959,1
Bill Sharman,1953,1
Bill Sharman,1954,1
Bill Sharman,1955,1
Bill Sharman,1956,1
Bill Sharman,1957,1
Bill Sharman,1958,1
Bill Sharman,1959,1
Bill Sharman,1960,1
Ray Felix,1954,1
Jack Molinas,1954,1
Don Sunderlage,1954,1
Jack Coleman,1955,1
George Yardley,1955,1
George Yardley,1956,1
George Yardley,1957,1
George Yardley,1958,1
George Yardley,1959,1
George Yardley,1960,1
Bob Pettit,1955,1
Bob Pettit,1956,1
Bob Pettit,1957,1
Bob Pettit,1958,1
Bob Pettit,1959,1
Bob Pettit,1960,1
Bob Pettit,1961,1
Bob Pettit,1962,1
Bob Pettit,1963,1
Bob Pettit,1964,1
Bob Pettit,1965,1
Frank Selvy,1955,1
Frank Selvy,1962,1
Bob Harrison,1956,1
Jack George,1956,1
Jack George,1957,1
Clyde Lovellette,1956,1
Clyde Lovellette,1957,1
Clyde Lovellette,1960,1
Clyde Lovellette,1961,1
Maurice Stokes,1956,1
Maurice Stokes,1957,1
Maurice Stokes,1958,1
Johnny Kerr,1956,1
Johnny Kerr,1959,1
Johnny Kerr,1963,1
Nathaniel Clifton,1957,1
Richie Regan,1957,1
Dick Garmaker,1957,1
Dick Garmaker,1958,1
Dick Garmaker,1959,1
Dick Garmaker,1960,1
Jack Twyman,1957,1
Jack Twyman,1958,1
Jack Twyman,1959,1
Jack Twyman,1960,1
Jack Twyman,1962,1
Jack Twyman,1963,1
Tom Heinsohn,1957,1
Tom Heinsohn,1961,1
Tom Heinsohn,1962,1
Tom Heinsohn,1963,1
Tom Heinsohn,1964,1
Tom Heinsohn,1965,1
Ken Sears,1958,1
Ken Sears,1959,1
Cliff Hagan,1958,1
Cliff Hagan,1959,1
Cliff Hagan,1960,1
Cliff Hagan,1961,1
Cliff Hagan,1962,1
Gene Shue,1958,1
Gene Shue,1959,1
Gene Shue,1960,1
Gene Shue,1961,1
Gene Shue,1962,1
Larry Costello,1958,1
Larry Costello,1959,1
Larry Costello,1960,1
Larry Costello,1961,1
Larry Costello,1962,1
Larry Costello,1965,1
Richie Guerin,1958,1
Richie Guerin,1959,1
Richie Guerin,1960,1
Richie Guerin,1961,1
Richie Guerin,1962,1
Richie Guerin,1963,1
Bill Russell,1958,1
Bill Russell,1959,1
Bill Russell,1960,1
Bill Russell,1961,1
Bill Russell,1962,1
Bill Russell,1963,1
Bill Russell,1964,1
Bill Russell,1965,1
Bill Russell,1966,1
Bill Russell,1967,1
Bill Russell,1968,1
Bill Russell,1969,1
Willie Naulls,1958,1
Willie Naulls,1960,1
Willie Naulls,1961,1
Willie Naulls,1962,1
Woody Sauldsberry,1959,1
Elgin Baylor,1959,1
Elgin Baylor,1960,1
Elgin Baylor,1961,1
Elgin Baylor,1962,1
Elgin Baylor,1963,1
Elgin Baylor,1964,1
Elgin Baylor,1965,1
Elgin Baylor,1967,1
Elgin Baylor,1968,1
Elgin Baylor,1969,1
Elgin Baylor,1970,1
Chuck Noble,1960,1
Walter Dukes,1960,1
Walter Dukes,1961,1
Rod Hundley,1960,1
Rod Hundley,1961,1
Tom Gola,1960,1
Tom Gola,1961,1
Tom Gola,1962,1
Tom Gola,1963,1
Tom Gola,1964,1
Wilt Chamberlain,1960,1
Wilt Chamberlain,1961,1
Wilt Chamberlain,1962,1
Wilt Chamberlain,1963,1
Wilt Chamberlain,1964,1
Wilt Chamberlain,1965,1
Wilt Chamberlain,1966,1
Wilt Chamberlain,1967,1
Wilt Chamberlain,1968,1
Wilt Chamberlain,1969,1
Wilt Chamberlain,1971,1
Wilt Chamberlain,1972,1
Wilt Chamberlain,1973,1
Bailey Howell,1961,1
Bailey Howell,1962,1
Bailey Howell,1963,1
Bailey Howell,1964,1
Bailey Howell,1966,1
Bailey Howell,1967,1
Wayne Embry,1961,1
Wayne Embry,1962,1
Wayne Embry,1963,1
Wayne Embry,1964,1
Wayne Embry,1965,1
Hal Greer,1961,1
Hal Greer,1962,1
Hal Greer,1963,1
Hal Greer,1964,1
Hal Greer,1965,1
Hal Greer,1966,1
Hal Greer,1967,1
Hal Greer,1968,1
Hal Greer,1969,1
Hal Greer,1970,1
Oscar Robertson,1961,1
Oscar Robertson,1962,1
Oscar Robertson,1963,1
Oscar Robertson,1964,1
Oscar Robertson,1965,1
Oscar Robertson,1966,1
Oscar Robertson,1967,1
Oscar Robertson,1968,1
Oscar Robertson,1969,1
Oscar Robertson,1970,1
Oscar Robertson,1971,1
Oscar Robertson,1972,1
Jerry West,1961,1
Jerry West,1962,1
Jerry West,1963,1
Jerry West,1964,1
Jerry West,1965,1
Jerry West,1966,1
Jerry West,1967,1
Jerry West,1968,1
Jerry West,1969,1
Jerry West,1970,1
Jerry West,1971,1
Jerry West,1972,1
Jerry West,1973,1
Jerry West,1974,1
Johnny Green,1962,1
Johnny Green,1963,1
Johnny Green,1965,1
Johnny Green,1971,1
Rudy LaRusso,1962,1
Rudy LaRusso,1963,1
Rudy LaRusso,1966,1
Rudy LaRusso,1968,1
Rudy LaRusso,1969,1
Walt Bellamy,1962,1
Walt Bellamy,1963,1
Walt Bellamy,1964,1
Walt Bellamy,1965,1
Sam Jones,1962,1
Sam Jones,1964,1
Sam Jones,1965,1
Sam Jones,1966,1
Sam Jones,1968,1
Tom Meschery,1963,1
Lee Shaffer,1963,1
Guy Rodgers,1963,1
Guy Rodgers,1964,1
Guy Rodgers,1966,1
Guy Rodgers,1967,1
Terry Dischinger,1963,1
Terry Dischinger,1964,1
Terry Dischinger,1965,1
Lenny Wilkens,1963,1
Lenny Wilkens,1964,1
Lenny Wilkens,1965,1
Lenny Wilkens,1967,1
Lenny Wilkens,1968,1
Lenny Wilkens,1969,1
Lenny Wilkens,1970,1
Lenny Wilkens,1971,1
Lenny Wilkens,1973,1
Don Ohl,1963,1
Don Ohl,1964,1
Don Ohl,1965,1
Don Ohl,1966,1
Don Ohl,1967,1
Len Chappell,1964,1
Jerry Lucas,1964,1
Jerry Lucas,1965,1
Jerry Lucas,1966,1
Jerry Lucas,1967,1
Jerry Lucas,1968,1
Jerry Lucas,1969,1
Jerry Lucas,1971,1
Chet Walker,1964,1
Chet Walker,1966,1
Chet Walker,1967,1
Chet Walker,1970,1
Chet Walker,1971,1
Chet Walker,1973,1
Chet Walker,1974,1
Lucious Jackson,1965,1
Nate Thurmond,1965,1
Nate Thurmond,1966,1
Nate Thurmond,1967,1
Nate Thurmond,1968,1
Nate Thurmond,1970,1
Nate Thurmond,1973,1
Nate Thurmond,1974,1
Willis Reed,1965,1
Willis Reed,1966,1
Willis Reed,1967,1
Willis Reed,1968,1
Willis Reed,1969,1
Willis Reed,1970,1
Willis Reed,1971,1
Gus Johnson,1965,1
Gus Johnson,1968,1
Gus Johnson,1969,1
Gus Johnson,1970,1
Gus Johnson,1971,1
Eddie Miles,1966,1
Adrian Smith,1966,1
Rick Barry,1966,1
Rick Barry,1967,1
Rick Barry,1973,1
Rick Barry,1974,1
Rick Barry,1975,1
Rick Barry,1976,1
Rick Barry,1977,1
Rick Barry,1978,1
Dave DeBusschere,1966,1
Dave DeBusschere,1967,1
Dave DeBusschere,1968,1
Dave DeBusschere,1970,1
Dave DeBusschere,1971,1
Dave DeBusschere,1972,1
Dave DeBusschere,1973,1
Dave DeBusschere,1974,1
John Havlicek,1966,1
John Havlicek,1967,1
John Havlicek,1968,1
John Havlicek,1969,1
John Havlicek,1970,1
John Havlicek,1971,1
John Havlicek,1972,1
John Havlicek,1973,1
John Havlicek,1974,1
John Havlicek,1975,1
John Havlicek,1976,1
John Havlicek,1977,1
John Havlicek,1978,1
Zelmo Beaty,1966,1
Zelmo Beaty,1968,1
Darrall Imhoff,1967,1
Bill Bridges,1967,1
Bill Bridges,1968,1
Bill Bridges,1970,1
Jerry Sloan,1967,1
Jerry Sloan,1969,1
Dick Barnett,1968,1
Bob Boozer,1968,1
Walt Hazzard,1968,1
Jim King,1968,1
Clyde Lee,1968,1
Don Kojis,1968,1
Don Kojis,1969,1
Dave Bing,1968,1
Dave Bing,1969,1
Dave Bing,1971,1
Dave Bing,1973,1
Dave Bing,1974,1
Dave Bing,1975,1
Dave Bing,1976,1
Archie Clark,1968,1
Archie Clark,1972,1
Jon McGlocklin,1969,1
Joe Caldwell,1969,1
Joe Caldwell,1970,1
Jeff Mullins,1969,1
Jeff Mullins,1970,1
Jeff Mullins,1971,1
Dick Van Arsdale,1969,1
Dick Van Arsdale,1970,1
Dick Van Arsdale,1971,1
Billy Cunningham,1969,1
Billy Cunningham,1970,1
Billy Cunningham,1971,1
Billy Cunningham,1972,1
Lou Hudson,1969,1
Lou Hudson,1970,1
Lou Hudson,1971,1
Lou Hudson,1972,1
Lou Hudson,1973,1
Lou Hudson,1974,1
Elvin Hayes,1969,1
Elvin Hayes,1970,1
Elvin Hayes,1971,1
Elvin Hayes,1972,1
Elvin Hayes,1973,1
Elvin Hayes,1974,1
Elvin Hayes,1975,1
Elvin Hayes,1976,1
Elvin Hayes,1977,1
Elvin Hayes,1978,1
Elvin Hayes,1979,1
Elvin Hayes,1980,1
Wes Unseld,1969,1
Wes Unseld,1971,1
Wes Unseld,1972,1
Wes Unseld,1973,1
Wes Unseld,1975,1
Earl Monroe,1969,1
Earl Monroe,1971,1
Earl Monroe,1975,1
Earl Monroe,1977,1
Gail Goodrich,1969,1
Gail Goodrich,1972,1
Gail Goodrich,1973,1
Gail Goodrich,1974,1
Gail Goodrich,1975,1
Flynn Robinson,1970,1
Bob Rule,1970,1
Tom Van Arsdale,1970,1
Tom Van Arsdale,1971,1
Tom Van Arsdale,1972,1
Connie Hawkins,1970,1
Connie Hawkins,1971,1
Connie Hawkins,1972,1
Connie Hawkins,1973,1
Walt Frazier,1970,1
Walt Frazier,1971,1
Walt Frazier,1972,1
Walt Frazier,1973,1
Walt Frazier,1974,1
Walt Frazier,1975,1
Walt Frazier,1976,1
Kareem Abdul-Jabbar,1970,1
Kareem Abdul-Jabbar,1971,1
Kareem Abdul-Jabbar,1972,1
Kareem Abdul-Jabbar,1973,1
Kareem Abdul-Jabbar,1974,1
Kareem Abdul-Jabbar,1975,1
Kareem Abdul-Jabbar,1976,1
Kareem Abdul-Jabbar,1977,1
Kareem Abdul-Jabbar,1979,1
Kareem Abdul-Jabbar,1980,1
Kareem Abdul-Jabbar,1981,1
Kareem Abdul-Jabbar,1982,1
Kareem Abdul-Jabbar,1983,1
Kareem Abdul-Jabbar,1984,1
Kareem Abdul-Jabbar,1985,1
Kareem Abdul-Jabbar,1986,1
Kareem Abdul-Jabbar,1987,1
Kareem Abdul-Jabbar,1988,1
Kareem Abdul-Jabbar,1989,1
Jimmy Walker,1970,1
Jimmy Walker,1972,1
John Johnson,1971,1
John Johnson,1972,1
Bob Kauffman,1971,1
Bob Kauffman,1972,1
Bob Kauffman,1973,1
Bob Love,1971,1
Bob Love,1972,1
Bob Love,1973,1
Jo Jo White,1971,1
Jo Jo White,1972,1
Jo Jo White,1973,1
Jo Jo White,1974,1
Jo Jo White,1975,1
Jo Jo White,1976,1
Jo Jo White,1977,1
Geoff Petrie,1971,1
Geoff Petrie,1974,1
Butch Beard,1972,1
Cazzie Russell,1972,1
Jack Marin,1972,1
Jack Marin,1973,1
Spencer Haywood,1972,1
Spencer Haywood,1973,1
Spencer Haywood,1974,1
Spencer Haywood,1975,1
Sidney Wicks,1972,1
Sidney Wicks,1973,1
Sidney Wicks,1974,1
Sidney Wicks,1975,1
Bob Lanier,1972,1
Bob Lanier,1973,1
Bob Lanier,1974,1
Bob Lanier,1975,1
Bob Lanier,1977,1
Bob Lanier,1978,1
Bob Lanier,1979,1
Bob Lanier,1982,1
Dave Cowens,1972,1
Dave Cowens,1973,1
Dave Cowens,1974,1
Dave Cowens,1975,1
Dave Cowens,1976,1
Dave Cowens,1977,1
Dave Cowens,1978,1
Dave Cowens,1980,1
Paul Silas,1972,1
Paul Silas,1975,1
John Block,1973,1
Bill Bradley,1973,1
Pete Maravich,1973,1
Pete Maravich,1974,1
Pete Maravich,1977,1
Pete Maravich,1978,1
Pete Maravich,1979,1
Charlie Scott,1973,1
Charlie Scott,1974,1
Charlie Scott,1975,1
Bob Dandridge,1973,1
Bob Dandridge,1975,1
Bob Dandridge,1976,1
Bob Dandridge,1979,1
Nate Archibald,1973,1
Nate Archibald,1975,1
Nate Archibald,1976,1
Nate Archibald,1980,1
Nate Archibald,1981,1
Nate Archibald,1982,1
Austin Carr,1974,1
Phil Chenier,1974,1
Phil Chenier,1975,1
Phil Chenier,1977,1
Rudy Tomjanovich,1974,1
Rudy Tomjanovich,1975,1
Rudy Tomjanovich,1976,1
Rudy Tomjanovich,1977,1
Rudy Tomjanovich,1979,1
Bob McAdoo,1974,1
Bob McAdoo,1975,1
Bob McAdoo,1976,1
Bob McAdoo,1977,1
Bob McAdoo,1978,1
Norm Van Lier,1974,1
Norm Van Lier,1976,1
Norm Van Lier,1977,1
Sam Lacey,1975,1
Steve Mix,1975,1
Jim Price,1975,1
Alvan Adams,1976,1
Fred Brown,1976,1
Curtis Rowe,1976,1
Phil Smith,1976,1
Phil Smith,1977,1
George McGinnis,1976,1
George McGinnis,1977,1
George McGinnis,1979,1
Doug Collins,1976,1
Doug Collins,1977,1
Doug Collins,1978,1
Doug Collins,1979,1
Randy Smith,1976,1
Randy Smith,1978,1
Brian Winters,1976,1
Brian Winters,1978,1
John Drew,1976,1
John Drew,1980,1
Scott Wedman,1976,1
Scott Wedman,1980,1
Jamaal Wilkes,1976,1
Jamaal Wilkes,1981,1
Jamaal Wilkes,1983,1
Don Buse,1977,1
Dan Issel,1977,1
Billy Knight,1977,1
Bill Walton,1977,1
Bill Walton,1978,1
Bobby Jones,1977,1
Bobby Jones,1978,1
Bobby Jones,1981,1
Bobby Jones,1982,1
Maurice Lucas,1977,1
Maurice Lucas,1978,1
Maurice Lucas,1979,1
Maurice Lucas,1983,1
David Thompson,1977,1
David Thompson,1978,1
David Thompson,1979,1
David Thompson,1983,1
Paul Westphal,1977,1
Paul Westphal,1978,1
Paul Westphal,1979,1
Paul Westphal,1980,1
Paul Westphal,1981,1
George Gervin,1977,1
George Gervin,1978,1
George Gervin,1979,1
George Gervin,1980,1
George Gervin,1981,1
George Gervin,1982,1
George Gervin,1983,1
George Gervin,1984,1
George Gervin,1985,1
Julius Erving,1977,1
Julius Erving,1978,1
Julius Erving,1979,1
Julius Erving,1980,1
Julius Erving,1981,1
Julius Erving,1982,1
Julius Erving,1983,1
Julius Erving,1984,1
Julius Erving,1985,1
Julius Erving,1986,1
Julius Erving,1987,1
Lionel Hollins,1978,1
Larry Kenon,1978,1
Larry Kenon,1979,1
Artis Gilmore,1978,1
Artis Gilmore,1979,1
Artis Gilmore,1981,1
Artis Gilmore,1982,1
Artis Gilmore,1983,1
Artis Gilmore,1986,1
Walter Davis,1978,1
Walter Davis,1979,1
Walter Davis,1980,1
Walter Davis,1981,1
Walter Davis,1984,1
Walter Davis,1987,1
Moses Malone,1978,1
Moses Malone,1979,1
Moses Malone,1980,1
Moses Malone,1981,1
Moses Malone,1982,1
Moses Malone,1983,1
Moses Malone,1984,1
Moses Malone,1985,1
Moses Malone,1986,1
Moses Malone,1987,1
Moses Malone,1988,1
Moses Malone,1989,1
Truck Robinson,1978,1
Truck Robinson,1981,1
Calvin Murphy,1979,1
Campy Russell,1979,1
Marques Johnson,1979,1
Marques Johnson,1980,1
Marques Johnson,1981,1
Marques Johnson,1983,1
Marques Johnson,1986,1
Otis Birdsong,1979,1
Otis Birdsong,1980,1
Otis Birdsong,1981,1
Otis Birdsong,1984,1
Dennis Johnson,1979,1
Dennis Johnson,1980,1
Dennis Johnson,1981,1
Dennis Johnson,1982,1
Dennis Johnson,1985,1
Jack Sikma,1979,1
Jack Sikma,1980,1
Jack Sikma,1981,1
Jack Sikma,1982,1
Jack Sikma,1983,1
Jack Sikma,1984,1
Jack Sikma,1985,1
Bill Cartwright,1980,1
World B. Free,1980,1
Kermit Washington,1980,1
Eddie Johnson,1980,1
Eddie Johnson,1981,1
Dan Roundfield,1980,1
Dan Roundfield,1981,1
Dan Roundfield,1982,1
Adrian Dantley,1980,1
Adrian Dantley,1981,1
Adrian Dantley,1982,1
Adrian Dantley,1984,1
Adrian Dantley,1985,1
Adrian Dantley,1986,1
Micheal Ray Richardson,1980,1
Micheal Ray Richardson,1981,1
Micheal Ray Richardson,1982,1
Micheal Ray Richardson,1985,1
Larry Bird,1980,1
Larry Bird,1981,1
Larry Bird,1982,1
Larry Bird,1983,1
Larry Bird,1984,1
Larry Bird,1985,1
Larry Bird,1986,1
Larry Bird,1987,1
Larry Bird,1988,1
Larry Bird,1990,1
Larry Bird,1991,1
Larry Bird,1992,1
Magic Johnson,1980,1
Magic Johnson,1982,1
Magic Johnson,1983,1
Magic Johnson,1984,1
Magic Johnson,1985,1
Magic Johnson,1986,1
Magic Johnson,1987,1
Magic Johnson,1988,1
Magic Johnson,1989,1
Magic Johnson,1990,1
Magic Johnson,1991,1
Magic Johnson,1992,1
Mike Mitchell,1981,1
Robert Parish,1981,1
Robert Parish,1982,1
Robert Parish,1983,1
Robert Parish,1984,1
Robert Parish,1985,1
Robert Parish,1986,1
Robert Parish,1987,1
Robert Parish,1990,1
Robert Parish,1991,1
Reggie Theus,1981,1
Reggie Theus,1983,1
Lonnie Shelton,1982,1
Gus Williams,1982,1
Gus Williams,1983,1
Buck Williams,1982,1
Buck Williams,1983,1
Buck Williams,1986,1
Sidney Moncrief,1982,1
Sidney Moncrief,1983,1
Sidney Moncrief,1984,1
Sidney Moncrief,1985,1
Sidney Moncrief,1986,1
Alex English,1982,1
Alex English,1983,1
Alex English,1984,1
Alex English,1985,1
Alex English,1986,1
Alex English,1987,1
Alex English,1988,1
Alex English,1989,1
Isiah Thomas,1982,1
Isiah Thomas,1983,1
Isiah Thomas,1984,1
Isiah Thomas,1985,1
Isiah Thomas,1986,1
Isiah Thomas,1987,1
Isiah Thomas,1988,1
Isiah Thomas,1989,1
Isiah Thomas,1990,1
Isiah Thomas,1991,1
Isiah Thomas,1992,1
Isiah Thomas,1993,1
Kelly Tripucka,1982,1
Kelly Tripucka,1984,1
Bernard King,1982,1
Bernard King,1984,1
Bernard King,1985,1
Bernard King,1991,1
Norm Nixon,1982,1
Norm Nixon,1985,1
Jim Paxson,1983,1
Jim Paxson,1984,1
Andrew Toney,1983,1
Andrew Toney,1984,1
Kiki Vandeweghe,1983,1
Kiki Vandeweghe,1984,1
Bill Laimbeer,1983,1
Bill Laimbeer,1984,1
Bill Laimbeer,1985,1
Bill Laimbeer,1987,1
Maurice Cheeks,1983,1
Maurice Cheeks,1986,1
Maurice Cheeks,1987,1
Maurice Cheeks,1988,1
Rickey Green,1984,1
Jeff Ruland,1984,1
Jeff Ruland,1985,1
Ralph Sampson,1984,1
Ralph Sampson,1985,1
Ralph Sampson,1986,1
Ralph Sampson,1987,1
Kevin McHale,1984,1
Kevin McHale,1986,1
Kevin McHale,1987,1
Kevin McHale,1988,1
Kevin McHale,1989,1
Kevin McHale,1990,1
Kevin McHale,1991,1
Mark Aguirre,1984,1
Mark Aguirre,1987,1
Mark Aguirre,1988,1
Calvin Natt,1985,1
Rolando Blackman,1985,1
Rolando Blackman,1986,1
Rolando Blackman,1987,1
Rolando Blackman,1990,1
Hakeem Olajuwon,1985,1
Hakeem Olajuwon,1986,1
Hakeem Olajuwon,1987,1
Hakeem Olajuwon,1988,1
Hakeem Olajuwon,1989,1
Hakeem Olajuwon,1990,1
Hakeem Olajuwon,1992,1
Hakeem Olajuwon,1993,1
Hakeem Olajuwon,1994,1
Hakeem Olajuwon,1995,1
Hakeem Olajuwon,1996,1
Hakeem Olajuwon,1997,1
Michael Jordan,1985,1
Michael Jordan,1986,1
Michael Jordan,1987,1
Michael Jordan,1988,1
Michael Jordan,1989,1
Michael Jordan,1990,1
Michael Jordan,1991,1
Michael Jordan,1992,1
Michael Jordan,1993,1
Michael Jordan,1996,1
Michael Jordan,1997,1
Michael Jordan,1998,1
Michael Jordan,2002,1
Michael Jordan,2003,1
Terry Cummings,1985,1
Terry Cummings,1989,1
Larry Nance,1985,1
Larry Nance,1989,1
Larry Nance,1993,1
Jeff Malone,1986,1
Jeff Malone,1987,1
Alvin Robertson,1986,1
Alvin Robertson,1987,1
Alvin Robertson,1988,1
Alvin Robertson,1991,1
James Worthy,1986,1
James Worthy,1987,1
James Worthy,1988,1
James Worthy,1989,1
James Worthy,1990,1
James Worthy,1991,1
James Worthy,1992,1
Dominique Wilkins,1986,1
Dominique Wilkins,1987,1
Dominique Wilkins,1988,1
Dominique Wilkins,1989,1
Dominique Wilkins,1990,1
Dominique Wilkins,1991,1
Dominique Wilkins,1992,1
Dominique Wilkins,1993,1
Dominique Wilkins,1994,1
Clyde Drexler,1986,1
Clyde Drexler,1988,1
Clyde Drexler,1989,1
Clyde Drexler,1990,1
Clyde Drexler,1991,1
Clyde Drexler,1992,1
Clyde Drexler,1993,1
Clyde Drexler,1994,1
Clyde Drexler,1996,1
Clyde Drexler,1997,1
Patrick Ewing,1986,1
Patrick Ewing,1988,1
Patrick Ewing,1989,1
Patrick Ewing,1990,1
Patrick Ewing,1991,1
Patrick Ewing,1992,1
Patrick Ewing,1993,1
Patrick Ewing,1994,1
Patrick Ewing,1995,1
Patrick Ewing,1996,1
Patrick Ewing,1997,1
Joe Barry Carroll,1987,1
Sleepy Floyd,1987,1
Charles Barkley,1987,1
Charles Barkley,1988,1
Charles Barkley,1989,1
Charles Barkley,1990,1
Charles Barkley,1991,1
Charles Barkley,1992,1
Charles Barkley,1993,1
Charles Barkley,1994,1
Charles Barkley,1995,1
Charles Barkley,1996,1
Charles Barkley,1997,1
Tom Chambers,1987,1
Tom Chambers,1989,1
Tom Chambers,1990,1
Tom Chambers,1991,1
Danny Ainge,1988,1
James Donaldson,1988,1
Steve Johnson,1988,1
Xavier McDaniel,1988,1
Doc Rivers,1988,1
Brad Daugherty,1988,1
Brad Daugherty,1989,1
Brad Daugherty,1991,1
Brad Daugherty,1992,1
Brad Daugherty,1993,1
Karl Malone,1988,1
Karl Malone,1989,1
Karl Malone,1990,1
Karl Malone,1991,1
Karl Malone,1992,1
Karl Malone,1993,1
Karl Malone,1994,1
Karl Malone,1995,1
Karl Malone,1996,1
Karl Malone,1997,1
Karl Malone,1998,1
Karl Malone,2000,1
Karl Malone,2001,1
Karl Malone,2002,1
Fat Lever,1988,1
Fat Lever,1990,1
Mark Eaton,1989,1
Dale Ellis,1989,1
Mark Jackson,1989,1
Chris Mullin,1989,1
Chris Mullin,1990,1
Chris Mullin,1991,1
Chris Mullin,1992,1
Chris Mullin,1993,1
John Stockton,1989,1
John Stockton,1990,1
John Stockton,1991,1
John Stockton,1992,1
John Stockton,1993,1
John Stockton,1994,1
John Stockton,1995,1
John Stockton,1996,1
John Stockton,1997,1
John Stockton,2000,1
Kevin Duckworth,1989,1
Kevin Duckworth,1991,1
Mark Price,1989,1
Mark Price,1992,1
Mark Price,1993,1
Mark Price,1994,1
A. C. Green,1990,1
Kevin Johnson,1990,1
Kevin Johnson,1991,1
Kevin Johnson,1994,1
Joe Dumars,1990,1
Joe Dumars,1991,1
Joe Dumars,1992,1
Joe Dumars,1993,1
Joe Dumars,1995,1
Joe Dumars,1997,1
David Robinson,1990,1
David Robinson,1991,1
David Robinson,1992,1
David Robinson,1993,1
David Robinson,1994,1
David Robinson,1995,1
David Robinson,1996,1
David Robinson,1998,1
David Robinson,2000,1
David Robinson,2001,1
Dennis Rodman,1990,1
Dennis Rodman,1992,1
Scottie Pippen,1990,1
Scottie Pippen,1992,1
Scottie Pippen,1993,1
Scottie Pippen,1994,1
Scottie Pippen,1995,1
Scottie Pippen,1996,1
Scottie Pippen,1997,1
Reggie Miller,1990,1
Reggie Miller,1995,1
Reggie Miller,1996,1
Reggie Miller,1998,1
Reggie Miller,2000,1
Hersey Hawkins,1991,1
Ricky Pierce,1991,1
Tim Hardaway,1991,1
Tim Hardaway,1992,1
Tim Hardaway,1993,1
Tim Hardaway,1997,1
Tim Hardaway,1998,1
Terry Porter,1991,1
Terry Porter,1993,1
Michael Adams,1992,1
Jeff Hornacek,1992,1
Reggie Lewis,1992,1
Otis Thorpe,1992,1
Kevin Willis,1992,1
Dan Majerle,1992,1
Dan Majerle,1993,1
Dan Majerle,1995,1
Dikembe Mutombo,1992,1
Dikembe Mutombo,1995,1
Dikembe Mutombo,1996,1
Dikembe Mutombo,1997,1
Dikembe Mutombo,1998,1
Dikembe Mutombo,2000,1
Dikembe Mutombo,2001,1
Dikembe Mutombo,2002,1
Danny Manning,1993,1
Danny Manning,1994,1
Shawn Kemp,1993,1
Shawn Kemp,1994,1
Shawn Kemp,1995,1
Shawn Kemp,1996,1
Shawn Kemp,1997,1
Shawn Kemp,1998,1
Mitch Richmond,1993,1
Mitch Richmond,1994,1
Mitch Richmond,1995,1
Mitch Richmond,1996,1
Mitch Richmond,1997,1
Mitch Richmond,1998,1
Shaquille O'Neal,1993,1
Shaquille O'Neal,1994,1
Shaquille O'Neal,1995,1
Shaquille O'Neal,1996,1
Shaquille O'Neal,1997,1
Shaquille O'Neal,1998,1
Shaquille O'Neal,2000,1
Shaquille O'Neal,2001,1
Shaquille O'Neal,2002,1
Shaquille O'Neal,2003,1
Shaquille O'Neal,2004,1
Shaquille O'Neal,2005,1
Shaquille O'Neal,2006,1
Shaquille O'Neal,2007,1
Shaquille O'Neal,2009,1
Larry Johnson,1993,1
Larry Johnson,1995,1
Detlef Schrempf,1993,1
Detlef Schrempf,1995,1
Detlef Schrempf,1997,1
Sean Elliott,1993,1
Sean Elliott,1996,1
Kenny Anderson,1994,1
B. J. Armstrong,1994,1
Mookie Blaylock,1994,1
Derrick Coleman,1994,1
Horace Grant,1994,1
Charles Oakley,1994,1
Clifford Robinson,1994,1
John Starks,1994,1
Latrell Sprewell,1994,1
Latrell Sprewell,1995,1
Latrell Sprewell,1997,1
Latrell Sprewell,2001,1
Alonzo Mourning,1994,1
Alonzo Mourning,1995,1
Alonzo Mourning,1996,1
Alonzo Mourning,1997,1
Alonzo Mourning,2000,1
Alonzo Mourning,2001,1
Alonzo Mourning,2002,1
Gary Payton,1994,1
Gary Payton,1995,1
Gary Payton,1996,1
Gary Payton,1997,1
Gary Payton,1998,1
Gary Payton,2000,1
Gary Payton,2001,1
Gary Payton,2002,1
Gary Payton,2003,1
Dana Barros,1995,1
Cedric Ceballos,1995,1
Tyrone Hill,1995,1
Vin Baker,1995,1
Vin Baker,1996,1
Vin Baker,1997,1
Vin Baker,1998,1
Penny Hardaway,1995,1
Penny Hardaway,1996,1
Penny Hardaway,1997,1
Penny Hardaway,1998,1
Grant Hill,1995,1
Grant Hill,1996,1
Grant Hill,1997,1
Grant Hill,1998,1
Grant Hill,2000,1
Grant Hill,2001,1
Grant Hill,2005,1
Juwan Howard,1996,1
Terrell Brandon,1996,1
Terrell Brandon,1997,1
Glen Rice,1996,1
Glen Rice,1997,1
Glen Rice,1998,1
Jason Kidd,1996,1
Jason Kidd,1998,1
Jason Kidd,2000,1
Jason Kidd,2001,1
Jason Kidd,2002,1
Jason Kidd,2003,1
Jason Kidd,2004,1
Jason Kidd,2007,1
Jason Kidd,2008,1
Jason Kidd,2010,1
Chris Gatling,1997,1
Tom Gugliotta,1997,1
Christian Laettner,1997,1
Eddie Jones,1997,1
Eddie Jones,1998,1
Eddie Jones,2000,1
Kevin Garnett,1997,1
Kevin Garnett,1998,1
Kevin Garnett,2000,1
Kevin Garnett,2001,1
Kevin Garnett,2002,1
Kevin Garnett,2003,1
Kevin Garnett,2004,1
Kevin Garnett,2005,1
Kevin Garnett,2006,1
Kevin Garnett,2007,1
Kevin Garnett,2008,1
Kevin Garnett,2009,1
Kevin Garnett,2010,1
Kevin Garnett,2011,1
Kevin Garnett,2013,1
Chris Webber,1997,1
Chris Webber,2000,1
Chris Webber,2001,1
Chris Webber,2002,1
Chris Webber,2003,1
Steve Smith,1998,1
Rik Smits,1998,1
Nick Van Exel,1998,1
Jayson Williams,1998,1
Tim Duncan,1998,1
Tim Duncan,2000,1
Tim Duncan,2001,1
Tim Duncan,2002,1
Tim Duncan,2003,1
Tim Duncan,2004,1
Tim Duncan,2005,1
Tim Duncan,2006,1
Tim Duncan,2007,1
Tim Duncan,2008,1
Tim Duncan,2009,1
Tim Duncan,2010,1
Tim Duncan,2011,1
Tim Duncan,2013,1
Tim Duncan,2015,1
Kobe Bryant,1998,1
Kobe Bryant,2000,1
Kobe Bryant,2001,1
Kobe Bryant,2002,1
Kobe Bryant,2003,1
Kobe Bryant,2004,1
Kobe Bryant,2005,1
Kobe Bryant,2006,1
Kobe Bryant,2007,1
Kobe Bryant,2008,1
Kobe Bryant,2009,1
Kobe Bryant,2010,1
Kobe Bryant,2011,1
Kobe Bryant,2012,1
Kobe Bryant,2013,1
Kobe Bryant,2014,1
Kobe Bryant,2015,1
Kobe Bryant,2016,1
Antoine Walker,1998,1
Antoine Walker,2002,1
Antoine Walker,2003,1
Dale Davis,2000,1
Michael Finley,2000,1
Michael Finley,2001,1
Allan Houston,2000,1
Allan Houston,2001,1
Glenn Robinson,2000,1
Glenn Robinson,2001,1
Jerry Stackhouse,2000,1
Jerry Stackhouse,2001,1
Rasheed Wallace,2000,1
Rasheed Wallace,2001,1
Rasheed Wallace,2006,1
Rasheed Wallace,2008,1
Ray Allen,2000,1
Ray Allen,2001,1
Ray Allen,2002,1
Ray Allen,2004,1
Ray Allen,2005,1
Ray Allen,2006,1
Ray Allen,2007,1
Ray Allen,2008,1
Ray Allen,2009,1
Ray Allen,2011,1
Vince Carter,2000,1
Vince Carter,2001,1
Vince Carter,2002,1
Vince Carter,2003,1
Vince Carter,2004,1
Vince Carter,2005,1
Vince Carter,2006,1
Vince Carter,2007,1
Allen Iverson,2000,1
Allen Iverson,2001,1
Allen Iverson,2002,1
Allen Iverson,2003,1
Allen Iverson,2004,1
Allen Iverson,2005,1
Allen Iverson,2006,1
Allen Iverson,2007,1
Allen Iverson,2008,1
Allen Iverson,2009,1
Allen Iverson,2010,1
Antonio Davis,2001,1
Vlade Divac,2001,1
Anthony Mason,2001,1
Antonio McDyess,2001,1
Theo Ratliff,2001,1
Tracy McGrady,2001,1
Tracy McGrady,2002,1
Tracy McGrady,2003,1
Tracy McGrady,2004,1
Tracy McGrady,2005,1
Tracy McGrady,2006,1
Tracy McGrady,2007,1
Stephon Marbury,2001,1
Stephon Marbury,2003,1
Shareef Abdur-Rahim,2002,1
Wally Szczerbiak,2002,1
Steve Nash,2002,1
Steve Nash,2003,1
Steve Nash,2005,1
Steve Nash,2006,1
Steve Nash,2007,1
Steve Nash,2008,1
Steve Nash,2010,1
Steve Nash,2012,1
Steve Francis,2002,1
Steve Francis,2003,1
Steve Francis,2004,1
Peja Stojakovic,2002,1
Peja Stojakovic,2003,1
Peja Stojakovic,2004,1
Paul Pierce,2002,1
Paul Pierce,2003,1
Paul Pierce,2004,1
Paul Pierce,2005,1
Paul Pierce,2006,1
Paul Pierce,2008,1
Paul Pierce,2009,1
Paul Pierce,2010,1
Paul Pierce,2011,1
Paul Pierce,2012,1
Jermaine O'Neal,2002,1
Jermaine O'Neal,2003,1
Jermaine O'Neal,2004,1
Jermaine O'Neal,2005,1
Jermaine O'Neal,2006,1
Jermaine O'Neal,2007,1
Dirk Nowitzki,2002,1
Dirk Nowitzki,2003,1
Dirk Nowitzki,2004,1
Dirk Nowitzki,2005,1
Dirk Nowitzki,2006,1
Dirk Nowitzki,2007,1
Dirk Nowitzki,2008,1
Dirk Nowitzki,2009,1
Dirk Nowitzki,2010,1
Dirk Nowitzki,2011,1
Dirk Nowitzki,2012,1
Dirk Nowitzki,2014,1
Dirk Nowitzki,2015,1
Dirk Nowitzki,2019,1
Baron Davis,2002,1
Baron Davis,2004,1
Elton Brand,2002,1
Elton Brand,2006,1
Jamal Mashburn,2003,1
Brad Miller,2003,1
Brad Miller,2004,1
Ben Wallace,2003,1
Ben Wallace,2004,1
Ben Wallace,2005,1
Ben Wallace,2006,1
Yao Ming,2003,1
Yao Ming,2004,1
Yao Ming,2005,1
Yao Ming,2006,1
Yao Ming,2007,1
Yao Ming,2008,1
Yao Ming,2009,1
Yao Ming,2011,1
Zydrunas Ilgauskas,2003,1
Zydrunas Ilgauskas,2005,1
Shawn Marion,2003,1
Shawn Marion,2005,1
Shawn Marion,2006,1
Shawn Marion,2007,1
Sam Cassell,2004,1
Andrei Kirilenko,2004,1
Jamaal Magloire,2004,1
Kenyon Martin,2004,1
Michael Redd,2004,1
Metta World Peace,2004,1
Gilbert Arenas,2005,1
Gilbert Arenas,2006,1
Gilbert Arenas,2007,1
Dwyane Wade,2005,1
Dwyane Wade,2006,1
Dwyane Wade,2007,1
Dwyane Wade,2008,1
Dwyane Wade,2009,1
Dwyane Wade,2010,1
Dwyane Wade,2011,1
Dwyane Wade,2012,1
Dwyane Wade,2013,1
Dwyane Wade,2014,1
Dwyane Wade,2015,1
Dwyane Wade,2016,1
Dwyane Wade,2019,1
LeBron James,2005,1
LeBron James,2006,1
LeBron James,2007,1
LeBron James,2008,1
LeBron James,2009,1
LeBron James,2010,1
LeBron James,2011,1
LeBron James,2012,1
LeBron James,2013,1
LeBron James,2014,1
LeBron James,2015,1
LeBron James,2016,1
LeBron James,2017,1
LeBron James,2018,1
LeBron James,2019,1
LeBron James,2020,1
LeBron James,2021,1
Amar'e Stoudemire,2005,1
Amar'e Stoudemire,2007,1
Amar'e Stoudemire,2008,1
Amar'e Stoudemire,2009,1
Amar'e Stoudemire,2010,1
Amar'e Stoudemire,2011,1
Antawn Jamison,2005,1
Antawn Jamison,2008,1
Rashard Lewis,2005,1
Rashard Lewis,2009,1
Manu Ginobili,2005,1
Manu Ginobili,2011,1
Tony Parker,2006,1
Tony Parker,2007,1
Tony Parker,2009,1
Tony Parker,2012,1
Tony Parker,2013,1
Tony Parker,2014,1
Richard Hamilton,2006,1
Richard Hamilton,2007,1
Richard Hamilton,2008,1
Chauncey Billups,2006,1
Chauncey Billups,2007,1
Chauncey Billups,2008,1
Chauncey Billups,2009,1
Chauncey Billups,2010,1
Chris Bosh,2006,1
Chris Bosh,2007,1
Chris Bosh,2008,1
Chris Bosh,2009,1
Chris Bosh,2010,1
Chris Bosh,2011,1
Chris Bosh,2012,1
Chris Bosh,2013,1
Chris Bosh,2014,1
Chris Bosh,2015,1
Chris Bosh,2016,1
Pau Gasol,2006,1
Pau Gasol,2009,1
Pau Gasol,2010,1
Pau Gasol,2011,1
Pau Gasol,2015,1
Pau Gasol,2016,1
Josh Howard,2007,1
Mehmet Okur,2007,1
Carlos Boozer,2007,1
Carlos Boozer,2008,1
Caron Butler,2007,1
Caron Butler,2008,1
Carmelo Anthony,2007,1
Carmelo Anthony,2008,1
Carmelo Anthony,2010,1
Carmelo Anthony,2011,1
Carmelo Anthony,2012,1
Carmelo Anthony,2013,1
Carmelo Anthony,2014,1
Carmelo Anthony,2015,1
Carmelo Anthony,2016,1
Carmelo Anthony,2017,1
Joe Johnson,2007,1
Joe Johnson,2008,1
Joe Johnson,2009,1
Joe Johnson,2010,1
Joe Johnson,2011,1
Joe Johnson,2012,1
Joe Johnson,2014,1
Dwight Howard,2007,1
Dwight Howard,2008,1
Dwight Howard,2009,1
Dwight Howard,2010,1
Dwight Howard,2011,1
Dwight Howard,2012,1
Dwight Howard,2013,1
Dwight Howard,2014,1
David West,2008,1
David West,2009,1
Brandon Roy,2008,1
Brandon Roy,2009,1
Brandon Roy,2010,1
Chris Paul,2008,1
Chris Paul,2009,1
Chris Paul,2010,1
Chris Paul,2011,1
Chris Paul,2012,1
Chris Paul,2013,1
Chris Paul,2014,1
Chris Paul,2015,1
Chris Paul,2016,1
Chris Paul,2020,1
Chris Paul,2021,1
Danny Granger,2009,1
Devin Harris,2009,1
Jameer Nelson,2009,1
Mo Williams,2009,1
Chris Kaman,2010,1
Gerald Wallace,2010,1
Al Horford,2010,1
Al Horford,2011,1
Al Horford,2015,1
Al Horford,2016,1
Al Horford,2018,1
Derrick Rose,2010,1
Derrick Rose,2011,1
Derrick Rose,2012,1
Deron Williams,2010,1
Deron Williams,2011,1
Deron Williams,2012,1
Rajon Rondo,2010,1
Rajon Rondo,2011,1
Rajon Rondo,2012,1
Rajon Rondo,2013,1
Kevin Durant,2010,1
Kevin Durant,2011,1
Kevin Durant,2012,1
Kevin Durant,2013,1
Kevin Durant,2014,1
Kevin Durant,2015,1
Kevin Durant,2016,1
Kevin Durant,2017,1
Kevin Durant,2018,1
Kevin Durant,2019,1
Kevin Durant,2021,1
David Lee,2010,1
David Lee,2013,1
Zach Randolph,2010,1
Zach Randolph,2013,1
Kevin Love,2011,1
Kevin Love,2012,1
Kevin Love,2014,1
Kevin Love,2017,1
Kevin Love,2018,1
Russell Westbrook,2011,1
Russell Westbrook,2012,1
Russell Westbrook,2013,1
Russell Westbrook,2015,1
Russell Westbrook,2016,1
Russell Westbrook,2017,1
Russell Westbrook,2018,1
Russell Westbrook,2019,1
Russell Westbrook,2020,1
Blake Griffin,2011,1
Blake Griffin,2012,1
Blake Griffin,2013,1
Blake Griffin,2014,1
Blake Griffin,2015,1
Blake Griffin,2019,1
Andrew Bynum,2012,1
Andre Iguodala,2012,1
Luol Deng,2012,1
Luol Deng,2013,1
LaMarcus Aldridge,2012,1
LaMarcus Aldridge,2013,1
LaMarcus Aldridge,2014,1
LaMarcus Aldridge,2015,1
LaMarcus Aldridge,2016,1
LaMarcus Aldridge,2018,1
LaMarcus Aldridge,2019,1
Roy Hibbert,2012,1
Roy Hibbert,2014,1
Marc Gasol,2012,1
Marc Gasol,2015,1
Marc Gasol,2017,1
Tyson Chandler,2013,1
Jrue Holiday,2013,1
Brook Lopez,2013,1
Joakim Noah,2013,1
Joakim Noah,2014,1
Paul George,2013,1
Paul George,2014,1
Paul George,2016,1
Paul George,2017,1
Paul George,2018,1
Paul George,2019,1
Paul George,2021,1
Kyrie Irving,2013,1
Kyrie Irving,2014,1
Kyrie Irving,2015,1
Kyrie Irving,2017,1
Kyrie Irving,2018,1
Kyrie Irving,2019,1
Kyrie Irving,2021,1
James Harden,2013,1
James Harden,2014,1
James Harden,2015,1
James Harden,2016,1
James Harden,2017,1
James Harden,2018,1
James Harden,2019,1
James Harden,2020,1
James Harden,2021,1
Damian Lillard,2014,1
Damian Lillard,2015,1
Damian Lillard,2018,1
Damian Lillard,2019,1
Damian Lillard,2020,1
Damian Lillard,2021,1
Paul Millsap,2014,1
Paul Millsap,2015,1
Paul Millsap,2016,1
Paul Millsap,2017,1
John Wall,2014,1
John Wall,2015,1
John Wall,2016,1
John Wall,2017,1
John Wall,2018,1
Stephen Curry,2014,1
Stephen Curry,2015,1
Stephen Curry,2016,1
Stephen Curry,2017,1
Stephen Curry,2018,1
Stephen Curry,2019,1
Stephen Curry,2021,1
Anthony Davis,2014,1
Anthony Davis,2015,1
Anthony Davis,2016,1
Anthony Davis,2017,1
Anthony Davis,2018,1
Anthony Davis,2019,1
Anthony Davis,2020,1
Anthony Davis,2021,1
DeMar DeRozan,2014,1
DeMar DeRozan,2016,1
DeMar DeRozan,2017,1
DeMar DeRozan,2018,1
Kyle Korver,2015,1
Jeff Teague,2015,1
DeMarcus Cousins,2015,1
DeMarcus Cousins,2016,1
DeMarcus Cousins,2017,1
DeMarcus Cousins,2018,1
Jimmy Butler,2015,1
Jimmy Butler,2016,1
Jimmy Butler,2017,1
Jimmy Butler,2018,1
Jimmy Butler,2020,1
Klay Thompson,2015,1
Klay Thompson,2016,1
Klay Thompson,2017,1
Klay Thompson,2018,1
Klay Thompson,2019,1
Kyle Lowry,2015,1
Kyle Lowry,2016,1
Kyle Lowry,2017,1
Kyle Lowry,2018,1
Kyle Lowry,2019,1
Kyle Lowry,2020,1
Isaiah Thomas,2016,1
Isaiah Thomas,2017,1
Kawhi Leonard,2016,1
Kawhi Leonard,2017,1
Kawhi Leonard,2019,1
Kawhi Leonard,2020,1
Kawhi Leonard,2021,1
Draymond Green,2016,1
Draymond Green,2017,1
Draymond Green,2018,1
Andre Drummond,2016,1
Andre Drummond,2018,1
Gordon Hayward,2017,1
DeAndre Jordan,2017,1
Kemba Walker,2017,1
Kemba Walker,2018,1
Kemba Walker,2019,1
Kemba Walker,2020,1
Giannis Antetokounmpo,2017,1
Giannis Antetokounmpo,2018,1
Giannis Antetokounmpo,2019,1
Giannis Antetokounmpo,2020,1
Giannis Antetokounmpo,2021,1
Goran Dragic,2018,1
Kristaps Porzingis,2018,1
Victor Oladipo,2018,1
Victor Oladipo,2019,1
Karl-Anthony Towns,2018,1
Karl-Anthony Towns,2019,1
Bradley Beal,2018,1
Bradley Beal,2019,1
Bradley Beal,2021,1
Joel Embiid,2018,1
Joel Embiid,2019,1
Joel Embiid,2020,1
Joel Embiid,2021,1
D'Angelo Russell,2019,1
Khris Middleton,2019,1
Khris Middleton,2020,1
Nikola Jokic,2019,1
Nikola Jokic,2020,1
Nikola Jokic,2021,1
Ben Simmons,2019,1
Ben Simmons,2020,1
Ben Simmons,2021,1
Nikola Vucevic,2019,1
Nikola Vucevic,2021,1
Bam Adebayo,2020,1
Brandon Ingram,2020,1
Pascal Siakam,2020,1
Trae Young,2020,1
Devin Booker,2020,1
Devin Booker,2021,1
Luka Doncic,2020,1
Luka Doncic,2021,1
Rudy Gobert,2020,1
Rudy Gobert,2021,1
Donovan Mitchell,2020,1
Donovan Mitchell,2021,1
Domantas Sabonis,2020,1
Domantas Sabonis,2021,1
Jayson Tatum,2020,1
Jayson Tatum,2021,1
Jaylen Brown,2021,1
Mike Conley,2021,1
Zach LaVine,2021,1
Julius Randle,2021,1
Zion Williamson,2021,1
