Season,Name,Status
2021,Nikola Jokic,1
2021,Giannis Antetokounmpo,1
2021,Kawhi Leonard,1
2021,Stephen Curry,1
2021,Luka Doncic,1
2021,Joel Embiid,1
2021,Julius Randle,1
2021,LeBron James,1
2021,Chris Paul,1
2021,Damian Lillard,1
2021,Rudy Gobert,1
2021,Jimmy Butler,1
2021,Paul George,1
2021,Bradley Beal,1
2021,Kyrie Irving,1
2020,Anthony Davis,1
2020,Giannis Antetokounmpo,1
2020,LeBron James,1
2020,James Harden,1
2020,Luka Doncic,1
2020,Nikola Jokic,1
2020,Kawhi Leonard,1
2020,Pascal Siakam,1
2020,Damian Lillard,1
2020,Chris Paul,1
2020,Rudy Gobert,1
2020,Jayson Tatum,1
2020,Jimmy Butler,1
2020,Ben Simmons,1
2020,Russell Westbrook,1
2019,Nikola Jokic,1
2019,Giannis Antetokounmpo,1
2019,Paul George,1
2019,James Harden,1
2019,Stephen Curry,1
2019,Joel Embiid,1
2019,Kevin Durant,1
2019,Kawhi Leonard,1
2019,Damian Lillard,1
2019,Kyrie Irving,1
2019,Rudy Gobert,1
2019,LeBron James,1
2019,Blake Griffin,1
2019,Kemba Walker,1
2019,Russell Westbrook,1
2018,Anthony Davis,1
2018,LeBron James,1
2018,Kevin Durant,1
2018,Damian Lillard,1
2018,James Harden,1
2018,Joel Embiid,1
2018,Giannis Antetokounmpo,1
2018,LaMarcus Aldridge,1
2018,Russell Westbrook,1
2018,DeMar DeRozan,1
2018,Karl-Anthony Towns,1
2018,Jimmy Butler,1
2018,Paul George,1
2018,Stephen Curry,1
2018,Victor Oladipo,1
2017,Anthony Davis,1
2017,LeBron James,1
2017,Kawhi Leonard,1
2017,James Harden,1
2017,Russell Westbrook,1
2017,Rudy Gobert,1
2017,Giannis Antetokounmpo,1
2017,Kevin Durant,1
2017,Stephen Curry,1
2017,Isaiah Thomas,1
2017,DeAndre Jordan,1
2017,Draymond Green,1
2017,Jimmy Butler,1
2017,John Wall,1
2017,DeMar DeRozan,1
2016,DeAndre Jordan,1
2016,LeBron James,1
2016,Kawhi Leonard,1
2016,Stephen Curry,1
2016,Russell Westbrook,1
2016,DeMarcus Cousins,1
2016,Kevin Durant,1
2016,Draymond Green,1
2016,Chris Paul,1
2016,Damian Lillard,1
2016,Andre Drummond,1
2016,Paul George,1
2016,LaMarcus Aldridge,1
2016,Klay Thompson,1
2016,Kyle Lowry,1
2015,Marc Gasol,1
2015,LeBron James,1
2015,Anthony Davis,1
2015,Stephen Curry,1
2015,James Harden,1
2015,DeMarcus Cousins,1
2015,Pau Gasol,1
2015,LaMarcus Aldridge,1
2015,Russell Westbrook,1
2015,Chris Paul,1
2015,DeAndre Jordan,1
2015,Blake Griffin,1
2015,Tim Duncan,1
2015,Klay Thompson,1
2015,Kyrie Irving,1
2014,Joakim Noah,1
2014,Kevin Durant,1
2014,LeBron James,1
2014,James Harden,1
2014,Chris Paul,1
2014,Dwight Howard,1
2014,Blake Griffin,1
2014,Kevin Love,1
2014,Stephen Curry,1
2014,Tony Parker,1
2014,Al Jefferson,1
2014,Paul George,1
2014,LaMarcus Aldridge,1
2014,Goran Dragic,1
2014,Damian Lillard,1
2013,Tim Duncan,1
2013,Kevin Durant,1
2013,LeBron James,1
2013,Kobe Bryant,1
2013,Chris Paul,1
2013,Marc Gasol,1
2013,Carmelo Anthony,1
2013,Blake Griffin,1
2013,Tony Parker,1
2013,Russell Westbrook,1
2013,Dwight Howard,1
2013,Paul George,1
2013,David Lee,1
2013,James Harden,1
2013,Dwyane Wade,1
2012,Dwight Howard,1
2012,Kevin Durant,1
2012,LeBron James,1
2012,Kobe Bryant,1
2012,Chris Paul,1
2012,Andrew Bynum,1
2012,Blake Griffin,1
2012,Kevin Love,1
2012,Tony Parker,1
2012,Russell Westbrook,1
2012,Tyson Chandler,1
2012,Carmelo Anthony,1
2012,Dirk Nowitzki,1
2012,Rajon Rondo,1
2012,Dwyane Wade,1
2011,Dwight Howard,1
2011,Kevin Durant,1
2011,LeBron James,1
2011,Kobe Bryant,1
2011,Derrick Rose,1
2011,Amar'e Stoudemire,1
2011,Pau Gasol,1
2011,Dirk Nowitzki,1
2011,Dwyane Wade,1
2011,Russell Westbrook,1
2011,Al Horford,1
2011,LaMarcus Aldridge,1
2011,Zach Randolph,1
2011,Manu Ginóbili,1
2011,Chris Paul,1
2010,Dwight Howard,1
2010,Kevin Durant,1
2010,LeBron James,1
2010,Kobe Bryant,1
2010,Dwyane Wade,1
2010,Amar'e Stoudemire,1
2010,Carmelo Anthony,1
2010,Dirk Nowitzki,1
2010,Steve Nash,1
2010,Deron Williams,1
2010,Andrew Bogut,1
2010,Tim Duncan,1
2010,Pau Gasol,1
2010,Joe Johnson,1
2010,Brandon Roy,1
2009,Dwight Howard,1
2009,LeBron James,1
2009,Dirk Nowitzki,1
2009,Kobe Bryant,1
2009,Dwyane Wade,1
2009,Yao Ming,1
2009,Tim Duncan,1
2009,Paul Pierce,1
2009,Chris Paul,1
2009,Brandon Roy,1
2009,Shaquille O'Neal,1
2009,Carmelo Anthony,1
2009,Pau Gasol,1
2009,Chauncey Billups,1
2009,Tony Parker,1
2008,Dwight Howard,1
2008,Kevin Garnett,1
2008,LeBron James,1
2008,Kobe Bryant,1
2008,Chris Paul,1
2008,Amar'e Stoudemire,1
2008,Tim Duncan,1
2008,Dirk Nowitzki,1
2008,Steve Nash,1
2008,Deron Williams,1
2008,Yao Ming,1
2008,Carlos Boozer,1
2008,Paul Pierce,1
2008,Manu Ginóbili,1
2008,Tracy McGrady,1
2007,Amar'e Stoudemire,1
2007,Tim Duncan,1
2007,Dirk Nowitzki,1
2007,Kobe Bryant,1
2007,Steve Nash,1
2007,Yao Ming,1
2007,Chris Bosh,1
2007,LeBron James,1
2007,Gilbert Arenas,1
2007,Tracy McGrady,1
2007,Dwight Howard,1
2007,Carmelo Anthony,1
2007,Kevin Garnett,1
2007,Chauncey Billups,1
2007,Dwyane Wade,1
2006,Shaquille O'Neal,1
2006,LeBron James,1
2006,Dirk Nowitzki,1
2006,Kobe Bryant,1
2006,Steve Nash,1
2006,Ben Wallace,1
2006,Elton Brand,1
2006,Tim Duncan,1
2006,Chauncey Billups,1
2006,Dwyane Wade,1
2006,Yao Ming,1
2006,Carmelo Anthony,1
2006,Shawn Marion,1
2006,Gilbert Arenas,1
2006,Allen Iverson,1
2005,Shaquille O'Neal,1
2005,Tim Duncan,1
2005,Dirk Nowitzki,1
2005,Allen Iverson,1
2005,Steve Nash,1
2005,Amar'e Stoudemire,1
2005,Kevin Garnett,1
2005,LeBron James,1
2005,Ray Allen,1
2005,Dwyane Wade,1
2005,Ben Wallace,1
2005,Shawn Marion,1
2005,Tracy McGrady,1
2005,Gilbert Arenas,1
2005,Kobe Bryant,1
2004,Shaquille O'Neal,1
2004,Tim Duncan,1
2004,Kevin Garnett,1
2004,Kobe Bryant,1
2004,Jason Kidd,1
2004,Ben Wallace,1
2004,Jermaine O'Neal,1
2004,Peja Stojakovic,1
2004,Sam Cassell,1
2004,Tracy McGrady,1
2004,Yao Ming,1
2004,Metta World Peace,1
2004,Dirk Nowitzki,1
2004,Baron Davis,1
2004,Michael Redd,1
2003,Shaquille O'Neal,1
2003,Tim Duncan,1
2003,Kevin Garnett,1
2003,Kobe Bryant,1
2003,Tracy McGrady,1
2003,Ben Wallace,1
2003,Dirk Nowitzki,1
2003,Chris Webber,1
2003,Allen Iverson,1
2003,Jason Kidd,1
2003,Jermaine O'Neal,1
2003,Jamal Mashburn,1
2003,Paul Pierce,1
2003,Stephon Marbury,1
2003,Steve Nash,1
2002,Shaquille O'Neal,1
2002,Tim Duncan,1
2002,Tracy McGrady,1
2002,Kobe Bryant,1
2002,Jason Kidd,1
2002,Dirk Nowitzki,1
2002,Kevin Garnett,1
2002,Chris Webber,1
2002,Allen Iverson,1
2002,Gary Payton,1
2002,Dikembe Mutombo,1
2002,Jermaine O'Neal,1
2002,Ben Wallace,1
2002,Steve Nash,1
2002,Paul Pierce,1
2001,Shaquille O'Neal,1
2001,Tim Duncan,1
2001,Chris Webber,1
2001,Allen Iverson,1
2001,Jason Kidd,1
2001,Dikembe Mutombo,1
2001,Vince Carter,1
2001,Kevin Garnett,1
2001,Kobe Bryant,1
2001,Tracy McGrady,1
2001,David Robinson,1
2001,Karl Malone,1
2001,Dirk Nowitzki,1
2001,Ray Allen,1
2001,Gary Payton,1
2000,Shaquille O'Neal,1
2000,Tim Duncan,1
2000,Kevin Garnett,1
2000,Jason Kidd,1
2000,Gary Payton,1
2000,Alonzo Mourning,1
2000,Grant Hill,1
2000,Karl Malone,1
2000,Kobe Bryant,1
2000,Allen Iverson,1
2000,David Robinson,1
2000,Vince Carter,1
2000,Chris Webber,1
2000,Eddie Jones,1
2000,Stephon Marbury,1
1999,Alonzo Mourning,1
1999,Tim Duncan,1
1999,Karl Malone,1
1999,Allen Iverson,1
1999,Jason Kidd,1
1999,Shaquille O'Neal,1
1999,Grant Hill,1
1999,Chris Webber,1
1999,Tim Hardaway,1
1999,Gary Payton,1
1999,Hakeem Olajuwon,1
1999,Kevin Garnett,1
1999,Antonio McDyess,1
1999,Kobe Bryant,1
1999,John Stockton,1
1998,Shaquille O'Neal,1
1998,Tim Duncan,1
1998,Karl Malone,1
1998,Michael Jordan,1
1998,Gary Payton,1
1998,David Robinson,1
1998,Vin Baker,1
1998,Grant Hill,1
1998,Tim Hardaway,1
1998,Rod Strickland,1
1998,Dikembe Mutombo,1
1998,Scottie Pippen,1
1998,Glen Rice,1
1998,Reggie Miller,1
1998,Mitch Richmond,1
1997,Hakeem Olajuwon,1
1997,Grant Hill,1
1997,Karl Malone,1
1997,Tim Hardaway,1
1997,Michael Jordan,1
1997,Patrick Ewing,1
1997,Scottie Pippen,1
1997,Glen Rice,1
1997,Gary Payton,1
1997,Mitch Richmond,1
1997,Shaquille O'Neal,1
1997,Vin Baker,1
1997,Anthony Mason,1
1997,Anfernee Hardaway,1
1997,John Stockton,1
1996,David Robinson,1
1996,Karl Malone,1
1996,Scottie Pippen,1
1996,Anfernee Hardaway,1
1996,Michael Jordan,1
1996,Hakeem Olajuwon,1
1996,Grant Hill,1
1996,Shawn Kemp,1
1996,Gary Payton,1
1996,John Stockton,1
1996,Shaquille O'Neal,1
1996,Charles Barkley,1
1996,Juwan Howard,1
1996,Reggie Miller,1
1996,Mitch Richmond,1
1995,David Robinson,1
1995,Karl Malone,1
1995,Scottie Pippen,1
1995,Anfernee Hardaway,1
1995,John Stockton,1
1995,Shaquille O'Neal,1
1995,Charles Barkley,1
1995,Shawn Kemp,1
1995,Gary Payton,1
1995,Mitch Richmond,1
1995,Hakeem Olajuwon,1
1995,Dennis Rodman,1
1995,Detlef Schrempf,1
1995,Clyde Drexler,1
1995,Reggie Miller,1
1994,Hakeem Olajuwon,1
1994,Karl Malone,1
1994,Scottie Pippen,1
1994,Latrell Sprewell,1
1994,John Stockton,1
1994,David Robinson,1
1994,Charles Barkley,1
1994,Shawn Kemp,1
1994,Kevin Johnson,1
1994,Mitch Richmond,1
1994,Shaquille O'Neal,1
1994,Derrick Coleman,1
1994,Dominique Wilkins,1
1994,Gary Payton,1
1994,Mark Price,1
1993,Hakeem Olajuwon,1
1993,Charles Barkley,1
1993,Karl Malone,1
1993,Michael Jordan,1
1993,Mark Price,1
1993,Patrick Ewing,1
1993,Larry Johnson,1
1993,Dominique Wilkins,1
1993,Joe Dumars,1
1993,John Stockton,1
1993,David Robinson,1
1993,Derrick Coleman,1
1993,Scottie Pippen,1
1993,Tim Hardaway,1
1993,Dražen Petrovic,1
1992,David Robinson,1
1992,Karl Malone,1
1992,Chris Mullin,1
1992,Clyde Drexler,1
1992,Michael Jordan,1
1992,Patrick Ewing,1
1992,Charles Barkley,1
1992,Scottie Pippen,1
1992,Tim Hardaway,1
1992,John Stockton,1
1992,Brad Daugherty,1
1992,Dennis Rodman,1
1992,Kevin Willis,1
1992,Kevin Johnson,1
1992,Mark Price,1
1991,David Robinson,1
1991,Charles Barkley,1
1991,Karl Malone,1
1991,Magic Johnson,1
1991,Michael Jordan,1
1991,Patrick Ewing,1
1991,Chris Mullin,1
1991,Dominique Wilkins,1
1991,Clyde Drexler,1
1991,Kevin Johnson,1
1991,Hakeem Olajuwon,1
1991,Bernard King,1
1991,James Worthy,1
1991,Joe Dumars,1
1991,John Stockton,1
1990,Patrick Ewing,1
1990,Charles Barkley,1
1990,Karl Malone,1
1990,Magic Johnson,1
1990,Michael Jordan,1
1990,Hakeem Olajuwon,1
1990,Larry Bird,1
1990,Tom Chambers,1
1990,Kevin Johnson,1
1990,John Stockton,1
1990,David Robinson,1
1990,Chris Mullin,1
1990,James Worthy,1
1990,Clyde Drexler,1
1990,Joe Dumars,1
1989,Hakeem Olajuwon,1
1989,Charles Barkley,1
1989,Karl Malone,1
1989,Magic Johnson,1
1989,Michael Jordan,1
1989,Patrick Ewing,1
1989,Tom Chambers,1
1989,Chris Mullin,1
1989,Kevin Johnson,1
1989,John Stockton,1
1989,Robert Parish,1
1989,Terry Cummings,1
1989,Dominique Wilkins,1
1989,Dale Ellis,1
1989,Mark Price,1
1988,Hakeem Olajuwon,1
1988,Charles Barkley,1
1988,Larry Bird,1
1988,Magic Johnson,1
1988,Michael Jordan,1
1988,Patrick Ewing,1
1988,Karl Malone,1
1988,Dominique Wilkins,1
1988,Clyde Drexler,1
1988,John Stockton,1
1987,Hakeem Olajuwon,1
1987,Larry Bird,1
1987,Kevin McHale,1
1987,Magic Johnson,1
1987,Michael Jordan,1
1987,Moses Malone,1
1987,Charles Barkley,1
1987,Dominique Wilkins,1
1987,Fat Lever,1
1987,Isiah Thomas,1
1986,Kareem Abdul-Jabbar,1
1986,Larry Bird,1
1986,Dominique Wilkins,1
1986,Magic Johnson,1
1986,Isiah Thomas,1
1986,Hakeem Olajuwon,1
1986,Charles Barkley,1
1986,Alex English,1
1986,Sidney Moncrief,1
1986,Alvin Robertson,1
1985,Moses Malone,1
1985,Larry Bird,1
1985,Bernard King,1
1985,Magic Johnson,1
1985,Isiah Thomas,1
1985,Kareem Abdul-Jabbar,1
1985,Terry Cummings,1
1985,Ralph Sampson,1
1985,Michael Jordan,1
1985,Sidney Moncrief,1
1984,Kareem Abdul-Jabbar,1
1984,Larry Bird,1
1984,Bernard King,1
1984,Magic Johnson,1
1984,Isiah Thomas,1
1984,Moses Malone,1
1984,Adrian Dantley,1
1984,Julius Erving,1
1984,Sidney Moncrief,1
1984,Jim Paxson,1
1983,Moses Malone,1
1983,Larry Bird,1
1983,Julius Erving,1
1983,Magic Johnson,1
1983,Sidney Moncrief,1
1983,Kareem Abdul-Jabbar,1
1983,Alex English,1
1983,Buck Williams,1
1983,George Gervin,1
1983,Isiah Thomas,1
1982,Moses Malone,1
1982,Larry Bird,1
1982,Julius Erving,1
1982,George Gervin,1
1982,Gus Williams,1
1982,Robert Parish,1
1982,Alex English,1
1982,Bernard King,1
1982,Magic Johnson,1
1982,Sidney Moncrief,1
1981,Kareem Abdul-Jabbar,1
1981,Larry Bird,1
1981,Julius Erving,1
1981,George Gervin,1
1981,Dennis Johnson,1
1981,Moses Malone,1
1981,Adrian Dantley,1
1981,Marques Johnson,1
1981,Tiny Archibald,1
1981,Otis Birdsong,1
1980,Kareem Abdul-Jabbar,1
1980,Larry Bird,1
1980,Julius Erving,1
1980,George Gervin,1
1980,Paul Westphal,1
1980,Moses Malone,1
1980,Marques Johnson,1
1980,Dan Roundfield,1
1980,Dennis Johnson,1
1980,Gus Williams,1
1979,Moses Malone,1
1979,Elvin Hayes,1
1979,Marques Johnson,1
1979,George Gervin,1
1979,Paul Westphal,1
1979,Kareem Abdul-Jabbar,1
1979,Bob Dandridge,1
1979,Walter Davis,1
1979,Phil Ford,1
1979,World B. Free,1
1978,Bill Walton,1
1978,Julius Erving,1
1978,Truck Robinson,1
1978,George Gervin,1
1978,David Thompson,1
1978,Kareem Abdul-Jabbar,1
1978,Walter Davis,1
1978,Maurice Lucas,1
1978,Pete Maravich,1
1978,Paul Westphal,1
1977,Kareem Abdul-Jabbar,1
1977,Elvin Hayes,1
1977,David Thompson,1
1977,Pete Maravich,1
1977,Paul Westphal,1
1977,Bill Walton,1
1977,Julius Erving,1
1977,George McGinnis,1
1977,George Gervin,1
1977,Jo Jo White,1
1976,Kareem Abdul-Jabbar,1
1976,Rick Barry,1
1976,George McGinnis,1
1976,Tiny Archibald,1
1976,Pete Maravich,1
1976,Dave Cowens,1
1976,John Havlicek,1
1976,Elvin Hayes,1
1976,Phil Smith,1
1976,Randy Smith,1
1975,Bob McAdoo,1
1975,Rick Barry,1
1975,Elvin Hayes,1
1975,Tiny Archibald,1
1975,Walt Frazier,1
1975,Dave Cowens,1
1975,John Havlicek,1
1975,Spencer Haywood,1
1975,Phil Chenier,1
1975,Jo Jo White,1
1974,Kareem Abdul-Jabbar,1
1974,Rick Barry,1
1974,John Havlicek,1
1974,Walt Frazier,1
1974,Gail Goodrich,1
1974,Bob McAdoo,1
1974,Elvin Hayes,1
1974,Spencer Haywood,1
1974,Dave Bing,1
1974,Norm Van Lier,1
1973,Kareem Abdul-Jabbar,1
1973,John Havlicek,1
1973,Spencer Haywood,1
1973,Tiny Archibald,1
1973,Jerry West,1
1973,Dave Cowens,1
1973,Rick Barry,1
1973,Elvin Hayes,1
1973,Walt Frazier,1
1973,Pete Maravich,1
1972,Kareem Abdul-Jabbar,1
1972,John Havlicek,1
1972,Spencer Haywood,1
1972,Walt Frazier,1
1972,Jerry West,1
1972,Wilt Chamberlain,1
1972,Billy Cunningham,1
1972,Bob Love,1
1972,Tiny Archibald,1
1972,Archie Clark,1
1971,Kareem Abdul-Jabbar,1
1971,Billy Cunningham,1
1971,John Havlicek,1
1971,Dave Bing,1
1971,Jerry West,1
1971,Willis Reed,1
1971,Gus Johnson,1
1971,Bob Love,1
1971,Walt Frazier,1
1971,Oscar Robertson,1
1970,Willis Reed,1
1970,Billy Cunningham,1
1970,Connie Hawkins,1
1970,Walt Frazier,1
1970,Jerry West,1
1970,Kareem Abdul-Jabbar,1
1970,John Havlicek,1
1970,Gus Johnson,1
1970,Lou Hudson,1
1970,Oscar Robertson,1
1969,Wes Unseld,1
1969,Elgin Baylor,1
1969,Billy Cunningham,1
1969,Earl Monroe,1
1969,Oscar Robertson,1
1969,Willis Reed,1
1969,Dave DeBusschere,1
1969,John Havlicek,1
1969,Hal Greer,1
1969,Jerry West,1
1968,Wilt Chamberlain,1
1968,Elgin Baylor,1
1968,Jerry Lucas,1
1968,Dave Bing,1
1968,Oscar Robertson,1
1968,Bill Russell,1
1968,John Havlicek,1
1968,Willis Reed,1
1968,Hal Greer,1
1968,Jerry West,1
1967,Wilt Chamberlain,1
1967,Rick Barry,1
1967,Elgin Baylor,1
1967,Oscar Robertson,1
1967,Jerry West,1
1967,Bill Russell,1
1967,Jerry Lucas,1
1967,Willis Reed,1
1967,Hal Greer,1
1967,Sam Jones,1
1966,Wilt Chamberlain,1
1966,Rick Barry,1
1966,Jerry Lucas,1
1966,Oscar Robertson,1
1966,Jerry West,1
1966,Bill Russell,1
1966,John Havlicek,1
1966,Gus Johnson,1
1966,Hal Greer,1
1966,Sam Jones,1
1965,Bill Russell,1
1965,Elgin Baylor,1
1965,Jerry Lucas,1
1965,Oscar Robertson,1
1965,Jerry West,1
1965,Wilt Chamberlain,1
1965,Gus Johnson,1
1965,Bob Pettit,1
1965,Hal Greer,1
1965,Sam Jones,1
1964,Wilt Chamberlain,1
1964,Elgin Baylor,1
1964,Bob Pettit,1
1964,Oscar Robertson,1
1964,Jerry West,1
1964,Bill Russell,1
1964,Tom Heinsohn,1
1964,Jerry Lucas,1
1964,Hal Greer,1
1964,John Havlicek,1
1963,Bill Russell,1
1963,Elgin Baylor,1
1963,Bob Pettit,1
1963,Oscar Robertson,1
1963,Jerry West,1
1963,Wilt Chamberlain,1
1963,Tom Heinsohn,1
1963,Bailey Howell,1
1963,Bob Cousy,1
1963,Hal Greer,1
1962,Wilt Chamberlain,1
1962,Elgin Baylor,1
1962,Bob Pettit,1
1962,Oscar Robertson,1
1962,Jerry West,1
1962,Bill Russell,1
1962,Tom Heinsohn,1
1962,Jack Twyman,1
1962,Bob Cousy,1
1962,Richie Guerin,1
1961,Wilt Chamberlain,1
1961,Elgin Baylor,1
1961,Bob Pettit,1
1961,Bob Cousy,1
1961,Oscar Robertson,1
1961,Bill Russell,1
1961,Tom Heinsohn,1
1961,Dolph Schayes,1
1961,Larry Costello,1
1961,Gene Shue,1
1960,Wilt Chamberlain,1
1960,Elgin Baylor,1
1960,Bob Pettit,1
1960,Bob Cousy,1
1960,Gene Shue,1
1960,Bill Russell,1
1960,Dolph Schayes,1
1960,Jack Twyman,1
1960,Richie Guerin,1
1960,Bill Sharman,1
1959,Bill Russell,1
1959,Elgin Baylor,1
1959,Bob Pettit,1
1959,Bob Cousy,1
1959,Bill Sharman,1
1959,Dolph Schayes,1
1959,Paul Arizin,1
1959,Cliff Hagan,1
1959,Richie Guerin,1
1959,Slater Martin,1
1958,Bob Pettit,1
1958,Dolph Schayes,1
1958,George Yardley,1
1958,Bob Cousy,1
1958,Bill Sharman,1
1958,Bill Russell,1
1958,Cliff Hagan,1
1958,Maurice Stokes,1
1958,Tom Gola,1
1958,Slater Martin,1
1957,Bob Pettit,1
1957,Paul Arizin,1
1957,Dolph Schayes,1
1957,Bob Cousy,1
1957,Bill Sharman,1
1957,Neil Johnston,1
1957,Maurice Stokes,1
1957,George Yardley,1
1957,Dick Garmaker,1
1957,Slater Martin,1
1956,Neil Johnston,1
1956,Paul Arizin,1
1956,Bob Pettit,1
1956,Bob Cousy,1
1956,Bill Sharman,1
1956,Clyde Lovellette,1
1956,Dolph Schayes,1
1956,Maurice Stokes,1
1956,Jack George,1
1956,Slater Martin,1
1955,Bob Cousy,1
1955,Larry Foust,1
1955,Neil Johnston,1
1955,Bob Pettit,1
1955,Dolph Schayes,1
1955,Harry Gallatin,1
1955,Slater Martin,1
1955,Vern Mikkelsen,1
1955,Paul Seymour,1
1955,Bill Sharman,1
1954,Bob Cousy,1
1954,Harry Gallatin,1
1954,Neil Johnston,1
1954,George Mikan,1
1954,Dolph Schayes,1
1954,Carl Braun,1
1954,Ed Macauley,1
1954,Jim Pollard,1
1954,Paul Seymour,1
1954,Bobby Wanzer,1
1953,Bob Cousy,1
1953,Neil Johnston,1
1953,Ed Macauley,1
1953,George Mikan,1
1953,Dolph Schayes,1
1953,Bob Davies,1
1953,Vern Mikkelsen,1
1953,Andy Phillip,1
1953,Bill Sharman,1
1953,Bobby Wanzer,1
1952,Paul Arizin,1
1952,Bob Cousy,1
1952,Ed Macauley,1
1952,George Mikan,1
1952,Bob Davies,1
1952,Larry Foust,1
1952,Vern Mikkelsen,1
1952,Andy Phillip,1
1952,Jim Pollard,1
1952,Bobby Wanzer,1
1951,Ralph Beard,1
1951,Bob Davies,1
1951,Alex Groza,1
1951,Ed Macauley,1
1951,George Mikan,1
1951,Frankie Brian,1
1951,Joe Fulks,1
1951,Dick McGuire,1
1951,Vern Mikkelsen,1
1951,Dolph Schayes,1
1950,Bob Davies,1
1950,Alex Groza,1
1950,George Mikan,1
1950,Jim Pollard,1
1950,Max Zaslofsky,1
1950,Ralph Beard,1
1950,Frankie Brian,1
1950,Al Cervi,1
1950,Fred Schaus,1
1950,Dolph Schayes,1
