Player,PlayerID,Year,Pos,Age,Tm,G,MP,PG%,SG%,SF%,PF%,C%,OnCourt,On-Off,BadPass,LostBall,Shoot,Off.,Shoot,Off.,PGA,And1,Blkd
Precious Achiuwa,achiupr01,2021,PF,21,MIA,61,737,,,,42%,58%,-6.3,-8.0,14,13,48,14,59,6,79,10,32
Jaylen Adams,adamsja01,2021,PG,24,MIL,7,18,97%,3%,,,,-38.3,-44.1,0,0,1,0,0,0,5,0,0
Steven Adams,adamsst01,2021,C,27,NOP,58,1605,,,,,100%,-0.2,0.8,25,27,46,19,53,5,256,6,20
Bam Adebayo,adebaba01,2021,C,23,MIA,64,2143,,,,30%,70%,0.4,0.8,82,46,64,30,154,9,873,44,39
LaMarcus Aldridge,aldrila01,2021,C,35,TOT,26,674,,,,2%,98%,-3.4,-3.6,13,4,34,6,23,0,124,2,9
Ty-Shon Alexander,alexaty01,2021,SG,22,PHO,15,47,,,89%,11%,,-5.0,-11.3,2,1,1,0,1,0,15,0,0
Nickeil Alexander-Walker,alexani01,2021,SG,22,NOP,46,1007,3%,86%,12%,,,-2.5,-2.7,41,15,47,3,29,11,233,9,34
Grayson Allen,allengr01,2021,SG,25,MEM,50,1259,3%,86%,11%,,,0.7,-1.1,29,8,37,6,28,11,258,5,18
Jarrett Allen,allenja01,2021,C,22,TOT,63,1864,,,,5%,95%,-5.9,-0.4,47,24,62,15,127,12,256,26,37
Al-Farouq Aminu,aminual01,2021,PF,30,TOT,23,434,,,36%,64%,,-6.9,0.6,15,6,13,4,12,1,75,6,5
Kyle Anderson,anderky01,2021,PF,27,MEM,69,1887,,,3%,70%,27%,1.7,0.8,46,18,58,9,86,4,575,16,32
Giannis Antetokounmpo,antetgi01,2021,PF,26,MIL,61,2013,,,2%,86%,12%,8.4,6.7,71,50,53,53,295,5,926,79,56
Kostas Antetokounmpo,antetko01,2021,PF,23,LAL,15,56,,,,5%,95%,17.1,14.7,1,5,4,2,3,1,3,1,4
Thanasis Antetokounmpo,antetth01,2021,SF,28,MIL,57,551,,8%,60%,32%,1%,3.3,-2.6,14,9,37,9,25,10,118,6,12
Carmelo Anthony,anthoca01,2021,PF,36,POR,69,1690,,,,71%,29%,-1.4,-6.4,16,16,70,24,68,5,261,13,19
Cole Anthony,anthoco01,2021,PG,20,ORL,47,1273,91%,9%,,,,-12.1,-5.0,58,38,46,6,52,13,457,13,49
OG Anunoby,anunoog01,2021,SF,23,TOR,43,1433,,5%,63%,31%,1%,3.4,7.0,26,20,53,16,48,7,236,7,38
Ryan Arcidiacono,arcidry01,2021,PG,26,CHI,44,450,93%,7%,,,,0.9,1.9,6,2,17,2,9,19,130,4,3
Trevor Ariza,arizatr01,2021,SF,35,MIA,30,841,,,3%,96%,1%,3.1,4.0,10,4,23,4,18,10,133,1,9
D.J. Augustin,augusdj01,2021,PG,33,TOT,57,1129,100%,,,,,-2.9,-3.9,41,14,18,6,31,10,444,3,27
Deni Avdija,avdijde01,2021,SF,20,WAS,54,1257,,1%,73%,27%,,-2.5,-1.1,17,7,82,3,21,7,145,6,16
Deandre Ayton,aytonde01,2021,C,22,PHO,69,2115,,,,10%,90%,6.0,-0.2,20,36,128,25,97,3,238,30,46
Udoka Azubuike,azubuud01,2021,C,21,UTA,15,57,,,,,100%,-49.3,-59.8,1,0,7,1,5,0,0,0,1
Dwayne Bacon,bacondw01,2021,SG,25,ORL,72,1853,3%,40%,55%,2%,,-11.1,-4.5,26,9,44,4,85,5,232,19,39
Marvin Bagley III,baglema01,2021,PF,21,SAC,43,1112,,,,69%,31%,-3.2,0.6,12,20,57,15,69,18,106,12,42
LaMelo Ball,ballla01,2021,PG,19,CHO,51,1469,70%,30%,,,,-4.1,-3.4,102,26,45,5,74,6,733,23,33
Lonzo Ball,balllo01,2021,PG,23,NOP,55,1747,93%,7%,,,,0.8,2.7,78,20,41,16,23,6,717,5,16
Mo Bamba,bambamo01,2021,C,22,ORL,46,725,,,,,100%,-13.4,-5.6,10,12,57,10,34,3,84,9,18
Desmond Bane,banede01,2021,SG,22,MEM,68,1519,1%,47%,48%,4%,,-0.3,-2.8,25,12,66,6,16,3,287,7,35
Harrison Barnes,barneha02,2021,PF,28,SAC,58,2102,,,31%,66%,3%,-1.1,6.5,46,32,36,11,101,11,497,25,24
RJ Barrett,barrerj01,2021,SG,20,NYK,72,2511,5%,79%,16%,,,2.6,0.4,77,35,85,14,133,13,520,28,86
Will Barton,bartowi01,2021,SF,30,DEN,56,1736,,39%,53%,8%,,6.1,2.5,49,28,48,7,46,7,424,15,35
Keita Bates-Diop,bateske01,2021,SF,25,SAS,30,245,,10%,65%,25%,,-8.2,-7.0,1,2,6,2,10,0,27,3,8
Nicolas Batum,batumni01,2021,SF,32,LAC,67,1835,,,14%,84%,2%,9.0,5.3,42,7,48,2,26,13,354,7,6
Aron Baynes,baynear01,2021,C,34,TOR,53,980,,,,,100%,-4.9,-5.9,13,9,57,18,20,13,116,4,15
Kent Bazemore,bazemke01,2021,SF,31,GSW,67,1333,,39%,43%,17%,1%,6.7,9.5,40,24,75,9,35,19,261,8,14
Darius Bazley,bazleda01,2021,PF,20,OKC,55,1714,,4%,24%,68%,4%,-13.4,-5.1,52,47,34,10,89,4,245,17,53
Bradley Beal,bealbr01,2021,SG,27,WAS,60,2147,1%,73%,26%,,,-0.6,3.2,88,65,73,18,206,15,617,66,60
Malik Beasley,beaslma01,2021,SG,24,MIN,37,1214,1%,91%,8%,,,-7.3,-2.9,20,25,30,7,37,3,212,11,29
Jordan Bell,belljo01,2021,C,26,TOT,6,82,,,,52%,48%,-18.7,-17.6,2,1,6,0,0,1,17,0,3
DeAndre' Bembry,bembrde01,2021,SF,26,TOR,51,972,4%,41%,52%,3%,,0.7,2.0,41,22,30,2,34,9,263,7,21
Davis Bertans,bertada01,2021,PF,28,WAS,57,1464,,,,95%,5%,1.8,6.4,16,8,60,6,30,10,110,10,6
Patrick Beverley,beverpa01,2021,PG,32,LAC,37,832,79%,21%,,,,9.1,3.3,21,1,43,7,13,11,186,1,10
Saddiq Bey,beysa01,2021,SF,21,DET,70,1909,,3%,71%,26%,,-5.7,-2.7,27,7,52,8,69,4,236,17,34
Tyler Bey,beyty01,2021,SF,22,DAL,18,71,,,14%,68%,18%,-27.1,-30.0,1,1,3,0,3,1,8,1,2
Khem Birch,birchkh01,2021,C,28,TOT,67,1529,,,,35%,65%,-3.3,3.6,14,15,66,10,66,9,225,10,30
Goga Bitadze,bitadgo01,2021,C,21,IND,45,561,,,,,100%,-1.1,-1.3,5,1,58,5,28,0,85,4,15
Bismack Biyombo,biyombi01,2021,C,28,CHO,66,1349,,,,,100%,-8.2,-9.8,27,11,70,21,43,4,187,10,30
Nemanja Bjelica,bjeline01,2021,PF,32,TOT,37,595,,,,74%,26%,-6.5,-4.4,11,10,25,8,19,0,169,5,10
Eric Bledsoe,bledser01,2021,SG,31,NOP,71,2111,36%,64%,,,,-1.3,-1.9,71,25,58,10,86,26,629,22,26
Keljin Blevins,blevike01,2021,SF,25,POR,17,75,39%,43%,18%,,,-18.4,-20.9,3,0,6,0,0,0,10,0,4
Bogdan Bogdanovic,bogdabo01,2021,SG,28,ATL,44,1305,,28%,70%,2%,,4.2,2.6,28,15,42,5,16,6,357,2,19
Bojan Bogdanovic,bogdabo02,2021,SF,31,UTA,72,2216,,6%,45%,50%,,9.2,-0.9,44,55,38,13,100,8,352,18,61
Bol Bol,bolbo01,2021,PF,21,DEN,32,160,,,,52%,48%,-23.1,-29.4,2,7,8,0,7,0,17,3,0
Marques Bolden,boldema01,2021,C,22,CLE,6,29,,,,85%,15%,8.9,17.5,0,1,0,0,0,0,0,0,0
Jordan Bone,bonejo01,2021,PG,23,ORL,14,196,100%,,,,,-15.8,-7.2,2,0,2,0,0,2,44,0,0
Isaac Bonga,bongais01,2021,SF,21,WAS,40,432,,2%,62%,36%,,-1.5,0.4,9,4,29,2,4,9,52,2,1
Devin Booker,bookede01,2021,SG,24,PHO,67,2270,,94%,6%,,,7.2,3.1,102,52,74,29,176,17,716,43,46
Chris Boucher,bouchch01,2021,C,28,TOR,60,1453,,,,17%,83%,3.3,6.9,13,11,117,7,96,12,160,22,41
Brian Bowen,bowenbr02,2021,SF,22,IND,6,15,,24%,76%,,,0.0,0.0,0,0,1,0,1,0,0,1,0
Avery Bradley,bradlav01,2021,SG,30,TOT,27,602,49%,47%,4%,,,-9.9,-5.3,19,6,21,2,6,3,110,1,9
Tony Bradley,bradlto01,2021,C,23,TOT,42,684,,,,5%,95%,-1.6,2.5,8,9,32,13,27,0,82,3,18
Jarrell Brantley,brantja01,2021,PF,24,UTA,28,138,,1%,44%,51%,4%,-6.1,-16.2,3,2,14,1,1,0,41,0,4
Ignas Brazdeikis,brazdig01,2021,SF,22,TOT,13,249,,,20%,81%,,-5.6,2.8,3,3,13,4,5,1,38,0,8
Mikal Bridges,bridgmi01,2021,SF,24,PHO,72,2348,,7%,89%,4%,,7.6,4.4,35,14,60,3,61,14,361,17,24
Miles Bridges,bridgmi02,2021,PF,22,CHO,66,1932,,,4%,92%,4%,0.3,5.5,56,24,72,10,55,8,363,15,26
Amida Brimah,brimaam01,2021,C,26,IND,5,29,,,,6%,94%,37.6,38.0,2,0,2,1,2,0,2,1,0
Oshae Brissett,brissos01,2021,SF,22,IND,21,519,,1%,40%,41%,19%,5.5,6.6,2,6,26,1,32,2,47,5,6
Malcolm Brogdon,brogdma01,2021,PG,28,IND,56,1930,57%,38%,6%,,,-0.7,-1.5,76,27,40,7,67,5,789,18,66
Armoni Brooks,brookar01,2021,SG,22,HOU,20,520,58%,40%,2%,,,-13.4,-6.2,11,3,20,3,5,0,75,0,6
Dillon Brooks,brookdi01,2021,SF,25,MEM,67,1997,,12%,81%,6%,,4.4,7.2,59,34,98,16,93,13,358,22,40
Bruce Brown,brownbr01,2021,PG,24,BRK,65,1451,33%,65%,2%,,,5.2,0.4,27,19,71,2,56,1,265,11,39
Charlie Brown,brownch02,2021,SG,23,OKC,9,152,60%,39%,1%,,,-12.1,-1.3,1,3,9,0,5,3,20,1,2
Jaylen Brown,brownja02,2021,SG,24,BOS,58,1999,,48%,49%,3%,,1.2,0.6,56,63,58,21,114,7,464,34,62
Moses Brown,brownmo01,2021,C,21,OKC,43,920,,,,,100%,-19.1,-11.3,5,14,55,11,61,2,23,14,28
Sterling Brown,brownst02,2021,SG,25,HOU,51,1229,4%,41%,52%,3%,,-6.1,3.1,26,9,58,3,12,2,178,3,16
Troy Brown Jr.,browntr01,2021,SF,21,TOT,34,524,,25%,69%,6%,,1.5,3.1,12,4,23,4,12,4,70,7,7
Jalen Brunson,brunsja01,2021,PG,24,DAL,68,1697,78%,22%,,,,4.4,4.2,53,13,37,10,59,34,602,15,17
Elijah Bryant,bryanel01,2021,SG,25,MIL,1,32,12%,58%,20%,10%,,14.4,8.9,1,2,2,0,2,0,8,1,0
Thomas Bryant,bryanth01,2021,C,23,WAS,10,271,,,,,100%,-3.3,-1.6,2,4,18,4,16,3,35,10,2
Reggie Bullock,bullore01,2021,SF,29,NYK,65,1949,,2%,96%,2%,,1.9,-1.3,27,10,77,4,11,6,238,0,13
Trey Burke,burketr01,2021,PG,28,DAL,62,911,99%,1%,,,,0.6,-2.2,22,4,33,3,22,9,203,4,17
Alec Burks,burksal01,2021,SG,29,NYK,49,1255,1%,27%,73%,1%,,5.2,4.2,33,9,52,2,49,8,260,12,31
Jimmy Butler,butleji01,2021,SF,31,MIA,52,1745,,,70%,30%,,5.4,10.7,67,22,30,15,182,11,893,38,42
Bruno Caboclo,cabocbr01,2021,PF,25,HOU,6,36,,,,33%,67%,1.3,9.4,3,0,4,0,0,1,3,0,1
Devontae Cacok,cacokde01,2021,PF,24,LAL,20,98,,,4%,73%,23%,16.6,14.4,2,1,4,1,5,0,2,1,4
Kentavious Caldwell-Pope,caldwke01,2021,SG,27,LAL,67,1902,3%,39%,54%,4%,,2.8,0.4,34,16,52,6,42,22,305,10,22
Facundo Campazzo,campafa01,2021,PG,29,DEN,65,1425,100%,,,,,3.3,-2.5,50,10,43,7,29,27,575,9,8
Vlatko Cancar,cancavl01,2021,PF,23,DEN,41,281,,4%,48%,34%,15%,-17.0,-23.8,8,3,10,0,6,1,34,3,5
Devin Cannady,cannade01,2021,PG,24,ORL,8,74,100%,,,,,-12.7,-3.8,0,2,3,0,1,0,3,0,0
Clint Capela,capelca01,2021,C,26,ATL,63,1898,,,,,100%,7.4,10.5,12,18,72,25,105,2,119,21,50
Vernon Carey Jr.,careyve01,2021,C,19,CHO,19,115,,,,,100%,-7.2,-5.2,2,1,7,2,4,1,4,1,3
Jevon Carter,carteje01,2021,PG,25,PHO,60,717,18%,80%,2%,,,3.9,-2.7,9,4,30,1,4,3,177,2,7
Wendell Carter Jr.,cartewe01,2021,C,21,TOT,54,1375,,,,9%,91%,-9.3,-6.4,22,22,78,20,84,5,252,18,34
Michael Carter-Williams,cartemi01,2021,SG,29,ORL,31,800,71%,28%,1%,,,-2.7,8.1,33,23,30,8,40,28,311,14,21
Alex Caruso,carusal01,2021,PG,26,LAL,58,1216,100%,,,,,4.7,3.2,54,14,54,5,36,32,383,7,23
Willie Cauley-Stein,caulewi01,2021,C,27,DAL,53,906,,,,15%,85%,7.9,7.6,15,7,85,5,37,8,86,6,12
Chris Chiozza,chiozch01,2021,PG,25,BRK,22,232,100%,,,,,5.4,0.5,12,2,9,1,6,1,151,1,8
Marquese Chriss,chrisma01,2021,PF,23,GSW,2,27,,,,9%,91%,-44.3,-45.5,1,0,1,1,2,0,5,0,1
Gary Clark,clarkga01,2021,PF-SF,26,TOT,39,654,,3%,42%,55%,,-8.4,0.4,13,0,26,0,4,4,76,2,5
Brandon Clarke,clarkbr01,2021,PF,24,MEM,59,1415,,,18%,74%,8%,0.2,-1.9,13,12,50,4,68,7,221,29,31
Jordan Clarkson,clarkjo01,2021,SG,28,UTA,68,1818,24%,75%,1%,,,7.9,-3.5,41,42,37,13,61,4,418,16,39
Nicolas Claxton,claxtni01,2021,C,21,BRK,32,594,,,,1%,99%,13.6,10.4,6,7,39,4,37,3,68,10,11
Amir Coffey,coffeam01,2021,SG,23,LAC,44,394,,16%,74%,9%,,-2.4,-10.0,7,5,13,0,14,2,56,1,7
John Collins,collijo01,2021,PF,23,ATL,63,1848,,,,86%,14%,4.7,4.5,23,29,102,21,93,13,188,31,53
Mike Conley,conlemi01,2021,PG,33,UTA,51,1498,100%,,,,,17.0,13.2,68,24,29,5,58,22,768,8,24
Pat Connaughton,connapa01,2021,SG,28,MIL,69,1575,1%,36%,60%,3%,,7.0,2.6,20,6,63,4,15,11,195,2,16
Quinn Cook,cookqu01,2021,PG,27,TOT,23,157,100%,,,,,-1.5,2.6,5,2,6,0,4,0,44,2,7
Tyler Cook,cookty01,2021,SF-PF,23,TOT,32,438,,,1%,76%,23%,-4.0,0.0,8,5,13,4,21,0,41,7,8
DeMarcus Cousins,couside01,2021,C,30,TOT,41,713,,,,,100%,-4.1,0.0,30,16,56,12,33,10,187,9,22
Robert Covington,covinro01,2021,PF,30,POR,70,2243,,,14%,86%,1%,4.4,7.0,28,6,117,15,23,13,299,2,16
Torrey Craig,craigto01,2021,SF,30,TOT,50,803,,2%,52%,45%,,-2.5,-9.7,8,6,43,5,9,5,118,0,11
Jae Crowder,crowdja01,2021,PF,30,PHO,60,1648,,,25%,75%,,7.1,1.8,42,3,64,7,32,18,297,7,14
Jarrett Culver,culveja01,2021,SG,21,MIN,34,499,1%,7%,75%,18%,,-11.0,-6.5,11,8,35,3,21,5,61,2,16
Seth Curry,curryse01,2021,SG,30,PHI,57,1638,18%,81%,1%,,,8.0,4.4,30,15,31,8,21,8,366,5,16
Stephen Curry,curryst01,2021,PG,32,GSW,63,2152,82%,18%,,,,4.0,8.6,115,58,46,13,152,14,843,45,56
Nate Darling,darlina01,2021,SG,22,CHO,7,26,27%,65%,8%,,,-66.9,-65.2,0,0,0,0,0,1,2,0,0
Anthony Davis,davisan02,2021,PF,27,LAL,36,1162,,,,91%,10%,4.9,3.4,29,29,33,6,81,6,266,18,24
Ed Davis,davised01,2021,C,31,MIN,23,299,,,,,100%,-7.8,-2.6,1,0,36,6,6,2,53,0,8
Terence Davis,daviste02,2021,SG,23,TOT,61,1074,6%,48%,46%,1%,,-2.6,-0.4,35,16,44,6,27,2,202,9,30
Gabriel Deck,deckga01,2021,PF,25,OKC,10,212,,,14%,48%,39%,-12.6,-1.9,1,3,2,0,10,1,60,2,2
Dewayne Dedmon,dedmode01,2021,C,31,MIA,16,210,,,,,100%,15.9,16.9,2,5,18,4,13,1,32,5,3
Matthew Dellavedova,dellama01,2021,PG,30,CLE,13,224,73%,27%,,,,-2.7,6.1,5,1,7,0,1,1,140,0,5
DeMar DeRozan,derozde01,2021,PF,31,SAS,61,2056,,,31%,69%,,-2.5,-1.9,55,49,66,5,220,15,1044,51,60
Mamadi Diakite,diakima01,2021,PF,24,MIL,14,141,,,,13%,87%,5.4,-0.2,1,1,10,1,6,2,20,0,4
Hamidou Diallo,diallha01,2021,SG-SF,22,TOT,52,1226,11%,38%,48%,3%,,-7.8,1.2,31,16,57,16,101,7,248,26,33
Gorgui Dieng,dienggo01,2021,C,31,TOT,38,552,,,,,100%,-6.6,-7.5,10,7,32,9,32,3,111,7,7
Spencer Dinwiddie,dinwisp01,2021,SG,27,BRK,3,64,1%,98%,1%,,,28.7,24.2,4,0,1,1,3,0,24,0,0
Donte DiVincenzo,divindo01,2021,SG,24,MIL,66,1814,8%,84%,9%,,,7.3,3.7,52,19,49,12,26,17,472,3,31
Luka Doncic,doncilu01,2021,PG,21,DAL,66,2262,52%,44%,4%,,,3.3,3.0,182,69,73,14,210,7,1375,52,51
Luguentz Dort,dortlu01,2021,SG,21,OKC,52,1543,28%,71%,1%,,,-7.7,5.6,31,23,50,17,78,57,218,17,48
Damyean Dotson,dotsoda01,2021,SG,26,CLE,46,907,33%,47%,20%,1%,,-11.9,-4.8,25,9,21,4,17,2,215,3,14
Devon Dotson,dotsode01,2021,PG,21,CHI,11,50,100%,,,,,31.4,32.7,0,0,1,0,0,1,18,0,2
Sekou Doumbouya,doumbse01,2021,PF,20,DET,56,869,,,,93%,6%,-7.0,-3.3,9,14,29,11,32,3,112,6,29
PJ Dozier,doziepj01,2021,SG,24,DEN,50,1088,6%,53%,36%,4%,,10.1,7.6,20,17,44,4,35,10,222,10,25
Goran Dragic,dragigo01,2021,PG,34,MIA,50,1337,67%,33%,,,,0.8,1.3,72,22,45,15,41,9,535,8,23
Andre Drummond,drumman01,2021,C,27,TOT,46,1242,,,,3%,97%,-4.0,-0.2,52,34,62,27,106,9,217,30,68
Jared Dudley,dudleja01,2021,PF,35,LAL,12,81,,,15%,64%,21%,0.6,-2.1,2,0,3,0,0,0,13,0,1
Kris Dunn,dunnkr01,2021,PG,26,ATL,4,45,42%,51%,7%,,,-32.8,-35.8,0,3,2,0,2,0,6,0,2
Kevin Durant,duranke01,2021,PF,32,BRK,35,1157,,,21%,63%,16%,11.7,10.3,70,33,39,7,91,4,457,23,25
Anthony Edwards,edwaran01,2021,SG,19,MIN,72,2314,,27%,62%,10%,,-5.3,0.3,68,55,58,17,138,2,528,34,68
Carsen Edwards,edwarca01,2021,SG,22,BOS,31,276,28%,67%,6%,,,-5.2,-6.7,3,2,13,0,7,3,37,2,5
CJ Elleby,ellebcj01,2021,SF,20,POR,30,192,,48%,46%,6%,,-3.7,-5.9,3,2,21,0,7,2,24,1,2
Henry Ellenson,ellenhe01,2021,PF,24,TOR,2,38,,,,69%,31%,9.8,10.6,0,0,6,0,2,1,12,0,1
Wayne Ellington,ellinwa01,2021,SG,33,DET,46,1012,,90%,10%,,,-4.2,0.5,25,5,24,2,8,4,158,2,7
Joel Embiid,embiijo01,2021,C,26,PHI,51,1585,,,,,100%,12.4,12.3,62,54,65,23,225,5,350,42,45
James Ennis,ennisja01,2021,SF,30,ORL,41,986,3%,30%,51%,16%,,-3.5,7.6,12,13,40,7,40,12,142,9,19
Drew Eubanks,eubandr01,2021,C,23,SAS,54,755,,,,2%,98%,-5.4,-4.7,11,10,56,16,43,6,97,10,19
Dante Exum,exumda01,2021,SG,25,CLE,6,116,3%,45%,52%,,,4.5,13.4,4,1,4,0,1,4,26,0,0
Tacko Fall,fallta01,2021,C,25,BOS,19,136,,,,,100%,11.6,11.1,1,2,14,2,8,0,9,1,3
Derrick Favors,favorde01,2021,C,29,UTA,68,1039,,,,2%,98%,1.3,-11.7,18,4,101,9,37,2,124,12,16
Cristiano Felicio,feliccr01,2021,C,28,CHI,18,84,,,,,100%,11.4,12.5,2,1,3,1,7,1,18,0,1
Terrance Ferguson,fergute01,2021,SG,22,PHI,13,49,,13%,59%,28%,,-17.1,-23.0,4,0,4,0,0,0,5,0,0
Bruno Fernando,fernabr01,2021,C,22,ATL,33,226,,,,,100%,-4.7,-7.8,6,5,15,6,9,0,23,2,8
Yogi Ferrell,ferreyo01,2021,PG,27,TOT,10,136,100%,,,,,-0.7,-2.9,1,0,6,1,4,3,52,1,6
Dorian Finney-Smith,finnedo01,2021,PF,27,DAL,60,1921,,,47%,53%,,5.3,6.7,30,6,57,5,22,8,251,5,23
Malik Fitts,fittsma01,2021,PF,23,LAC,3,11,,,64%,36%,,-24.0,-30.7,0,0,3,0,0,0,0,0,1
Malachi Flynn,flynnma01,2021,PG,22,TOR,47,928,100%,,,,,-5.3,-6.2,24,11,34,4,23,3,336,9,13
Bryn Forbes,forbebr01,2021,SG,27,MIL,70,1354,40%,58%,2%,,,2.2,-5.5,12,6,40,11,22,1,115,6,22
Trent Forrest,forretr01,2021,PG,22,UTA,30,302,97%,3%,,,,-5.8,-16.8,10,6,9,2,9,0,119,1,3
Evan Fournier,fournev01,2021,SF-SG,28,TOT,42,1259,1%,22%,69%,7%,,-1.8,4.4,35,27,51,4,58,7,352,17,28
De'Aaron Fox,foxde01,2021,PG,23,SAC,58,2036,98%,2%,,,,-4.5,-2.1,90,68,64,8,216,23,1003,53,64
Robert Franks,frankro01,2021,PF,24,ORL,7,101,,,,85%,15%,-14.4,-5.6,0,1,6,0,6,2,12,1,1
Tim Frazier,fraziti01,2021,PG,30,MEM,5,62,100%,,,,,4.5,3.2,4,0,3,0,0,0,39,0,2
Markelle Fultz,fultzma01,2021,PG,22,ORL,8,215,93%,6%,1%,,,-4.9,4.3,9,6,10,3,8,1,103,5,7
Wenyen Gabriel,gabriwe01,2021,PF,23,NOP,21,241,,,3%,97%,,0.4,1.1,6,4,16,3,6,1,28,1,3
Daniel Gafford,gaffoda01,2021,PF-C,22,TOT,54,791,,,,14%,86%,3.6,5.6,12,17,71,7,50,12,66,13,12
Danilo Gallinari,gallida01,2021,PF,32,ATL,51,1222,,,,64%,36%,2.7,0.2,19,11,54,6,66,6,188,8,21
Langston Galloway,gallola01,2021,SG,29,PHO,40,438,15%,57%,27%,1%,,2.9,-3.7,7,0,12,4,11,1,63,4,1
Darius Garland,garlada01,2021,PG,21,CLE,54,1790,100%,,,,,-6.5,3.9,98,29,47,10,46,19,747,10,36
Marc Gasol,gasolma01,2021,C,36,LAL,52,993,,,,,100%,3.8,1.7,38,4,61,10,20,7,252,8,5
Rudy Gay,gayru01,2021,PF,34,SAS,63,1358,,,3%,88%,9%,4.4,10.1,28,24,59,7,45,4,208,8,21
Paul George,georgpa01,2021,SF,30,LAC,54,1821,,4%,90%,7%,,11.4,10.2,111,43,49,20,100,20,693,21,44
Taj Gibson,gibsota01,2021,C,35,NYK,45,936,,,,3%,98%,7.9,7.4,12,5,50,4,24,9,86,4,14
Harry Giles,gilesha01,2021,C,22,POR,38,348,,,,,100%,-8.0,-11.1,9,6,33,5,10,2,73,3,8
Shai Gilgeous-Alexander,gilgesh01,2021,SG,22,OKC,35,1180,7%,31%,62%,1%,,-7.9,4.4,59,31,29,7,87,4,523,21,40
Anthony Gill,gillan01,2021,PF,28,WAS,26,218,,3%,12%,74%,12%,0.1,2.1,1,4,10,2,5,6,25,2,5
Freddie Gillespie,gillefr01,2021,PF,23,TOR,20,392,,,3%,46%,51%,-10.2,-10.6,5,1,24,2,16,2,18,1,8
Rudy Gobert,goberru01,2021,C,28,UTA,71,2187,,,,,100%,16.6,19.1,26,37,81,27,182,14,233,43,41
Brandon Goodwin,goodwbr01,2021,PG,25,ATL,47,620,100%,,,,,-2.8,-6.5,18,11,13,5,13,3,229,3,19
Aaron Gordon,gordoaa01,2021,PF,25,TOT,50,1384,,,10%,90%,,2.4,6.2,58,16,41,13,68,3,382,16,29
Eric Gordon,gordoer01,2021,SG,32,HOU,27,789,44%,53%,3%,,,-4.7,4.4,24,13,23,8,50,0,173,10,19
Devonte' Graham,grahade01,2021,PG,25,CHO,55,1659,100%,,,,,1.8,7.5,64,16,31,2,54,12,713,4,23
Jerami Grant,grantje01,2021,SF,26,DET,54,1829,,,32%,68%,,-3.4,2.3,60,25,58,17,152,22,362,23,58
Danny Green,greenda02,2021,SF,33,PHI,69,1934,,,85%,14%,,7.3,3.8,36,10,72,7,13,7,273,2,12
Draymond Green,greendr01,2021,PF,30,GSW,63,1982,,,,60%,40%,4.9,9.6,148,16,100,16,41,30,1333,14,15
JaMychal Green,greenja01,2021,PF,30,DEN,58,1120,,,10%,79%,12%,3.7,-1.6,19,8,82,16,30,1,133,9,27
Javonte Green,greenja02,2021,SG-PG,27,TOT,41,473,18%,43%,39%,,,3.1,2.5,12,4,20,2,20,3,41,5,5
Jeff Green,greenje02,2021,C,34,BRK,68,1835,,,,57%,44%,3.7,-2.7,22,13,77,8,82,21,280,17,23
Josh Green,greenjo02,2021,SG,20,DAL,39,445,4%,41%,52%,4%,,2.0,-0.3,9,5,15,1,14,5,72,5,8
Blake Griffin,griffbl01,2021,PF,31,TOT,46,1186,,,6%,84%,10%,2.1,2.5,29,15,52,9,51,28,353,14,14
Kyle Guy,guyky01,2021,PG,23,SAC,31,235,100%,,,,,-7.5,-4.2,7,2,10,1,7,2,74,2,5
Rui Hachimura,hachiru01,2021,PF,22,WAS,57,1797,,,27%,71%,2%,-2.7,-1.8,17,27,57,11,76,5,203,18,54
Ashton Hagans,haganas01,2021,PG,21,MIN,2,4,,100%,,,,-40.0,-34.6,1,0,0,0,0,0,0,0,0
Tyrese Haliburton,halibty01,2021,PG,20,SAC,58,1746,22%,65%,13%,,,-4.8,-2.3,54,14,35,2,26,1,721,11,20
Donta Hall,halldo01,2021,PF,23,ORL,13,179,,,,32%,68%,-2.3,7.0,5,1,12,2,14,2,29,4,2
Josh Hall,halljo01,2021,SF,20,OKC,21,336,5%,48%,47%,1%,,-13.9,-3.4,7,10,26,3,24,0,68,4,10
R.J. Hampton,hamptrj01,2021,SG-PG,19,TOT,51,888,17%,70%,13%,,,-13.6,-9.5,32,14,28,4,37,2,210,6,19
Tim Hardaway Jr.,hardati02,2021,SG,28,DAL,70,1985,,15%,80%,5%,,1.2,-2.5,21,24,52,14,71,31,307,14,28
James Harden,hardeja01,2021,PG-SG,31,TOT,44,1609,27%,45%,29%,,,3.1,0.7,109,48,50,13,119,5,1113,20,47
Maurice Harkless,harklma01,2021,PF-SF,27,TOT,37,772,,1%,58%,42%,,-2.0,1.6,13,5,50,1,21,2,107,3,9
Jared Harper,harpeja01,2021,PG,23,NYK,8,16,100%,,,,,-5.7,-8.3,3,0,1,0,1,0,3,0,0
Montrezl Harrell,harremo01,2021,C,27,LAL,69,1580,,,,1%,99%,1.2,-2.5,24,29,72,13,134,28,174,42,42
Gary Harris,harriga01,2021,SG,26,TOT,39,1080,1%,79%,20%,,,-4.1,-2.9,20,8,40,3,35,5,194,8,25
Jalen Harris,harrija01,2021,SG,22,TOR,13,172,32%,64%,4%,,,0.3,1.1,10,3,11,0,5,0,44,1,7
Joe Harris,harrijo01,2021,SF,29,BRK,69,2141,,24%,52%,24%,,6.5,4.1,42,8,67,5,28,15,319,9,29
Tobias Harris,harrito02,2021,PF,28,PHI,62,2014,,,,89%,11%,7.3,4.0,45,38,76,16,78,1,539,14,63
Shaquille Harrison,harrish01,2021,SG,27,TOT,34,333,1%,62%,36%,,,-8.2,-14.5,3,2,15,2,9,0,66,2,9
Josh Hart,hartjo01,2021,SF,25,NOP,47,1349,,9%,86%,5%,,0.1,1.1,24,13,49,6,39,7,264,10,25
Isaiah Hartenstein,harteis01,2021,C,22,TOT,46,559,,,,,100%,0.4,2.5,17,4,47,18,33,7,130,9,14
Udonis Haslem,hasleud01,2021,C,40,MIA,1,3,,,,,100%,66.7,66.7,0,0,0,0,0,1,0,0,0
Jaxson Hayes,hayesja02,2021,C,20,NOP,60,964,,,,9%,91%,-1.0,-0.6,14,8,57,11,64,5,85,17,20
Killian Hayes,hayeski01,2021,PG,19,DET,26,670,56%,44%,1%,,,-9.0,-5.6,51,20,24,2,5,5,333,1,12
Gordon Hayward,haywago01,2021,SF,30,CHO,44,1496,,1%,85%,15%,,0.2,4.2,40,33,32,10,77,3,443,15,28
Juan Hernangomez,hernaju01,2021,PF,25,MIN,52,900,,,23%,77%,,-4.3,1.5,10,4,20,4,49,1,88,12,19
Willy Hernangomez,hernawi01,2021,C,26,NOP,47,846,,,,1%,99%,-0.1,0.6,14,8,36,7,44,4,120,11,26
Tyler Herro,herroty01,2021,SG,21,MIA,54,1635,28%,61%,12%,,,-2.8,-5.3,64,22,42,7,48,4,451,15,36
Buddy Hield,hieldbu01,2021,SG,28,SAC,71,2433,,44%,53%,3%,,-1.6,6.9,78,33,91,5,21,4,579,5,33
George Hill,hillge01,2021,PG,34,TOT,30,672,97%,3%,,,,0.1,3.9,17,11,12,0,20,8,176,7,12
Solomon Hill,hillso01,2021,PF,29,ATL,71,1513,,1%,53%,46%,,2.0,-1.0,25,4,57,6,23,5,183,6,8
Nate Hinton,hintona01,2021,SG,21,DAL,21,93,,17%,68%,15%,,-29.2,-32.4,3,1,6,0,2,1,19,0,3
Jaylen Hoard,hoardja01,2021,SF,21,OKC,19,320,,11%,63%,26%,,-8.9,2.1,9,5,12,0,22,1,52,3,14
Aaron Holiday,holidaa01,2021,PG,24,IND,66,1176,100%,,,,,-0.2,-0.2,39,16,36,4,33,12,295,2,32
Jrue Holiday,holidjr01,2021,PG,30,MIL,59,1907,85%,15%,,,,8.7,7.1,71,37,38,6,58,10,856,16,40
Justin Holiday,holidju01,2021,SG,31,IND,72,2183,3%,35%,51%,11%,,-0.7,-1.8,30,13,75,3,33,10,285,8,15
Rondae Hollis-Jefferson,holliro01,2021,PF,26,POR,11,107,,,40%,60%,,2.1,0.2,1,0,8,1,6,0,32,0,2
Richaun Holmes,holmeri01,2021,C,27,SAC,61,1782,,,,,100%,0.5,8.4,28,13,119,24,88,5,240,26,30
Rodney Hood,hoodro01,2021,SF,28,TOT,55,942,1%,25%,66%,8%,,-6.4,-9.4,17,10,37,7,15,6,140,4,8
Al Horford,horfoal01,2021,C,34,OKC,28,782,,,,5%,95%,-6.0,6.2,11,6,28,6,10,1,228,6,10
Talen Horton-Tucker,hortota01,2021,SG,20,LAL,65,1304,1%,27%,63%,9%,,1.3,-2.0,50,25,54,16,63,13,419,19,33
Danuel House,houseda01,2021,SF,27,HOU,36,932,,,25%,61%,14%,-12.1,-5.5,19,8,40,5,32,8,180,8,11
Dwight Howard,howardw01,2021,C,35,PHI,69,1196,,,,1%,99%,-2.2,-11.9,27,18,82,50,96,2,138,22,25
Markus Howard,howarma02,2021,SG,21,DEN,37,205,48%,47%,6%,,,-15.0,-21.2,14,2,8,0,2,1,42,1,8
Kevin Huerter,huertke01,2021,SG,22,ATL,69,2126,3%,90%,7%,,,1.8,-2.0,50,17,73,2,25,2,575,6,28
Elijah Hughes,hugheel01,2021,SF,22,UTA,18,64,,2%,80%,18%,,-26.0,-36.2,3,2,1,0,0,1,15,0,1
De'Andre Hunter,huntede01,2021,SF,23,ATL,23,678,,3%,67%,30%,,6.0,4.2,6,15,26,4,35,10,109,3,8
Chandler Hutchison,hutchch01,2021,SF,24,TOT,25,346,,12%,67%,21%,,-6.3,-5.1,6,5,18,3,13,4,42,3,7
Serge Ibaka,ibakase01,2021,C,31,LAC,41,955,,,,,100%,7.8,1.8,13,12,40,11,28,2,185,9,11
Andre Iguodala,iguodan01,2021,SF,37,MIA,63,1339,,24%,58%,18%,,-1.6,-2.7,44,8,54,5,13,10,349,2,2
Ersan Ilyasova,ilyaser01,2021,PF,33,UTA,17,148,,,,36%,64%,4.0,-5.8,3,2,16,2,1,3,10,0,4
Joe Ingles,inglejo01,2021,SF,33,UTA,67,1867,,2%,41%,58%,,12.0,5.4,74,21,25,16,33,9,780,9,14
Brandon Ingram,ingrabr01,2021,SF,23,NOP,61,2093,,10%,60%,30%,,0.4,2.5,77,50,64,17,131,9,701,34,53
Kyrie Irving,irvinky01,2021,PG,28,BRK,54,1886,97%,3%,,,,5.5,1.4,81,38,62,6,86,7,780,20,55
Wesley Iwundu,iwundwe01,2021,SF,26,TOT,41,539,,26%,59%,16%,,-7.8,-9.5,9,5,28,1,13,5,42,4,12
Frank Jackson,jacksfr01,2021,PG,22,DET,40,738,39%,61%,1%,,,-0.6,5.0,12,6,27,6,32,8,90,8,16
Jaren Jackson Jr.,jacksja02,2021,C,21,MEM,11,258,,,,33%,67%,-12.3,-14.7,5,4,28,3,19,3,30,5,7
Josh Jackson,jacksjo02,2021,SG,23,DET,62,1560,,66%,34%,1%,,-3.3,2.2,64,41,76,25,102,20,331,27,70
Justin Jackson,jacksju01,2021,SF,25,TOT,34,577,,31%,58%,11%,,-4.1,6.8,19,7,14,4,15,7,131,3,6
Reggie Jackson,jacksre01,2021,SG,30,LAC,67,1544,65%,33%,2%,,,8.0,2.7,49,13,58,4,33,10,513,10,20
Justin James,jamesju01,2021,SF,24,SAC,36,310,1%,10%,69%,20%,,-8.1,-4.9,6,6,11,1,18,2,51,2,9
LeBron James,jamesle01,2021,PG,36,LAL,45,1504,73%,26%,,,,8.6,10.6,101,37,27,10,131,11,835,44,27
Mike James,jamesmi02,2021,PG,30,BRK,13,236,100%,,,,,3.2,-1.9,12,7,7,0,11,1,139,1,5
DaQuan Jeffries,jeffrda01,2021,SG,23,TOT,31,493,3%,35%,46%,17%,,-5.3,0.7,7,2,28,2,5,5,56,2,8
Ty Jerome,jeromty01,2021,SG,23,OKC,33,788,47%,48%,5%,,,-8.9,2.5,27,7,33,3,14,4,290,1,10
Isaiah Joe,joeis01,2021,SG,21,PHI,41,383,59%,39%,2%,,,-0.3,-6.7,7,3,14,1,6,15,46,0,2
Alize Johnson,johnsal02,2021,PF,24,BRK,18,189,,5%,39%,56%,,-2.0,-7.4,5,3,9,0,4,1,35,1,8
Cameron Johnson,johnsca02,2021,PF,24,PHO,60,1437,,,5%,93%,3%,5.6,-0.9,18,13,41,3,29,16,210,11,17
James Johnson,johnsja01,2021,PF,33,TOT,51,1043,,1%,20%,78%,1%,-5.8,-7.8,20,18,70,10,38,3,238,11,15
Keldon Johnson,johnske04,2021,SF,21,SAS,69,1968,,6%,83%,12%,,-4.1,-5.4,29,27,74,11,108,3,280,31,66
Stanley Johnson,johnsst04,2021,PF,24,TOR,61,1006,,1%,37%,55%,7%,-6.2,-7.7,29,9,51,12,27,5,220,7,15
Tyler Johnson,johnsty01,2021,SG,28,BRK,39,684,12%,66%,19%,3%,,4.8,-0.2,12,4,26,0,7,8,112,0,6
Nikola Jokic,jokicni01,2021,C,25,DEN,72,2488,,,,1%,99%,6.6,6.4,130,63,102,16,145,5,1410,38,62
Damian Jones,jonesda03,2021,C,25,TOT,39,547,,,,2%,99%,-5.4,-4.8,6,6,42,12,28,3,75,6,8
Derrick Jones Jr.,jonesde02,2021,SF,23,POR,58,1318,1%,10%,87%,2%,,-0.1,-3.3,18,6,72,6,42,9,120,8,16
Mason Jones,jonesma05,2021,SG,22,TOT,32,334,33%,56%,7%,5%,,-12.9,-6.4,19,2,13,2,29,0,101,6,5
Tre Jones,jonestr01,2021,PG,21,SAS,37,269,92%,8%,,,,-16.7,-16.2,8,4,7,0,10,1,89,1,8
Tyus Jones,jonesty01,2021,PG,24,MEM,70,1222,100%,,,,,-3.0,-6.6,39,6,10,3,21,5,618,3,14
DeAndre Jordan,jordade01,2021,C,32,BRK,57,1246,,,,,100%,-0.8,-8.9,26,29,68,19,45,3,217,12,6
Cory Joseph,josepco01,2021,PG,29,TOT,63,1446,61%,39%,,,,-5.7,-2.7,47,21,61,7,33,16,512,8,24
Mfiondu Kabengele,kabenmf01,2021,PF,23,TOT,39,280,,,,39%,61%,-14.4,-11.5,5,4,25,3,11,1,41,2,3
Frank Kaminsky,kaminfr01,2021,C,27,PHO,47,715,,,,,100%,4.3,-2.3,13,6,43,1,31,7,188,6,21
Enes Kanter,kanteen01,2021,C,28,POR,72,1758,,,,2%,98%,4.0,4.1,20,26,113,21,79,2,213,24,68
Luke Kennard,kennalu01,2021,SG,24,LAC,63,1232,28%,61%,11%,,,0.4,-9.5,26,14,44,1,14,2,264,7,12
Louis King,kinglo02,2021,SF,21,SAC,6,85,,,44%,56%,,-1.7,2.0,2,1,3,0,3,0,22,2,0
Maxi Kleber,klebima01,2021,PF,29,DAL,50,1341,,,,85%,15%,4.9,4.3,13,9,53,8,11,9,172,1,5
Nathan Knight,knighna01,2021,PF,23,ATL,33,279,,,20%,41%,40%,-3.2,-6.3,3,2,12,4,22,1,21,2,10
Kevin Knox,knoxke01,2021,SF,21,NYK,42,464,,,59%,40%,1%,-2.9,-6.2,7,3,25,2,12,2,46,4,6
John Konchar,konchjo01,2021,SG,24,MEM,43,575,8%,57%,35%,,,1.5,0.2,13,3,25,2,10,2,123,0,12
Furkan Korkmaz,korkmfu01,2021,SG,23,PHI,55,1062,,16%,55%,28%,1%,6.9,1.8,31,9,35,1,33,9,195,6,11
Luke Kornet,kornelu01,2021,C-PF,25,TOT,31,348,,,,3%,97%,5.8,5.7,4,3,14,0,4,1,60,2,2
Rodions Kurucs,kurucro01,2021,SF-PF,22,TOT,21,125,,,4%,61%,35%,-0.2,2.5,7,5,8,1,0,0,25,0,2
Kyle Kuzma,kuzmaky01,2021,SF,25,LAL,68,1954,,,52%,48%,,-1.1,-8.5,41,28,66,21,47,9,304,13,24
Anthony Lamb,lamban01,2021,SF,23,HOU,24,415,,1%,12%,63%,24%,-10.7,-3.0,10,5,15,2,9,5,59,1,7
Jeremy Lamb,lambje01,2021,SG,28,IND,36,765,1%,29%,56%,14%,,-0.3,-0.3,10,7,38,3,36,9,126,6,11
Romeo Langford,langfro01,2021,SG,21,BOS,18,283,3%,65%,30%,2%,,-10.9,-12.9,7,2,15,0,7,8,29,2,5
Zach LaVine,lavinza01,2021,SG,25,CHI,58,2034,22%,51%,27%,,,-0.5,0.8,113,53,63,13,130,2,677,33,67
Jake Layman,laymaja01,2021,SF,26,MIN,45,627,,2%,60%,38%,,-7.6,-2.7,11,8,22,5,22,5,66,7,16
T.J. Leaf,leaftj01,2021,PF,23,POR,7,35,,,,100%,,-25.0,-27.2,1,0,1,0,1,0,2,0,2
Jalen Lecque,lecquja01,2021,PG,20,IND,4,12,55%,45%,,,,-19.2,-19.3,0,0,0,0,2,0,5,1,1
Damion Lee,leeda03,2021,SG,28,GSW,57,1079,,61%,36%,3%,,0.9,0.0,17,6,41,5,14,16,178,5,3
Saben Lee,leesa01,2021,PG,21,DET,48,781,100%,,,,,-5.4,-1.1,39,13,36,0,40,11,422,8,25
Alex Len,lenal01,2021,C,27,TOT,64,979,,,,,100%,-4.8,-3.7,15,17,81,17,62,1,123,10,20
Kawhi Leonard,leonaka01,2021,SF,29,LAC,52,1773,1%,59%,38%,3%,,12.8,12.8,39,38,30,14,117,4,695,28,28
Meyers Leonard,leoname01,2021,C,28,MIA,3,29,,,,,100%,-6.8,-6.9,2,0,5,0,0,0,6,0,0
Caris LeVert,leverca01,2021,SG,26,TOT,47,1486,6%,28%,42%,24%,,-0.3,-2.3,56,30,50,3,90,6,582,23,37
Kira Lewis Jr.,lewiski01,2021,PG,19,NOP,54,904,100%,,,,,0.7,1.8,21,3,56,1,20,12,292,2,26
Damian Lillard,lillada01,2021,PG,30,POR,67,2398,100%,,,,,3.9,6.6,143,38,42,15,176,26,1256,32,67
Nassir Little,littlna01,2021,PF,20,POR,48,640,,2%,82%,15%,1%,-2.8,-5.8,5,8,31,2,21,2,61,6,8
Kevon Looney,looneke01,2021,C,24,GSW,61,1161,,,,,100%,6.5,8.4,11,8,77,12,20,4,296,4,14
Brook Lopez,lopezbr01,2021,C,32,MIL,70,1902,,,,,100%,6.8,2.8,19,19,86,16,71,4,125,17,18
Robin Lopez,lopezro01,2021,C,32,WAS,71,1354,,,,,100%,-1.8,0.0,13,20,62,24,57,8,135,17,26
Didi Louzada,louzama01,2021,SF,21,NOP,3,56,,58%,42%,,,-11.9,-11.5,1,0,2,0,0,0,7,0,1
Kevin Love,loveke01,2021,PF,32,CLE,25,622,,,,79%,22%,-5.0,4.1,26,11,14,0,19,1,146,4,12
Kyle Lowry,lowryky01,2021,PG,34,TOR,46,1601,92%,8%,,,,-1.2,-0.8,81,21,50,15,62,39,816,13,25
Timothe Luwawu-Cabarrot,luwawti01,2021,SF,25,BRK,58,1050,,6%,59%,34%,,-0.4,-7.7,22,14,56,3,20,6,167,4,15
Trey Lyles,lylestr01,2021,PF,25,SAS,23,358,,,12%,77%,12%,-14.7,-14.4,3,1,10,1,12,0,31,1,0
Will Magnay,magnawi01,2021,C,22,NOP,1,3,,,,,100%,-142.9,-142.4,0,1,0,0,0,0,0,0,0
Thon Maker,makerth01,2021,C,23,CLE,8,76,,,7%,44%,49%,-9.4,-1.0,1,0,3,2,5,0,9,1,1
Theo Maledon,maledth01,2021,PG,19,OKC,65,1778,99%,1%,,,,-17.1,-12.8,76,33,54,6,61,4,560,14,19
Karim Mane,maneka01,2021,PG,20,ORL,10,88,16%,53%,31%,,,-12.4,-3.6,1,1,6,0,3,0,10,1,7
Terance Mann,mannte01,2021,SG,24,LAC,67,1263,5%,65%,28%,2%,,3.4,-5.0,10,13,52,8,39,7,262,8,34
Nico Mannion,mannini01,2021,PG,19,GSW,30,364,100%,,,,,-9.3,-11.3,18,5,19,1,12,5,168,2,7
Boban Marjanovic,marjabo01,2021,C,32,DAL,33,271,,,,,100%,3.6,1.4,3,7,16,1,19,0,21,4,15
Lauri Markkanen,markkla01,2021,PF,23,CHI,51,1317,,,2%,47%,51%,-2.4,-2.5,26,16,45,8,45,6,110,15,26
Naji Marshall,marshna01,2021,SF,23,NOP,32,700,,14%,78%,7%,,-2.5,-2.5,23,7,37,1,36,3,199,7,14
Caleb Martin,martica02,2021,SF,25,CHO,53,818,1%,39%,56%,4%,,-4.9,-3.6,18,7,32,3,31,17,164,8,15
Cody Martin,martico01,2021,SF,25,CHO,52,849,,21%,76%,3%,,1.1,4.3,20,11,23,4,25,11,207,7,16
Jeremiah Martin,martije02,2021,PG,24,CLE,9,75,100%,,,,,-21.7,-13.6,3,2,0,0,2,1,10,0,5
Kelan Martin,martike03,2021,SF,25,IND,35,322,,7%,52%,39%,2%,13.9,15.3,5,7,12,3,5,0,40,2,8
Kenyon Martin Jr.,martike04,2021,SF,20,HOU,45,1068,,3%,39%,48%,10%,-11.9,-5.5,11,15,55,8,44,2,125,8,25
Frank Mason III,masonfr01,2021,PG,26,ORL,4,79,100%,,,,,-10.1,-1.1,4,0,3,1,4,0,25,1,5
Garrison Mathews,mathega01,2021,SG,24,WAS,64,1038,2%,20%,73%,4%,,-5.5,-5.2,5,4,54,1,32,43,65,5,9
Dakota Mathias,mathida01,2021,SG,25,PHI,8,123,,48%,52%,,,-12.7,-19.0,0,0,3,0,1,1,29,1,0
Wesley Matthews,matthwe02,2021,SG,34,LAL,58,1130,8%,63%,29%,1%,,2.0,-0.9,20,4,42,1,14,23,129,2,3
Tyrese Maxey,maxeyty01,2021,SG,20,PHI,61,935,42%,47%,11%,,,-2.1,-10.6,22,11,47,2,37,2,291,13,25
Skylar Mays,mayssk01,2021,SG,23,ATL,33,269,33%,64%,3%,,,2.4,-0.2,6,1,10,2,11,1,72,1,8
Patrick McCaw,mccawpa01,2021,SF,25,TOR,5,33,,,83%,17%,,-28.1,-27.6,0,0,2,0,2,0,10,1,0
CJ McCollum,mccolcj01,2021,SG,29,POR,47,1600,19%,79%,2%,,,5.5,6.7,40,16,39,4,66,5,562,25,30
T.J. McConnell,mccontj01,2021,PG,28,IND,69,1796,55%,45%,,,,2.1,4.5,84,31,41,2,18,22,1093,8,31
Jaden McDaniels,mcdanja02,2021,PF,20,MIN,63,1511,,,22%,76%,2%,-3.3,3.6,24,12,102,5,18,6,178,4,13
Jalen McDaniels,mcdanja01,2021,SF,23,CHO,47,904,,,65%,35%,,-9.0,-9.2,17,10,44,7,33,6,135,9,23
Doug McDermott,mcderdo01,2021,PF,29,IND,66,1619,,,23%,70%,8%,-2.4,-4.5,25,13,54,8,51,5,201,18,49
Sean McDermott,mcderse01,2021,SF,24,MEM,18,158,,30%,63%,7%,,-17.5,-19.8,3,0,0,0,3,0,10,0,2
JaVale McGee,mcgeeja01,2021,C,33,TOT,46,678,,,,,100%,-4.5,0.4,27,10,59,16,29,2,89,5,13
Rodney McGruder,mcgruro01,2021,SG,29,DET,16,194,30%,68%,2%,,,-2.3,2.3,1,3,7,1,4,2,38,2,1
Alfonzo McKinnie,mckinal01,2021,SF,28,LAL,39,258,,12%,68%,20%,,2.7,0.1,2,2,12,0,8,6,15,1,7
Jordan McLaughlin,mclaujo01,2021,PG,24,MIN,51,938,100%,,,,,-6.4,-1.4,34,13,23,2,6,13,461,1,24
Ben McLemore,mclembe01,2021,SG,27,TOT,53,905,52%,44%,4%,,,-5.1,-1.6,23,12,47,6,19,2,93,4,16
Nicolo Melli,mellini01,2021,PF,30,TOT,45,566,,,,92%,8%,2.6,1.6,4,3,36,2,8,1,112,2,7
De'Anthony Melton,meltode01,2021,PG,22,MEM,52,1045,12%,87%,1%,,,6.0,6.7,35,21,46,6,24,0,307,6,23
Sam Merrill,merrisa01,2021,SG,24,MIL,30,233,36%,56%,8%,,,-6.9,-13.4,6,2,7,0,1,2,52,0,6
Chimezie Metu,metuch01,2021,C,23,SAC,36,488,,,,38%,62%,-6.0,-2.8,11,7,35,9,19,2,68,2,11
Khris Middleton,middlkh01,2021,SF,29,MIL,68,2269,,3%,72%,25%,,5.4,-0.5,91,54,73,14,94,9,873,26,52
Darius Miller,milleda01,2021,SF,30,OKC,18,197,28%,49%,24%,,,8.2,20.2,2,3,5,0,6,0,51,2,0
Patty Mills,millspa02,2021,PG,32,SAS,68,1685,100%,,,,,1.5,6.3,37,17,31,3,20,23,373,4,18
Paul Millsap,millspa01,2021,PF,35,DEN,56,1162,,,2%,78%,20%,4.4,-0.6,24,16,66,7,45,10,240,13,26
Shake Milton,miltosh01,2021,SG,24,PHI,63,1461,3%,40%,50%,7%,,4.2,-2.5,51,28,59,10,77,12,478,20,48
Donovan Mitchell,mitchdo01,2021,PG,24,UTA,53,1771,59%,41%,,,,8.0,-3.2,84,48,47,7,124,10,699,29,47
Adam Mokoka,mokokad01,2021,SG,22,CHI,14,56,11%,56%,25%,9%,,-4.5,-3.7,4,1,2,0,1,0,12,1,1
Malik Monk,monkma01,2021,SG,22,CHO,42,878,5%,66%,29%,,,0.5,3.5,37,9,24,6,31,3,207,9,19
E'Twaun Moore,mooreet01,2021,SG,31,PHO,27,389,26%,58%,16%,1%,,-0.4,-7.3,11,4,12,4,5,1,93,0,11
Ja Morant,moranja01,2021,PG,21,MEM,63,2053,96%,4%,,,,2.7,3.4,133,44,41,8,155,12,1106,26,68
Juwan Morgan,morgaju01,2021,PF,23,UTA,29,147,,,,29%,71%,-31.4,-42.8,2,0,15,2,2,0,23,1,2
Marcus Morris,morrima03,2021,PF,31,LAC,57,1502,,,,85%,15%,5.1,-2.6,24,19,67,9,33,9,146,8,11
Markieff Morris,morrima02,2021,PF,31,LAL,61,1200,,,,93%,7%,0.1,-3.9,26,14,48,9,22,10,179,5,7
Monte Morris,morrimo01,2021,PG,25,DEN,47,1196,69%,31%,,,,5.9,1.6,22,8,25,2,27,2,376,6,23
Mychal Mulder,muldemy01,2021,PG,26,GSW,60,766,84%,16%,,,,3.1,3.0,6,6,30,1,10,6,65,1,5
Dejounte Murray,murrade01,2021,PG,24,SAS,67,2139,63%,38%,,,,1.7,8.9,68,32,47,7,61,8,847,19,56
Jamal Murray,murraja01,2021,PG,23,DEN,48,1704,51%,41%,7%,1%,,7.6,5.3,53,37,42,9,52,19,553,10,26
Mike Muscala,muscami01,2021,C,29,OKC,35,645,,,,,100%,-1.0,12.1,10,6,37,2,14,3,67,6,6
Svi Mykhailiuk,mykhasv01,2021,SF-SG,23,TOT,66,1324,5%,51%,44%,1%,,-8.2,-0.5,38,29,22,8,17,9,268,3,28
Abdel Nader,naderab01,2021,SF,27,PHO,24,355,,21%,67%,12%,,3.7,-2.8,4,4,16,7,19,4,44,4,7
Larry Nance Jr.,nancela02,2021,PF,28,CLE,35,1091,,1%,13%,84%,2%,-6.5,2.8,29,14,34,7,17,5,256,1,12
Aaron Nesmith,nesmiaa01,2021,SF,21,BOS,46,669,,21%,61%,18%,,-0.3,-1.5,10,7,48,1,9,6,54,1,12
Raul Neto,netora01,2021,PG,28,WAS,64,1403,87%,13%,,,,-0.6,2.1,28,14,65,4,34,37,345,4,31
Georges Niang,niangge01,2021,PF,27,UTA,72,1154,,,6%,94%,,14.9,8.0,25,11,49,9,10,3,139,1,10
Zeke Nnaji,nnajize01,2021,PF,20,DEN,42,397,,,4%,71%,25%,-7.9,-14.3,3,1,21,1,6,1,23,1,8
Nerlens Noel,noelne01,2021,C,26,NYK,64,1547,,,,,100%,0.7,-3.2,23,23,84,13,30,12,106,5,12
Jaylen Nowell,nowelja01,2021,SG,21,MIN,42,759,23%,63%,14%,,,-6.3,-1.1,14,9,42,0,24,5,154,5,16
Frank Ntilikina,ntilila01,2021,PG,22,NYK,33,322,46%,53%,1%,,,-1.5,-4.4,8,3,18,0,5,4,48,1,3
Kendrick Nunn,nunnke01,2021,PG,25,MIA,56,1650,100%,,,,,0.1,0.2,47,19,66,7,23,3,344,6,35
James Nunnally,nunnaja01,2021,SF,30,NOP,9,48,,49%,51%,,,-7.4,-6.9,2,0,1,0,0,0,7,0,0
Jusuf Nurkic,nurkiju01,2021,C,26,POR,37,880,,,,,100%,7.3,7.3,34,14,56,19,57,7,302,15,30
David Nwaba,nwabada01,2021,SF,28,HOU,30,679,,9%,44%,40%,7%,-1.3,8.4,5,9,27,1,37,13,79,12,26
Jordan Nwora,nworajo01,2021,SF,22,MIL,30,274,,,24%,73%,3%,1.0,-5.0,10,7,11,1,8,1,15,1,14
Royce O'Neale,onealro01,2021,SF,27,UTA,71,2241,4%,37%,58%,,,10.9,3.7,49,10,87,8,14,22,475,2,9
Semi Ojeleye,ojelese01,2021,PF,26,BOS,56,950,,,3%,94%,3%,0.3,-0.9,8,2,34,4,15,11,86,4,10
Jahlil Okafor,okafoja01,2021,C,25,DET,27,347,,,,,100%,-10.3,-6.4,8,4,29,4,13,3,30,2,14
Chuma Okeke,okekech01,2021,PF,22,ORL,45,1133,,2%,21%,77%,,-6.4,3.8,24,8,31,0,19,5,243,5,15
Josh Okogie,okogijo01,2021,SG,22,MIN,59,1197,,49%,46%,4%,,-5.9,-0.7,25,8,59,2,48,28,149,10,22
Onyeka Okongwu,okongon01,2021,C,20,ATL,50,601,,,,10%,90%,-5.7,-10.0,6,7,63,14,28,2,47,7,15
Isaac Okoro,okorois01,2021,SG,20,CLE,67,2173,3%,45%,51%,2%,,-8.9,-1.2,41,27,96,8,83,14,318,21,53
KZ Okpala,okpalkz01,2021,PF,21,MIA,37,447,,,23%,78%,,-7.5,-8.6,6,3,24,4,9,2,48,3,9
Victor Oladipo,oladivi01,2021,SG,28,TOT,33,1080,10%,65%,25%,,,-3.6,1.8,41,27,32,8,58,21,373,14,39
Cameron Oliver,oliveca01,2021,SF,24,HOU,4,87,,,,5%,95%,-7.9,0.2,0,1,8,2,1,0,13,1,2
Kelly Olynyk,olynyke01,2021,C-PF,29,TOT,70,1997,,,,22%,78%,-3.2,0.4,59,21,92,27,76,22,486,18,31
Miye Oni,onimi01,2021,SG,23,UTA,54,519,9%,49%,41%,,,9.0,-0.6,10,3,24,1,2,2,79,0,3
Cedi Osman,osmande01,2021,SF,25,CLE,59,1510,1%,13%,75%,12%,,-10.5,-3.8,52,19,54,3,41,14,415,10,33
Daniel Oturu,oturuda01,2021,C,21,LAC,30,161,,,,18%,82%,2.2,-4.6,4,0,16,2,6,2,23,0,13
Kelly Oubre Jr.,oubreke01,2021,SF,25,GSW,55,1687,,33%,40%,25%,2%,-5.3,-12.1,26,23,60,11,92,23,173,24,53
Jabari Parker,parkeja01,2021,PF,25,TOT,13,165,,,,54%,46%,-6.4,-6.7,4,3,6,1,7,2,26,1,0
Eric Paschall,pascher01,2021,PF,24,GSW,40,695,,,2%,33%,65%,-6.7,-9.4,9,17,33,13,51,3,139,16,25
Anzejs Pasecniks,pasecan01,2021,C,25,WAS,1,6,,,,,100%,-100.0,-98.3,2,1,0,2,0,0,2,0,0
Patrick Patterson,pattepa01,2021,PF,31,LAC,38,582,,,3%,53%,45%,1.6,-6.0,4,2,22,3,7,3,74,1,6
Justin Patton,pattoju01,2021,C,23,HOU,13,247,,,,,100%,-15.7,-8.3,4,0,27,0,2,0,36,0,4
Chris Paul,paulch01,2021,PG,35,PHO,70,2199,100%,,,,,6.9,2.1,106,31,60,10,34,12,1484,7,10
Cameron Payne,payneca01,2021,PG,26,PHO,60,1079,92%,8%,,,,8.7,3.7,37,11,43,3,23,22,534,3,15
Elfrid Payton,paytoel01,2021,PG,26,NYK,63,1484,97%,3%,,,,-2.8,-9.4,57,24,44,8,54,5,486,17,78
Gary Payton II,paytoga02,2021,PG,28,GSW,10,40,2%,41%,57%,,,8.7,7.9,1,0,4,0,2,0,3,2,0
Norvel Pelle,pelleno01,2021,C,27,TOT,13,84,,,,,100%,12.5,9.6,1,0,8,2,1,0,4,0,3
Reggie Perry,perryre01,2021,PF,20,BRK,26,211,,,9%,56%,34%,-4.9,-10.5,7,4,25,3,6,1,32,2,11
Theo Pinson,pinsoth01,2021,SG,25,NYK,17,34,3%,48%,49%,,,-11.9,-14.6,0,1,1,0,0,0,3,0,0
Mason Plumlee,plumlma01,2021,C,30,DET,56,1499,,,,,100%,-5.3,-1.4,50,30,101,15,72,5,500,15,35
Jakob Poeltl,poeltja01,2021,C,25,SAS,69,1845,,,,,100%,3.2,10.3,33,15,113,26,53,4,304,23,29
Vincent Poirier,poirivi01,2021,C,27,PHI,10,39,,,,,100%,-19.8,-25.7,1,2,7,0,1,0,5,0,2
Aleksej Pokusevski,pokusal01,2021,PF,19,OKC,45,1090,,,1%,82%,17%,-17.3,-9.6,48,29,45,4,18,1,232,2,10
Jordan Poole,poolejo01,2021,SG,21,GSW,51,988,28%,55%,14%,3%,,-0.1,-1.4,20,18,41,3,53,6,241,12,17
Jontay Porter,portejo01,2021,PF,21,MEM,11,54,,,,81%,19%,2.7,1.4,5,1,7,1,2,0,2,0,0
Kevin Porter Jr.,porteke02,2021,SG,20,HOU,26,835,30%,59%,12%,,,-13.0,-6.5,51,31,22,5,41,3,386,7,26
Michael Porter Jr.,portemi01,2021,SF,22,DEN,61,1912,,2%,74%,24%,,8.2,7.4,25,28,73,10,66,2,168,17,24
Otto Porter,porteot01,2021,SF-PF,27,TOT,28,606,,3%,45%,53%,,-2.8,-1.7,15,5,20,3,14,1,129,5,5
Bobby Portis,portibo01,2021,C,25,MIL,66,1372,,,,19%,81%,5.3,-0.5,15,17,75,10,33,3,183,9,42
Kristaps Porzingis,porzikr01,2021,C,25,DAL,43,1327,,,,,100%,-0.7,-4.9,20,14,77,7,68,5,172,16,32
Dwight Powell,poweldw01,2021,C,29,DAL,58,966,,,,14%,87%,4.0,2.4,9,10,72,16,51,14,152,9,16
Norman Powell,powelno01,2021,SG-SF,27,TOT,69,2205,2%,42%,56%,,,1.7,1.7,49,42,59,13,113,11,325,23,69
Taurean Prince,princta02,2021,PF,26,TOT,41,905,,1%,46%,53%,,-5.3,0.1,27,10,37,5,30,10,173,7,15
Payton Pritchard,pritcpa01,2021,SG,23,BOS,66,1268,42%,54%,5%,,,0.3,-1.0,25,10,48,3,21,6,286,3,21
Immanuel Quickley,quickim01,2021,PG,21,NYK,64,1243,61%,39%,,,,6.8,6.6,27,14,42,6,58,4,310,14,25
Jahmi'us Ramsey,ramseja01,2021,SG,19,SAC,13,94,29%,70%,1%,,,-0.6,3.1,3,0,3,0,2,0,15,1,1
Chasson Randle,randlch01,2021,PG,27,ORL,41,837,94%,6%,,,,-14.2,-6.9,29,9,38,3,22,5,175,4,13
Julius Randle,randlju01,2021,PF,26,NYK,71,2667,,,,96%,4%,2.6,0.2,100,71,73,43,180,7,1092,49,70
Cam Reddish,reddica01,2021,SF,21,ATL,26,750,,27%,72%,1%,,-3.0,-7.1,12,14,34,4,39,4,83,4,22
J.J. Redick,redicjj01,2021,SG,36,TOT,44,723,14%,82%,3%,,,-1.4,-1.9,17,8,29,6,19,14,113,7,8
Paul Reed,reedpa01,2021,PF,21,PHI,26,177,,,8%,54%,38%,9.7,4.3,3,5,14,1,4,0,29,2,11
Naz Reid,reidna01,2021,C,21,MIN,70,1347,,,,12%,88%,-10.7,-8.7,22,27,116,12,89,15,177,24,31
Cameron Reynolds,reynoca01,2021,SF,25,TOT,5,40,,,27%,73%,,-31.7,-24.8,0,0,2,0,0,0,6,0,0
Nick Richards,richani01,2021,PF,23,CHO,18,63,,,,48%,52%,-14.0,-12.1,0,2,2,0,4,1,4,0,1
Josh Richardson,richajo01,2021,SG,27,DAL,59,1790,,80%,19%,,,0.0,-4.7,38,24,64,4,39,15,391,10,22
Grant Riller,rillegr01,2021,PG,23,CHO,7,27,100%,,,,,-15.9,-13.8,0,1,0,0,0,1,7,0,0
Austin Rivers,riverau01,2021,SG,28,TOT,36,845,20%,79%,1%,,,0.9,-3.1,15,9,26,6,12,9,197,1,14
Andre Roberson,roberan03,2021,SG,29,BRK,5,63,,,38%,62%,,-12.7,-18.0,0,1,0,1,1,0,9,0,2
Duncan Robinson,robindu01,2021,SF,26,MIA,72,2262,,45%,34%,21%,,1.9,5.1,37,11,90,18,25,17,294,10,19
Glenn Robinson III,robingl02,2021,SF,27,SAC,23,369,,1%,60%,39%,,-16.1,-14.0,3,6,12,0,9,1,50,1,8
Jerome Robinson,robinje01,2021,SG,23,WAS,17,305,13%,78%,9%,,,-15.6,-15.1,13,3,19,1,10,9,59,3,5
Justin Robinson,robinju01,2021,PG,23,OKC,9,88,100%,,,,,-27.2,-16.8,1,1,6,0,2,2,22,1,0
Mitchell Robinson,robinmi01,2021,C,22,NYK,31,853,,,,,100%,-1.7,-5.5,1,10,52,13,28,2,38,5,13
Isaiah Roby,robyis01,2021,PF,22,OKC,61,1425,,,24%,46%,30%,-14.5,-6.1,44,39,89,18,53,8,253,10,38
Rajon Rondo,rondora01,2021,PG,34,TOT,45,770,91%,9%,,,,1.2,-3.7,56,15,12,4,6,6,496,1,17
Derrick Rose,rosede01,2021,PG,32,TOT,50,1279,100%,,,,,5.2,6.6,45,25,30,3,62,10,520,10,31
Terrence Ross,rosste01,2021,SG,29,ORL,46,1347,15%,65%,20%,1%,,-8.4,0.8,38,19,37,9,55,3,259,13,28
Terry Rozier,roziete01,2021,SG,26,CHO,69,2383,16%,76%,8%,,,-2.1,0.1,67,32,52,17,74,25,720,23,37
Ricky Rubio,rubiori01,2021,PG,30,MIN,68,1772,99%,1%,,,,-5.2,0.5,84,17,37,4,51,19,1031,7,32
D'Angelo Russell,russeda01,2021,PG,24,MIN,42,1196,51%,49%,,,,-7.4,-3.0,75,27,27,6,58,10,586,11,18
Domantas Sabonis,sabondo01,2021,PF,24,IND,62,2231,,,,51%,50%,-2.0,-5.3,80,66,87,41,152,9,1008,45,54
Luka Samanic,samanlu01,2021,PF,21,SAS,33,308,,,,90%,10%,-5.6,-4.3,6,5,27,4,14,2,32,4,8
JaKarr Sampson,sampsja02,2021,PF,27,IND,29,316,,,17%,47%,35%,0.4,0.5,4,4,27,1,16,3,9,4,7
Dario Saric,saricda01,2021,C,26,PHO,50,871,,,,19%,82%,11.4,7.1,23,17,59,9,44,9,156,7,30
Tomas Satoransky,satorto01,2021,SG,29,CHI,58,1307,3%,44%,45%,8%,,0.3,1.7,70,17,46,5,37,13,642,14,15
Dennis Schroder,schrode01,2021,SG,27,LAL,61,1956,42%,54%,4%,,,2.5,-0.4,97,41,54,12,96,28,855,13,74
Mike Scott,scottmi01,2021,PF,32,PHI,51,852,,,3%,90%,7%,-0.3,-7.8,9,5,37,3,5,5,100,1,8
Jay Scrubb,scrubja01,2021,SG,20,LAC,4,84,,11%,75%,13%,,1.2,-5.5,3,1,2,0,2,2,2,1,4
Collin Sexton,sextoco01,2021,SG,22,CLE,60,2115,42%,57%,,,,-9.2,-1.9,64,59,58,22,163,22,623,39,97
Landry Shamet,shamela01,2021,SG,23,BRK,61,1403,10%,43%,42%,6%,,2.4,-4.2,27,9,49,5,30,12,240,4,23
Iman Shumpert,shumpim01,2021,SG,30,BRK,2,11,,,100%,,,-0.2,-5.2,1,0,0,0,0,0,0,0,0
Pascal Siakam,siakapa01,2021,PF,26,TOR,56,2006,,,3%,79%,18%,2.9,8.6,56,31,59,26,148,10,647,37,63
Chris Silva,silvach01,2021,PF,24,TOT,15,92,,,,49%,51%,0.3,0.6,3,2,14,3,6,1,14,0,3
Ben Simmons,simmobe01,2021,PG,24,PHI,58,1877,98%,2%,,,,8.5,6.2,86,43,64,34,126,19,1010,25,45
Anfernee Simons,simonan01,2021,SG,21,POR,64,1104,62%,38%,,,,0.4,-2.2,21,14,52,3,25,3,232,3,17
Deividas Sirvydis,sirvyde01,2021,SG,20,DET,20,133,,45%,56%,,,-11.6,-7.4,1,1,5,1,2,0,14,0,2
Alen Smailagic,smailal01,2021,PF,20,GSW,15,84,,,,20%,80%,-15.4,-16.7,4,1,7,0,1,0,9,0,2
Marcus Smart,smartma01,2021,PG,26,BOS,48,1581,45%,55%,,,,2.7,3.3,60,20,56,7,64,31,658,8,10
Dennis Smith Jr.,smithde03,2021,PG,23,TOT,23,420,96%,4%,,,,-2.1,2.4,14,8,16,2,6,1,182,1,12
Ish Smith,smithis01,2021,PG,32,WAS,44,924,100%,,,,,2.4,5.7,24,12,33,2,15,20,416,3,10
Jalen Smith,smithja04,2021,PF,20,PHO,27,156,,,,73%,28%,-3.5,-10.1,2,2,10,2,3,0,10,1,1
Tony Snell,snellto01,2021,SG,29,ATL,47,992,,45%,54%,1%,,3.7,1.5,13,3,41,2,6,1,147,2,8
Ray Spalding,spaldra01,2021,C,23,HOU,2,19,,,,,100%,-23.7,-15.8,2,1,2,0,1,0,0,0,0
Cassius Stanley,stanlca01,2021,SG,21,IND,24,93,4%,69%,19%,8%,,9.0,9.3,1,0,9,0,4,0,3,0,9
Lamar Stevens,stevela01,2021,PF,23,CLE,40,499,,9%,39%,50%,2%,-8.4,0.0,12,8,38,0,22,2,63,3,12
Isaiah Stewart,stewais01,2021,C,19,DET,68,1455,,,,,100%,-1.5,5.2,13,23,84,20,37,7,142,11,28
Max Strus,strusma01,2021,SF,24,MIA,39,507,3%,46%,50%,1%,,-4.9,-5.8,1,3,22,1,10,8,58,3,1
Edmond Sumner,sumneed01,2021,SG,25,IND,53,861,17%,54%,29%,,,-1.4,-1.9,29,11,40,4,47,4,123,12,16
Jae'Sean Tate,tateja01,2021,SF,25,HOU,70,2043,,12%,65%,22%,,-4.5,8.6,37,33,103,12,64,32,460,13,46
Jayson Tatum,tatumja01,2021,SF,22,BOS,64,2290,,3%,59%,37%,,2.8,5.3,86,41,42,25,139,4,696,31,62
Jeff Teague,teaguje01,2021,PG,32,TOT,55,950,91%,9%,,,,2.1,-0.4,41,19,28,2,50,2,311,9,17
Garrett Temple,templga01,2021,SG,34,CHI,56,1528,27%,71%,2%,,,1.6,4.4,32,12,62,3,21,15,292,9,12
Tyrell Terry,terryty01,2021,PG,20,DAL,11,56,100%,,,,,-1.6,-3.9,2,0,2,0,0,1,13,0,0
Daniel Theis,theisda01,2021,C,28,TOT,65,1601,,,,20%,80%,-1.4,-1.9,29,12,90,19,48,9,257,12,26
Brodric Thomas,thomabr01,2021,SG,24,TOT,32,399,23%,68%,9%,,,-5.3,3.2,9,9,23,3,19,2,70,2,7
Isaiah Thomas,thomais02,2021,PG,31,NOP,3,48,100%,,,,,5.8,6.4,4,1,1,0,1,2,10,0,1
Khyri Thomas,thomakh01,2021,SG,24,HOU,5,153,7%,84%,9%,,,4.5,13.2,4,1,4,1,3,2,63,0,1
Matt Thomas,thomama02,2021,SG,26,TOT,45,326,28%,70%,2%,,,-10.1,-14.2,6,3,14,0,4,0,47,2,5
Tristan Thompson,thomptr01,2021,PF,29,BOS,54,1287,,,,29%,71%,0.9,0.0,19,15,68,14,51,2,165,15,31
Sindarius Thornwell,thornsi01,2021,SG,26,TOT,21,217,9%,33%,58%,,,-1.2,5.0,2,3,6,1,1,2,51,0,3
Matisse Thybulle,thybuma01,2021,SG,23,PHI,65,1298,24%,55%,19%,2%,,6.7,1.6,18,6,60,3,9,9,151,4,3
Killian Tillie,tilliki02,2021,C,22,MEM,18,182,,,,28%,72%,9.0,8.1,0,2,14,0,6,0,19,1,3
Xavier Tillman Sr.,tillmxa01,2021,PF,22,MEM,59,1085,,,5%,56%,39%,2.2,1.2,25,9,83,6,29,1,183,13,23
Anthony Tolliver,tollian01,2021,PF,35,PHI,11,99,,,,43%,58%,13.5,8.1,2,0,2,1,2,2,5,0,0
Obi Toppin,toppiob01,2021,PF,22,NYK,62,683,,,,99%,1%,2.8,0.3,9,5,32,6,14,3,77,4,11
Juan Toscano-Anderson,toscaju01,2021,SG,27,GSW,53,1107,,40%,47%,12%,1%,3.8,4.3,29,15,54,13,13,11,367,5,13
Axel Toupane,toupaax01,2021,SF,28,MIL,8,61,1%,64%,33%,3%,,1.6,-4.1,0,0,0,0,2,0,10,1,2
Karl-Anthony Towns,townska01,2021,C,25,MIN,50,1689,,,,,100%,0.3,11.1,71,25,80,50,138,14,548,32,51
Gary Trent Jr.,trentga02,2021,SG,22,TOT,58,1802,6%,83%,11%,,,-1.9,-4.2,21,12,42,7,49,9,200,12,22
P.J. Tucker,tuckepj01,2021,PF,35,TOT,52,1356,,,7%,74%,20%,-5.7,-1.9,13,6,61,12,6,22,157,1,8
Rayjon Tucker,tuckera01,2021,PG,23,PHI,14,68,100%,,,,,-9.7,-15.6,2,2,4,0,7,5,14,1,3
Myles Turner,turnemy01,2021,C,24,IND,47,1455,,,,,100%,0.9,1.5,31,8,103,19,64,3,112,11,17
Jonas Valanciunas,valanjo01,2021,C,28,MEM,62,1755,,,,,100%,3.5,4.4,32,30,107,26,102,6,255,21,56
Denzel Valentine,valende01,2021,SG,27,CHI,62,1036,7%,36%,50%,7%,,2.0,4.0,23,6,38,3,5,2,257,2,14
Jarred Vanderbilt,vandeja01,2021,PF,21,MIN,64,1139,,,,75%,25%,-1.3,6.1,21,19,57,6,49,11,188,12,35
Fred VanVleet,vanvlfr01,2021,SG,26,TOR,52,1899,40%,59%,,,,3.1,8.5,48,30,42,11,71,14,825,8,57
Anderson Varejao,varejan01,2021,C,38,CLE,5,36,,,,,100%,-41.2,-33.2,0,1,3,0,3,0,8,1,3
Devin Vassell,vassede01,2021,SF,20,SAS,62,1056,1%,46%,52%,1%,,-2.5,-1.1,11,3,51,0,26,3,138,7,7
Gabe Vincent,vincega01,2021,PG,24,MIA,50,655,58%,41%,1%,,,-4.8,-5.9,17,8,33,5,10,17,159,3,14
Noah Vonleh,vonleno01,2021,PF,25,BRK,4,11,,,,62%,38%,-76.2,-81.4,0,1,0,1,0,0,3,0,1
Nikola Vucevic,vucevni01,2021,C,30,TOT,70,2348,,,,,100%,-6.9,-1.1,56,42,75,15,58,3,661,16,52
Dean Wade,wadede01,2021,PF,24,CLE,63,1212,,,12%,74%,14%,-9.8,-2.1,17,10,55,1,14,5,176,6,9
Moritz Wagner,wagnemo01,2021,C,23,TOT,45,722,,,,15%,85%,-8.5,-4.3,13,9,53,14,38,20,125,7,19
Kemba Walker,walkeke02,2021,PG,30,BOS,43,1369,100%,,,,,2.5,2.6,55,24,32,2,58,29,514,15,49
Lonnie Walker,walkelo01,2021,SG,22,SAS,60,1522,3%,79%,17%,,,-6.7,-8.9,35,13,61,6,37,4,239,14,27
John Wall,walljo01,2021,PG,30,HOU,40,1288,96%,4%,,,,-6.3,2.8,89,42,27,6,106,8,686,26,42
Brad Wanamaker,wanambr01,2021,PG,31,TOT,61,1053,70%,30%,1%,,,-5.0,-5.3,35,18,39,6,48,8,431,15,35
T.J. Warren,warretj01,2021,SF,27,IND,4,117,,2%,75%,23%,,1.3,1.4,0,3,7,1,7,2,13,4,2
P.J. Washington,washipj01,2021,PF,22,CHO,64,1954,,,,54%,46%,-0.4,4.1,59,36,97,18,75,8,401,13,50
Yuta Watanabe,watanyu01,2021,SF,26,TOR,50,723,,10%,51%,38%,1%,-2.8,-2.6,7,7,36,0,13,6,96,3,9
Tremont Waters,watertr01,2021,PG,23,BOS,26,238,100%,,,,,-2.7,-3.9,24,3,6,0,6,0,144,0,5
Paul Watson,watsopa01,2021,SF,26,TOR,27,297,4%,7%,65%,23%,1%,-1.8,-1.1,2,1,19,4,3,1,44,0,9
Quinndary Weatherspoon,weathqu01,2021,SG,24,SAS,20,121,17%,81%,2%,,,-23.9,-23.0,5,1,12,1,7,1,16,2,4
Russell Westbrook,westbru01,2021,PG,32,WAS,65,2369,50%,48%,3%,,,-1.5,1.3,212,65,58,17,197,10,1767,46,73
Coby White,whiteco01,2021,PG,20,CHI,69,2156,90%,10%,,,,-2.3,-3.9,78,47,99,10,58,20,806,15,59
Derrick White,whitede01,2021,SG,26,SAS,36,1064,13%,70%,17%,,,4.9,9.4,26,12,45,1,51,29,289,12,29
Hassan Whiteside,whiteha01,2021,C,31,SAC,36,546,,,,,100%,-8.4,-5.7,11,7,38,15,41,3,50,9,17
Greg Whittington,whittgr01,2021,PF,27,DEN,4,12,,51%,49%,,,32.8,28.1,0,0,0,0,0,0,0,0,0
Andrew Wiggins,wiggian01,2021,PF,25,GSW,71,2364,,,47%,51%,3%,0.1,-2.3,56,36,96,16,125,6,428,30,44
Grant Williams,willigr01,2021,PF,22,BOS,63,1138,,,9%,83%,7%,-1.9,-4.2,25,14,62,13,16,14,166,5,15
Kenrich Williams,willike04,2021,PF,26,OKC,66,1426,2%,9%,59%,29%,1%,-6.2,7.8,35,26,71,12,32,15,367,7,25
Lou Williams,willilo02,2021,PG,34,TOT,66,1423,89%,11%,,,,1.7,-4.5,90,13,17,1,77,10,540,12,37
Patrick Williams,willipa01,2021,PF,19,CHI,71,1983,,2%,57%,41%,,-6.4,-13.0,32,31,59,14,63,7,245,17,49
Robert Williams,williro04,2021,C,23,BOS,52,985,,,,8%,92%,0.3,-0.9,28,9,72,9,37,1,233,11,8
Zion Williamson,willizi01,2021,PF,20,NOP,61,2026,,,1%,92%,7%,1.7,5.6,52,57,72,33,278,2,569,79,131
D.J. Wilson,wilsodj01,2021,PF,24,TOT,35,433,,,3%,40%,57%,-11.7,-7.3,11,6,32,3,12,5,57,3,10
Dylan Windler,windldy01,2021,SF,24,CLE,31,513,,46%,43%,11%,,-5.4,3.6,21,7,20,2,11,2,80,2,7
Justise Winslow,winslju01,2021,SF,24,MEM,26,507,,13%,61%,26%,,-5.4,-7.9,18,10,21,4,15,5,116,1,6
Cassius Winston,winstca01,2021,PG,22,WAS,22,98,87%,12%,1%,,,-23.8,-22.5,3,2,4,0,2,0,26,0,1
James Wiseman,wisemja01,2021,C,19,GSW,39,836,,,,,100%,-10.2,-14.6,12,16,84,15,40,4,65,10,21
Christian Wood,woodch01,2021,C,25,HOU,41,1326,,,,1%,100%,-4.0,6.5,34,21,52,10,97,12,178,28,28
Robert Woodard,woodaro01,2021,SF,21,SAC,13,45,,,12%,75%,14%,10.2,14.1,1,0,4,0,4,0,4,0,0
Delon Wright,wrighde01,2021,SG-PG,28,TOT,63,1748,67%,32%,2%,,,-3.0,1.7,47,27,40,3,45,17,703,8,37
Thaddeus Young,youngth01,2021,PF,32,CHI,68,1652,,,6%,66%,28%,4.6,10.2,76,37,88,11,62,25,685,30,39
Trae Young,youngtr01,2021,PG,22,ATL,63,2125,94%,6%,,,,5.3,7.1,179,54,38,14,183,15,1403,26,66
Cody Zeller,zelleco01,2021,C,28,CHO,48,1005,,,,,100%,1.0,4.5,22,14,57,13,59,13,212,14,30
Ivica Zubac,zubaciv01,2021,C,23,LAC,72,1609,,,,,100%,5.4,-2.1,22,11,119,27,76,5,219,9,47
Precious Achiuwa,achiupr01,2022,C,22,TOR,15,365,,,,1%,99%,0.1,1.6,4,4,16,4,15,0,57,3,18
Steven Adams,adamsst01,2022,C,28,MEM,17,428,,,,,100%,-3.6,1.1,17,2,11,3,20,3,103,4,10
Bam Adebayo,adebaba01,2022,C,24,MIA,14,457,,,,,100%,3.6,-10.0,17,9,15,11,44,2,90,7,15
Santi Aldama,aldamsa01,2022,PF,21,MEM,7,47,,,,65%,35%,-6.4,-2.4,0,0,1,0,2,0,15,1,1
LaMarcus Aldridge,aldrila01,2022,C,36,BRK,17,364,,,,,100%,8.4,5.3,5,3,15,3,17,0,41,6,6
Nickeil Alexander-Walker,alexani01,2022,SG,23,NOP,19,573,8%,66%,26%,,,-8.5,4.2,23,4,17,2,19,6,114,3,15
Grayson Allen,allengr01,2022,SG,26,MIL,18,525,3%,77%,20%,,,7.0,13.2,7,2,11,2,12,3,61,4,9
Jarrett Allen,allenja01,2022,C,23,CLE,15,490,,,,,100%,-1.5,-0.6,11,12,13,5,29,4,64,6,10
Jose Alvarado,alvarjo01,2022,PG,23,NOP,4,22,100%,,,,,33.4,44.5,0,0,1,0,0,0,2,0,0
Kyle Anderson,anderky01,2022,PF,28,MEM,17,376,,,8%,65%,27%,-12.4,-15.2,7,3,9,3,5,1,101,1,8
Giannis Antetokounmpo,antetgi01,2022,PF,27,MIL,17,555,,,,37%,63%,11.5,27.7,18,14,24,9,79,1,267,18,19
Thanasis Antetokounmpo,antetth01,2022,SF,29,MIL,15,224,1%,25%,44%,29%,1%,-9.7,-15.4,2,2,13,3,7,3,36,1,7
Carmelo Anthony,anthoca01,2022,PF,37,LAL,18,519,,,,98%,2%,-1.7,3.7,4,2,21,7,15,0,36,3,3
Cole Anthony,anthoco01,2022,PG,21,ORL,16,545,100%,,,,,-2.1,23.4,28,16,18,1,21,8,241,6,12
OG Anunoby,anunoog01,2022,SF,24,TOR,15,560,,14%,66%,20%,,-0.4,1.0,12,9,16,4,15,0,102,1,23
D.J. Augustin,augusdj01,2022,PG,34,HOU,15,185,100%,,,,,-18.8,-9.0,13,3,4,0,2,0,68,0,0
Deni Avdija,avdijde01,2022,SF,21,WAS,17,371,,,52%,48%,,10.5,14.8,7,1,19,1,13,0,54,1,4
Joel Ayayi,ayayijo01,2022,SG,21,WAS,3,6,,100%,,,,33.3,31.1,0,0,0,0,0,0,6,0,0
Deandre Ayton,aytonde01,2022,C,23,PHO,11,331,,,,,100%,1.5,-9.7,5,5,21,5,14,0,42,6,7
Udoka Azubuike,azubuud01,2022,C,22,UTA,4,8,,,,,100%,-15.4,-25.1,1,0,0,0,0,0,0,0,0
Marvin Bagley III,baglema01,2022,PF,22,SAC,5,68,,,3%,73%,24%,15.9,19.4,1,0,2,1,2,0,4,1,0
LaMelo Ball,ballla01,2022,PG,20,CHO,19,631,97%,3%,,,,4.5,15.9,38,9,14,6,17,4,348,6,16
Lonzo Ball,balllo01,2022,PG,24,CHI,18,627,47%,53%,1%,,,4.9,6.0,26,8,21,3,2,3,182,0,10
Mo Bamba,bambamo01,2022,C,23,ORL,18,538,,,,2%,98%,-12.7,-4.7,15,5,30,5,11,1,84,0,10
Desmond Bane,banede01,2022,SF,23,MEM,17,491,,29%,68%,3%,,2.5,16.1,9,10,20,3,4,0,94,1,12
Dalano Banton,bantoda01,2022,SF,22,TOR,18,237,,19%,68%,12%,1%,-0.3,0.6,9,3,11,7,11,0,58,2,7
Harrison Barnes,barneha02,2022,PF,29,SAC,18,636,,,19%,80%,1%,-5.1,-12.0,16,14,10,6,49,3,105,9,17
Scottie Barnes,barnesc01,2022,PF,20,TOR,16,558,,,14%,80%,6%,-2.7,-5.3,19,7,21,2,25,3,129,6,12
RJ Barrett,barrerj01,2022,SF,21,NYK,17,558,,,94%,6%,,-3.7,-13.6,18,11,21,1,23,1,98,7,23
Will Barton,bartowi01,2022,SG,31,DEN,15,498,,79%,20%,1%,,6.6,14.7,16,7,9,0,11,3,146,2,11
Charles Bassey,bassech01,2022,PF,21,PHI,9,73,,,,23%,77%,0.7,-1.7,0,0,8,0,4,0,5,1,1
Keita Bates-Diop,bateske01,2022,SF,26,SAS,12,156,,,1%,99%,,11.5,17.6,3,4,3,1,2,0,6,0,3
Nicolas Batum,batumni01,2022,PF,33,LAC,14,386,,,,88%,13%,0.9,-6.2,8,1,3,0,5,3,51,2,1
Kent Bazemore,bazemke01,2022,SF,32,LAL,16,344,,25%,61%,14%,,-8.2,-8.2,6,1,21,0,5,4,34,1,0
Darius Bazley,bazleda01,2022,PF,21,OKC,17,488,,,18%,80%,2%,-9.8,-5.6,8,12,9,2,21,1,66,6,24
Bradley Beal,bealbr01,2022,SG,28,WAS,14,508,1%,97%,2%,,,1.3,-2.9,33,17,14,4,24,7,204,3,8
Malik Beasley,beaslma01,2022,SG,25,MIN,17,419,6%,83%,12%,,,-9.5,-22.9,5,3,7,2,1,0,74,0,11
DeAndre' Bembry,bembrde01,2022,SF,27,BRK,17,307,,14%,62%,24%,,2.5,-4.3,7,1,15,2,6,4,41,1,6
Davis Bertans,bertada01,2022,PF,29,WAS,7,118,,,,74%,26%,-5.6,-9.4,2,1,5,0,3,1,9,1,0
Patrick Beverley,beverpa01,2022,PG,33,MIN,15,401,97%,3%,,,,7.4,11.1,17,0,18,2,7,12,176,3,2
Saddiq Bey,beysa01,2022,SF,22,DET,16,526,,25%,62%,13%,,-10.0,-2.6,8,3,8,4,16,0,110,3,14
Khem Birch,birchkh01,2022,C,29,TOR,15,344,,,,,100%,1.6,4.0,3,2,10,4,16,1,53,5,4
Goga Bitadze,bitadgo01,2022,C,22,IND,14,127,,,,,100%,-8.1,-11.0,1,2,11,1,9,0,6,3,5
Nemanja Bjelica,bjeline01,2022,C,33,GSW,17,257,,,,,100%,20.1,10.2,12,3,6,2,8,0,68,1,6
Eric Bledsoe,bledser01,2022,PG,32,LAC,17,479,100%,,,,,-4.6,-21.2,24,11,8,3,18,8,160,6,8
Bogdan Bogdanovic,bogdabo01,2022,SG,29,ATL,17,498,,63%,37%,,,0.0,-2.9,7,6,12,1,4,2,95,2,4
Bojan Bogdanovic,bogdabo02,2022,PF,32,UTA,17,510,,,1%,99%,,9.7,0.6,10,10,7,3,23,1,80,5,19
Bol Bol,bolbo01,2022,PF,22,DEN,7,39,,,,,100%,-5.0,-6.2,0,0,3,0,1,0,5,1,0
Leandro Bolmaro,bolmale01,2022,SF,21,MIN,7,26,,38%,62%,,,-8.9,-10.8,3,1,1,0,1,0,2,1,0
Isaac Bonga,bongais01,2022,SF,22,TOR,3,7,,,87%,13%,,12.5,13.4,0,0,0,0,0,0,6,0,0
Devin Booker,bookede01,2022,SG,25,PHO,17,555,,89%,11%,,,8.6,4.0,30,9,19,4,30,2,194,6,14
Brandon Boston Jr.,bostobr01,2022,SG,20,LAC,7,55,6%,39%,55%,,,-1.9,-6.5,1,0,0,0,2,0,8,1,4
Chris Boucher,bouchch01,2022,PF,29,TOR,17,244,,,35%,59%,7%,-0.4,0.5,2,4,17,0,10,1,13,2,12
James Bouknight,bouknja01,2022,SG,21,CHO,6,9,52%,43%,5%,,,-112.5,-113.0,0,0,1,0,0,0,0,0,1
Avery Bradley,bradlav01,2022,SG,31,LAL,17,383,11%,89%,1%,,,-11.9,-15.1,6,2,8,1,0,3,35,0,3
Tony Bradley,bradlto01,2022,C,24,CHI,15,217,,,,,100%,11.7,11.2,2,3,13,6,3,1,17,1,7
Ignas Brazdeikis,brazdig01,2022,SF,23,ORL,9,77,,15%,44%,41%,,1.1,13.2,2,0,8,0,0,1,14,0,2
Mikal Bridges,bridgmi01,2022,SF,25,PHO,17,569,,1%,99%,1%,,11.7,14.2,4,4,11,2,8,11,70,4,4
Miles Bridges,bridgmi02,2022,PF,23,CHO,19,700,,,,79%,21%,4.5,20.6,16,11,20,6,37,3,156,11,19
Oshae Brissett,brissos01,2022,SF,23,IND,11,126,,,10%,90%,,-18.9,-23.5,3,3,4,2,2,2,11,0,1
Malcolm Brogdon,brogdma01,2022,PG,29,IND,14,479,68%,32%,,,,3.0,3.5,27,4,11,4,21,3,215,5,18
Armoni Brooks,brookar01,2022,SG,23,HOU,13,115,45%,50%,5%,,,14.8,31.1,0,3,4,0,2,1,11,1,2
Dillon Brooks,brookdi01,2022,SF,26,MEM,4,106,,21%,77%,1%,,13.8,20.7,2,2,4,3,4,5,24,0,5
Bruce Brown,brownbr01,2022,SF,25,BRK,16,408,,61%,38%,1%,,-0.9,-11.8,2,6,16,2,8,2,46,4,13
Greg Brown III,browngr01,2022,SF,20,POR,6,30,,,,65%,35%,-22.3,-24.2,0,1,3,0,3,0,9,1,1
Jaylen Brown,brownja02,2022,SF,25,BOS,9,315,,34%,52%,14%,,9.7,10.3,7,12,10,3,22,0,47,4,8
Moses Brown,brownmo01,2022,C,22,DAL,6,18,,,,,100%,5.6,7.7,0,0,2,0,1,0,0,0,0
Sterling Brown,brownst02,2022,SG,26,DAL,14,167,,16%,50%,34%,,-1.5,0.7,2,4,7,1,1,0,24,0,6
Troy Brown Jr.,browntr01,2022,SF,22,CHI,12,118,,4%,35%,49%,13%,-7.6,-12.6,1,1,4,0,2,0,11,0,6
Jalen Brunson,brunsja01,2022,PG,25,DAL,16,484,94%,6%,,,,6.3,22.8,19,4,5,2,16,8,225,7,12
Reggie Bullock,bullore01,2022,SF,30,DAL,16,362,,,69%,31%,,-2.9,-1.8,5,2,12,1,0,2,30,0,7
Trey Burke,burketr01,2022,PG,29,DAL,7,74,100%,,,,,-1.3,0.8,3,3,1,0,3,1,16,0,0
Alec Burks,burksal01,2022,SG,30,NYK,17,358,1%,29%,70%,,,6.0,9.4,8,1,13,1,14,2,72,2,3
Jared Butler,butleja02,2022,SG,21,UTA,12,54,62%,38%,,,,3.6,-6.4,3,3,6,1,2,0,18,0,1
Jimmy Butler,butleji01,2022,SF,32,MIA,14,472,,,83%,17%,,6.9,-2.5,10,10,7,4,57,4,193,7,9
Kentavious Caldwell-Pope,caldwke01,2022,SG,28,WAS,17,513,,10%,90%,1%,,-0.9,-8.7,10,7,14,0,9,6,57,3,6
Facundo Campazzo,campafa01,2022,PG,30,DEN,16,259,100%,,,,,-23.0,-35.2,11,4,6,1,4,8,77,0,3
Clint Capela,capelca01,2022,C,27,ATL,18,526,,,,,100%,0.6,-1.4,3,5,22,2,20,2,51,4,8
Vernon Carey Jr.,careyve01,2022,C,20,CHO,1,1,,,,100%,,0.0,0.5,0,0,0,0,0,0,0,0,0
Jevon Carter,carteje01,2022,PG,26,BRK,18,268,44%,56%,,,,3.1,-3.0,2,1,9,0,1,1,54,0,2
Wendell Carter Jr.,cartewe01,2022,C,22,ORL,18,499,,,,71%,30%,-7.3,8.7,14,7,23,5,14,1,103,3,11
Alex Caruso,carusal01,2022,PG,27,CHI,17,502,100%,,,,,7.2,9.3,15,9,27,1,14,9,168,4,7
Willie Cauley-Stein,caulewi01,2022,C,28,DAL,16,150,,,,,100%,8.7,13.4,2,1,7,1,1,0,21,0,4
Justin Champagnie,champju01,2022,SF,20,TOR,7,27,,51%,49%,,,33.4,35.3,0,0,3,0,1,1,3,0,0
Chris Chiozza,chiozch01,2022,PG,26,GSW,7,66,100%,,,,,-12.0,-27.3,3,2,2,0,1,3,20,1,2
Josh Christopher,chrisjo01,2022,SG,20,HOU,11,84,6%,79%,15%,,,10.2,24.6,3,4,3,0,2,1,27,0,2
Brandon Clarke,clarkbr01,2022,PF,25,MEM,14,220,,,23%,77%,,-1.0,4.3,1,2,13,2,10,2,39,2,4
Jordan Clarkson,clarkjo01,2022,SG,29,UTA,17,424,,96%,3%,,,13.8,9.0,14,11,7,0,15,0,88,5,5
Nicolas Claxton,claxtni01,2022,C,22,BRK,4,76,,,,,100%,-11.6,-18.6,0,2,2,1,5,1,7,1,5
Amir Coffey,coffeam01,2022,SG,24,LAC,13,149,,17%,71%,13%,,19.0,18.2,0,2,5,1,7,2,20,0,1
John Collins,collijo01,2022,PF,24,ATL,18,578,,,,90%,10%,3.9,8.3,6,6,25,6,19,7,95,5,10
Mike Conley,conlemi01,2022,PG,34,UTA,15,426,100%,,,,,11.1,3.4,20,5,13,1,7,3,201,2,2
Pat Connaughton,connapa01,2022,SG,29,MIL,18,526,1%,36%,54%,8%,,-3.4,-13.1,9,4,12,1,6,5,73,2,3
Tyler Cook,cookty01,2022,PF,24,CHI,1,12,,,,,100%,-13.5,-17.0,0,1,0,0,1,0,5,0,0
Sharife Cooper,coopesh01,2022,PG,20,ATL,5,11,100%,,,,,-30.4,-32.0,0,0,0,0,0,0,10,0,1
Petr Cornelie,cornepe01,2022,PF,26,DEN,3,14,,,,100%,,11.3,10.6,1,0,2,0,0,0,5,0,0
Robert Covington,covinro01,2022,PF,31,POR,17,465,,,,100%,1%,1.2,0.7,8,5,17,2,1,3,51,1,2
Torrey Craig,craigto01,2022,SF,31,IND,19,339,,,7%,92%,1%,1.3,-0.1,7,2,17,1,6,5,50,1,2
Jae Crowder,crowdja01,2022,PF,31,PHO,17,478,,,9%,91%,,9.1,4.1,8,4,20,3,6,6,52,0,3
Jarrett Culver,culveja01,2022,SG,22,MEM,4,28,,63%,37%,,,-5.1,-1.1,1,0,0,0,2,0,6,1,1
Cade Cunningham,cunnica01,2022,PG,20,DET,11,348,6%,77%,18%,,,-7.6,2.8,19,10,11,3,6,2,123,0,12
Seth Curry,curryse01,2022,SG,31,PHI,16,531,5%,79%,15%,,,3.5,3.0,17,5,7,2,9,4,101,3,4
Stephen Curry,curryst01,2022,PG,33,GSW,16,542,96%,4%,,,,18.3,15.6,28,14,12,4,23,2,246,5,12
Anthony Davis,davisan02,2022,C,28,LAL,18,631,,,,29%,71%,-5.4,-7.7,16,16,26,4,38,1,145,7,8
Ed Davis,davised01,2022,C,32,CLE,6,67,,,,6%,94%,-22.3,-22.8,1,0,3,1,1,0,2,0,1
Terence Davis,daviste02,2022,SG,24,SAC,11,141,,51%,49%,,,-0.8,1.5,3,1,6,0,1,0,14,1,3
Gabriel Deck,deckga01,2022,PF,26,OKC,5,23,,,6%,94%,,17.9,26.4,1,0,0,0,0,0,3,0,0
Dewayne Dedmon,dedmode01,2022,C,32,MIA,17,245,,,,,100%,19.1,15.7,2,2,19,7,8,3,18,1,8
Sam Dekker,dekkesa01,2022,PF,27,TOR,1,1,,,,,100%,-250.0,-249.5,0,0,0,0,0,0,0,0,0
DeMar DeRozan,derozde01,2022,SF,32,CHI,18,631,,,13%,71%,16%,9.7,23.9,20,12,19,4,65,4,191,13,18
Hamidou Diallo,diallha01,2022,SG,23,DET,10,135,,31%,62%,7%,,-4.6,5.6,4,2,11,0,7,1,15,4,1
Gorgui Dieng,dienggo01,2022,C,32,ATL,17,143,,,,,100%,8.9,9.3,3,0,10,2,4,3,30,0,2
Spencer Dinwiddie,dinwisp01,2022,PG,28,WAS,15,448,59%,41%,1%,,,0.9,-3.3,14,4,9,4,17,2,191,4,14
Luka Doncic,doncilu01,2022,PG,22,DAL,13,452,40%,57%,3%,,,-7.8,-14.4,35,10,12,3,37,1,247,10,9
Luguentz Dort,dortlu01,2022,SF,22,OKC,16,521,,25%,73%,2%,,-9.2,-4.4,13,7,22,4,21,14,71,5,13
Ayo Dosunmu,dosunay01,2022,SG,22,CHI,17,280,,25%,45%,30%,1%,-6.1,-13.9,6,3,10,2,4,0,34,1,11
Devon Dotson,dotsode01,2022,PG,22,CHI,1,7,,100%,,,,15.4,12.2,0,0,0,0,0,0,0,0,0
Sekou Doumbouya,doumbse01,2022,PF,21,LAL,2,16,,,,100%,,65.5,70.0,0,2,1,0,1,0,0,0,1
Jeff Dowtin,dowtije01,2022,PG,24,GSW,2,6,100%,,,,,-17.4,-30.8,0,0,0,0,0,0,0,0,0
PJ Dozier,doziepj01,2022,SG,25,DEN,17,336,,16%,59%,25%,,-12.5,-22.9,10,1,16,0,7,5,68,1,4
Goran Dragic,dragigo01,2022,PG,35,TOR,5,90,61%,39%,,,,-12.9,-13.6,0,1,2,0,2,1,23,0,2
Andre Drummond,drumman01,2022,C,28,PHI,17,386,,,,,100%,2.5,0.4,14,4,25,7,16,0,95,3,10
Chris Duarte,duartch01,2022,SG,24,IND,17,509,2%,89%,9%,,,3.4,4.6,11,6,11,3,7,4,79,0,10
Kevin Durant,duranke01,2022,PF,33,BRK,17,594,,,,43%,58%,5.8,1.7,26,16,7,5,41,1,214,5,11
Anthony Edwards,edwaran01,2022,SG,20,MIN,17,604,,21%,75%,4%,,6.0,16.3,23,24,10,6,29,2,139,6,13
Kessler Edwards,edwarke02,2022,F,21,BRK,1,9,100%,,,,,45.0,40.1,0,0,0,0,0,0,0,0,0
CJ Elleby,ellebcj01,2022,SF,21,POR,7,38,,24%,45%,32%,,-21.2,-23.3,3,0,2,0,0,0,4,0,0
Wayne Ellington,ellinwa01,2022,SG,34,LAL,10,201,,27%,65%,7%,,-5.5,-3.0,3,0,6,0,0,3,12,0,2
Joel Embiid,embiijo01,2022,C,27,PHI,9,278,,,,,100%,9.0,9.9,13,10,13,0,31,0,87,3,2
Drew Eubanks,eubandr01,2022,C,24,SAS,16,268,,,,,100%,-4.5,-2.8,6,5,16,7,17,2,63,4,7
Tacko Fall,fallta01,2022,C,26,CLE,7,19,,,,,100%,4.8,6.1,0,1,0,0,1,0,0,0,0
Derrick Favors,favorde01,2022,C,30,OKC,14,244,,,,,100%,-12.5,-6.9,1,1,13,0,6,2,15,0,5
Bruno Fernando,fernabr01,2022,C,23,BOS,6,10,,,,,100%,-77.3,-81.3,0,0,0,1,0,0,3,0,0
Dorian Finney-Smith,finnedo01,2022,PF,28,DAL,16,490,,,33%,66%,1%,-5.4,-9.4,9,0,12,5,8,0,48,1,8
Malik Fitts,fittsma01,2022,PF,24,UTA,3,7,,,,23%,78%,-34.8,-44.7,0,0,0,0,0,0,0,0,0
Malachi Flynn,flynnma01,2022,PG,23,TOR,12,75,100%,,,,,12.0,14.0,1,0,5,0,1,0,18,0,1
Bryn Forbes,forbebr01,2022,SG,28,SAS,16,194,30%,70%,,,,-17.4,-19.4,6,2,1,2,3,0,19,0,6
Trent Forrest,forretr01,2022,PG,23,UTA,11,87,93%,7%,,,,4.7,-5.4,2,2,4,0,2,0,14,0,1
Evan Fournier,fournev01,2022,SG,29,NYK,17,478,,91%,9%,,,-3.8,-10.7,6,10,6,2,10,1,77,4,4
De'Aaron Fox,foxde01,2022,PG,24,SAC,18,626,100%,,,,,-5.7,-13.2,25,18,19,5,52,11,247,12,19
Daniel Gafford,gaffoda01,2022,C,23,WAS,14,283,,,,,100%,-6.5,-13.4,2,9,21,3,15,0,29,5,10
Danilo Gallinari,gallida01,2022,PF,33,ATL,15,299,,,,58%,43%,-0.3,-2.3,0,6,7,2,8,1,32,1,3
Darius Garland,garlada01,2022,PG,22,CLE,16,556,100%,,,,,1.6,7.9,34,17,10,3,11,3,253,3,7
Marcus Garrett,garrema01,2022,SG,23,MIA,4,10,,100%,,,,18.3,10.4,0,0,0,0,0,0,4,0,0
Usman Garuba,garubus01,2022,PF,19,HOU,7,45,,,,15%,86%,20.5,34.2,1,1,2,0,0,1,13,0,1
Luka Garza,garzalu01,2022,C,23,DET,8,78,,,,1%,99%,-19.2,-11.2,0,0,9,1,2,2,14,2,3
Rudy Gay,gayru01,2022,PF,35,UTA,3,54,,,,100%,,26.9,18.7,1,1,2,0,1,0,7,0,0
Paul George,georgpa01,2022,SF,31,LAC,17,594,,1%,51%,46%,3%,2.7,-5.5,46,18,17,5,33,7,216,7,18
Taj Gibson,gibsota01,2022,C,36,NYK,10,202,,,,,100%,10.1,12.4,3,0,17,3,3,1,23,2,3
Josh Giddey,giddejo01,2022,SG,19,OKC,17,500,7%,83%,9%,1%,,-13.4,-14.8,27,12,16,3,12,0,232,4,9
Shai Gilgeous-Alexander,gilgesh01,2022,PG,23,OKC,16,558,82%,17%,1%,,,-6.0,5.4,16,20,13,5,32,3,173,6,18
Anthony Gill,gillan01,2022,PF,29,WAS,4,25,,,,79%,21%,28.8,27.2,0,0,0,0,0,0,3,0,0
Rudy Gobert,goberru01,2022,C,29,UTA,17,525,,,,,100%,8.5,-2.9,4,11,20,14,42,1,37,6,14
Aaron Gordon,gordoaa01,2022,PF,26,DEN,17,528,,,24%,69%,6%,9.8,25.1,13,7,13,7,23,3,83,8,11
Eric Gordon,gordoer01,2022,SG,33,HOU,14,399,2%,64%,34%,,,-8.9,5.9,16,11,4,2,18,1,74,2,8
Devonte' Graham,grahade01,2022,PG,26,NOP,16,514,99%,1%,,,,-2.4,17.5,26,5,12,3,13,4,199,2,5
Jerami Grant,grantje01,2022,PF,27,DET,15,492,,,3%,91%,6%,-12.6,-9.5,12,12,13,4,33,3,88,6,9
Danny Green,greenda02,2022,SF,34,PHI,11,263,,2%,78%,20%,,6.7,6.3,5,2,7,1,0,0,27,0,1
Draymond Green,greendr01,2022,PF,31,GSW,16,477,,,2%,81%,16%,10.8,-5.8,34,3,19,4,16,4,298,2,3
Jalen Green,greenja05,2022,SG,19,HOU,17,545,27%,74%,,,,-22.6,-31.9,21,17,8,6,21,6,93,4,20
JaMychal Green,greenja01,2022,PF,31,DEN,17,241,,,22%,56%,22%,-18.8,-28.0,7,5,14,11,6,3,35,0,4
Javonte Green,greenja02,2022,SG,28,CHI,18,342,1%,77%,22%,1%,,2.2,-1.9,3,3,17,3,9,5,29,0,2
Jeff Green,greenje02,2022,C,35,DEN,17,379,,,,47%,53%,-3.7,-8.7,4,3,17,6,23,6,39,3,6
Josh Green,greenjo02,2022,SG,21,DAL,8,39,,37%,63%,,,24.8,28.4,2,0,2,0,0,1,8,0,1
Blake Griffin,griffbl01,2022,PF,32,BRK,17,369,,,8%,85%,7%,8.3,5.3,4,2,20,2,12,19,86,5,8
Quentin Grimes,grimequ01,2022,SG,21,NYK,5,18,,51%,49%,,,-30.8,-32.3,0,0,0,0,0,0,0,0,0
Tyrese Haliburton,halibty01,2022,SG,21,SAC,16,525,2%,91%,7%,,,-2.6,-1.5,21,4,15,0,8,2,189,3,9
R.J. Hampton,hamptrj01,2022,SG,20,ORL,18,339,17%,80%,3%,,,-11.5,-1.0,18,7,12,0,12,5,107,1,7
Tim Hardaway Jr.,hardati02,2022,SG,29,DAL,16,523,,56%,44%,,,-5.2,-10.0,3,4,9,1,17,6,98,4,7
James Harden,hardeja01,2022,PG,32,BRK,18,629,40%,54%,6%,,,3.8,-5.6,50,29,18,5,52,1,372,14,22
Maurice Harkless,harklma01,2022,SF,28,SAC,14,295,,,63%,37%,,0.3,3.5,3,2,10,0,5,0,21,1,2
Montrezl Harrell,harremo01,2022,C,28,WAS,17,482,,,,,100%,9.1,16.0,8,9,14,3,42,5,91,12,11
Gary Harris,harriga01,2022,SG,27,ORL,12,261,,73%,27%,,,-31.8,-29.8,4,4,6,2,3,2,41,2,7
Joe Harris,harrijo01,2022,SF,30,BRK,14,423,,7%,83%,10%,,1.8,-6.9,7,3,11,4,2,0,33,1,6
Tobias Harris,harrito02,2022,PF,29,PHI,11,365,,,,88%,12%,-0.1,-4.1,9,9,5,3,16,0,112,4,19
Josh Hart,hartjo01,2022,PF,26,NOP,15,446,,,26%,73%,2%,-10.2,-0.5,11,7,13,3,16,4,133,1,8
Isaiah Hartenstein,harteis01,2022,C,23,LAC,16,258,,,,,100%,15.4,16.3,11,2,22,1,13,2,55,4,4
Udonis Haslem,hasleud01,2022,C,41,MIA,4,17,,,,27%,73%,17.1,9.3,0,0,3,0,0,1,2,0,1
Sam Hauser,hausesa01,2022,F,24,BOS,2,5,100%,,,,,-64.3,-67.8,0,0,1,0,0,0,0,0,0
Jaxson Hayes,hayesja02,2022,C,21,NOP,17,217,,,,,100%,-13.3,-4.3,2,4,13,5,15,1,9,2,7
Killian Hayes,hayeski01,2022,PG,20,DET,14,347,73%,27%,,,,-14.0,-8.8,10,7,12,2,3,4,115,0,6
Gordon Hayward,haywago01,2022,SF,31,CHO,19,655,,2%,73%,26%,,-0.4,0.3,19,8,16,9,26,4,158,6,11
Aaron Henry,henryaa01,2022,SF,22,PHI,1,2,,,100%,,,-110.0,-112.6,0,0,0,0,0,0,0,0,0
Juan Hernangomez,hernaju01,2022,PF,26,BOS,10,36,,,,100%,,-30.9,-35.4,0,2,1,1,2,0,0,0,0
Willy Hernangomez,hernawi01,2022,C,27,NOP,5,42,,,,,100%,10.8,21.9,1,2,4,0,4,0,7,2,2
Tyler Herro,herroty01,2022,SG,22,MIA,16,538,33%,64%,2%,,,7.6,-1.3,21,16,12,2,15,2,146,3,20
Buddy Hield,hieldbu01,2022,SG,29,SAC,18,515,,12%,86%,2%,,-1.4,1.5,21,8,14,1,7,1,91,1,8
George Hill,hillge01,2022,SG,35,MIL,17,463,64%,37%,,,,11.9,21.3,11,1,17,2,2,4,117,0,6
Solomon Hill,hillso01,2022,PF,30,ATL,7,88,,,30%,70%,,16.9,17.5,0,0,4,1,0,0,23,0,1
Aaron Holiday,holidaa01,2022,PG,25,WAS,17,307,100%,,,,,-0.6,-4.8,10,6,14,2,6,3,76,0,5
Jrue Holiday,holidjr01,2022,PG,31,MIL,12,359,99%,1%,,,,8.7,12.0,15,12,7,3,8,0,173,0,13
Justin Holiday,holidju01,2022,SF,32,IND,19,526,,7%,89%,4%,,3.2,4.4,10,8,18,1,3,5,69,2,2
Richaun Holmes,holmeri01,2022,C,28,SAC,18,493,,,,,100%,-2.2,-0.5,8,8,30,7,23,1,53,8,10
Rodney Hood,hoodro01,2022,SF,29,MIL,11,159,,13%,45%,41%,1%,0.0,-2.1,1,1,7,0,2,0,21,0,0
Al Horford,horfoal01,2022,C,35,BOS,15,441,,,,,100%,4.0,1.9,10,5,19,1,17,0,124,5,5
Talen Horton-Tucker,hortota01,2022,SG,21,LAL,5,163,,9%,80%,11%,,4.1,9.0,3,4,8,1,6,3,28,0,4
Danuel House,houseda01,2022,SF,28,HOU,10,123,,,21%,77%,2%,-12.8,-1.1,7,2,5,0,2,0,22,0,4
Dwight Howard,howardw01,2022,C,36,LAL,16,217,,,,,100%,-3.2,0.0,4,3,17,5,18,1,12,2,5
Markus Howard,howarma02,2022,SG,22,DEN,7,40,,93%,7%,,,7.4,6.9,1,0,0,1,1,1,3,0,0
Kevin Huerter,huertke01,2022,SG,23,ATL,17,420,,99%,1%,,,4.0,5.5,7,7,14,1,2,0,94,0,1
Jay Huff,huffja01,2022,C,23,LAL,1,8,,,,,100%,92.8,96.9,0,0,0,0,0,0,3,0,0
Elijah Hughes,hugheel01,2022,SF,23,UTA,4,11,,,58%,42%,,-31.2,-41.3,0,0,0,0,1,0,0,0,0
De'Andre Hunter,huntede01,2022,SF,24,ATL,11,306,,,78%,22%,,-4.2,-8.3,4,4,12,2,6,6,17,2,5
Chandler Hutchison,hutchch01,2022,SF,25,PHO,3,9,,,68%,32%,,34.8,27.8,0,2,0,0,0,0,2,0,0
Bones Hyland,hylanbo01,2022,PG,21,DEN,14,216,39%,59%,2%,,,-5.2,-8.2,2,5,6,0,4,1,52,1,8
Serge Ibaka,ibakase01,2022,C,32,LAC,3,26,,,,,100%,11.8,7.8,2,0,4,1,1,0,3,0,1
Andre Iguodala,iguodan01,2022,SF,38,GSW,12,250,,5%,72%,20%,3%,22.1,12.8,6,2,6,0,2,4,113,0,1
Joe Ingles,inglejo01,2022,SF,34,UTA,17,423,,,92%,8%,,7.7,-3.8,12,3,4,1,2,0,142,0,2
Brandon Ingram,ingrabr01,2022,SF,24,NOP,12,423,,28%,68%,3%,,-7.9,3.9,23,9,10,9,22,1,136,4,15
Frank Jackson,jacksfr01,2022,PG,23,DET,16,326,35%,66%,,,,-5.2,6.9,4,2,11,2,13,2,24,3,6
Isaiah Jackson,jacksis01,2022,PF,20,IND,3,16,,,,67%,33%,6.7,5.4,0,0,3,0,1,0,0,0,0
Jaren Jackson Jr.,jacksja02,2022,PF,22,MEM,17,460,,,,50%,50%,2.1,14.2,9,8,28,7,22,1,45,3,17
Josh Jackson,jacksjo02,2022,SF,24,DET,14,296,,1%,86%,13%,,-15.0,-9.5,18,3,14,0,13,4,69,3,9
Reggie Jackson,jacksre01,2022,SG,31,LAC,17,574,47%,53%,,,,6.2,6.8,24,7,10,1,8,4,173,1,5
LeBron James,jamesle01,2022,SF,37,LAL,8,276,,,69%,31%,,-0.1,4.5,17,10,7,2,12,5,122,4,3
DeJon Jarreau,jarrede01,2022,SG,24,IND,1,1,,100%,,,,0.0,-1.3,0,0,0,0,0,0,0,0,0
Ty Jerome,jeromty01,2022,SG,24,OKC,14,183,21%,74%,5%,,,4.6,15.7,0,1,2,2,7,0,46,2,1
Isaiah Joe,joeis01,2022,SG,22,PHI,11,103,36%,45%,19%,,,-3.4,-6.5,3,0,3,0,2,2,14,1,2
Alize Johnson,johnsal02,2022,PF,25,CHI,12,95,,,,14%,86%,-25.4,-32.1,0,3,6,2,3,0,14,1,2
Cameron Johnson,johnsca02,2022,PF,25,PHO,17,374,,,1%,96%,3%,5.5,-3.3,6,3,13,0,8,4,50,3,4
David Johnson,johnsda08,2022,SG,20,TOR,1,0,,100%,,,,-300.0,-299.4,0,0,0,0,0,0,0,0,0
Jalen Johnson,johnsja05,2022,PF,20,ATL,7,19,,,,50%,51%,-17.0,-18.6,0,0,0,0,0,0,0,0,1
James Johnson,johnsja01,2022,PF,34,BRK,10,147,,1%,35%,57%,7%,17.4,14.5,5,1,10,0,4,0,43,0,2
Keldon Johnson,johnske04,2022,SF,22,SAS,16,489,,,49%,50%,,-2.1,1.7,13,7,10,3,28,5,85,5,23
Keon Johnson,johnske07,2022,SG,19,LAC,1,1,100%,,,,,,,0,0,0,0,0,0,0,0,0
Nikola Jokic,jokicni01,2022,C,26,DEN,14,454,,,,,100%,12.5,26.3,28,9,19,6,37,2,204,15,11
Damian Jones,jonesda03,2022,C,26,SAC,6,42,,,,,100%,39.6,43.6,0,0,1,1,1,0,4,0,1
Derrick Jones Jr.,jonesde02,2022,SF,24,CHI,14,252,,,39%,48%,13%,8.6,7.5,2,3,14,2,13,2,18,3,7
Herb Jones,joneshe01,2022,C,23,NOP,16,398,,,,96%,4%,3.1,23.5,7,5,19,2,8,3,59,2,7
Kai Jones,joneska01,2022,C,21,CHO,5,5,,,15%,85%,,-112.5,-112.5,1,1,0,0,0,0,0,0,0
Tre Jones,jonestr01,2022,PG,22,SAS,14,113,97%,3%,,,,-9.5,-7.8,3,2,4,1,2,1,43,2,2
Tyus Jones,jonesty01,2022,PG,25,MEM,17,265,100%,,,,,-5.6,-2.1,7,3,2,0,3,1,128,1,3
DeAndre Jordan,jordade01,2022,C,33,LAL,15,195,,,,,100%,-5.4,-2.8,3,4,12,4,4,0,17,0,2
Cory Joseph,josepco01,2022,PG,30,DET,16,350,99%,1%,,,,-2.6,12.1,13,8,8,1,12,6,135,5,3
Georgios Kalaitzakis,kalaige01,2022,SF,23,MIL,6,42,,8%,72%,17%,2%,-44.9,-48.9,2,0,1,1,2,0,0,0,0
Frank Kaminsky,kaminfr01,2022,C,28,PHO,9,181,,,,,100%,8.8,1.8,0,3,9,1,10,2,31,4,3
Enes Kanter,kanteen01,2022,C,29,BOS,7,76,,,,,100%,5.2,2.3,1,1,6,3,4,0,5,1,3
Luke Kennard,kennalu01,2022,SG,25,LAC,17,465,8%,83%,8%,,,13.4,21.2,6,1,7,1,3,2,83,2,2
Corey Kispert,kispeco01,2022,SF,22,WAS,16,206,,16%,75%,8%,,14.2,15.6,2,2,5,0,3,0,24,0,3
Maxi Kleber,klebima01,2022,PF,30,DAL,7,133,,,,86%,14%,4.1,7.4,3,0,7,0,1,2,9,0,1
Nathan Knight,knighna01,2022,PF,24,MIN,7,19,,,,18%,83%,4.3,2.8,0,1,1,1,4,0,7,0,0
Kevin Knox,knoxke01,2022,SF,22,NYK,3,7,,,35%,65%,,-79.5,-80.8,0,0,1,0,1,0,3,0,0
John Konchar,konchjo01,2022,SG,25,MEM,15,212,4%,85%,11%,,,-12.1,-10.7,7,0,11,0,3,0,39,0,2
Furkan Korkmaz,korkmfu01,2022,SG,24,PHI,17,436,1%,9%,81%,10%,,-0.6,-5.9,15,2,7,0,8,2,120,1,4
Vit Krejci,krejcvi01,2022,SG,21,OKC,3,9,,1%,99%,,,-9.9,-2.3,1,0,0,0,1,0,0,0,0
Jonathan Kuminga,kuminjo01,2022,SF,19,GSW,11,94,,,13%,64%,23%,9.7,-3.9,3,2,8,2,5,0,13,0,3
Kyle Kuzma,kuzmaky01,2022,PF,26,WAS,17,562,,,2%,94%,4%,-2.6,-15.4,13,8,23,5,14,1,97,1,8
Jeremy Lamb,lambje01,2022,SF,29,IND,15,209,,41%,59%,,,-1.3,-3.4,4,1,7,0,7,1,39,1,2
Jock Landale,landajo01,2022,C,26,SAS,4,11,,,,,100%,35.9,39.2,1,0,0,0,2,0,4,1,1
Romeo Langford,langfro01,2022,SG,22,BOS,14,258,,32%,63%,5%,,-0.7,-5.2,5,2,12,0,4,3,16,1,8
Zach LaVine,lavinza01,2022,SG,26,CHI,18,628,,25%,68%,7%,,0.6,-9.9,19,22,13,3,30,0,147,10,17
Jake Layman,laymaja01,2022,SF,27,MIN,6,27,,,35%,65%,,-14.9,-17.1,1,0,1,0,0,0,0,0,1
Damion Lee,leeda03,2022,SG,29,GSW,14,301,1%,77%,22%,,,11.2,-3.1,3,4,10,1,7,4,45,1,3
Saben Lee,leesa01,2022,PG,22,DET,5,36,100%,,,,,3.5,13.3,1,1,0,0,2,0,10,0,2
Alex Len,lenal01,2022,C,28,SAC,10,160,,,,,100%,-5.0,-3.5,2,4,17,5,8,0,31,0,4
Caris LeVert,leverca01,2022,SG,27,IND,11,276,,60%,40%,,,9.8,11.9,4,7,8,1,13,2,78,2,8
Kira Lewis Jr.,lewiski01,2022,PG,20,NOP,16,250,93%,7%,,,,-19.8,-13.6,17,5,8,0,3,4,87,1,4
Damian Lillard,lillada01,2022,PG,31,POR,16,574,100%,,,,,3.7,9.7,32,5,12,4,20,5,311,4,12
Nassir Little,littlna01,2022,SF,21,POR,17,372,,,60%,38%,2%,-1.8,-5.0,7,8,21,3,11,1,33,3,5
Kevon Looney,looneke01,2022,C,25,GSW,17,311,,,,1%,100%,12.2,-1.6,5,3,24,2,17,0,52,1,7
Brook Lopez,lopezbr01,2022,C,33,MIL,1,28,,,,,100%,-6.4,-8.3,0,0,2,0,0,0,0,0,2
Robin Lopez,lopezro01,2022,C,33,ORL,7,90,,,,,100%,-7.7,3.7,1,1,3,1,5,0,9,2,0
Didi Louzada,louzama01,2022,SF,22,NOP,2,7,,,,100%,,-37.9,-28.1,0,0,0,0,0,0,2,0,0
Kevin Love,loveke01,2022,PF,33,CLE,10,205,,,23%,53%,25%,-6.7,-7.3,5,2,4,1,7,2,45,2,1
Kyle Lowry,lowryky01,2022,PG,35,MIA,15,517,100%,,,,,6.5,-4.2,35,6,12,2,10,11,260,4,3
Timothe Luwawu-Cabarrot,luwawti01,2022,SF,26,ATL,11,30,,3%,73%,25%,,-6.3,-7.7,1,0,0,0,2,0,5,1,1
Trey Lyles,lylestr01,2022,PF,26,DET,16,248,,,,69%,31%,-4.4,7.1,9,3,6,5,23,0,35,6,4
Theo Maledon,maledth01,2022,PG,20,OKC,9,128,100%,,,,,-15.1,-8.8,5,2,3,0,2,1,31,0,2
Sandro Mamukelashvili,mamuksa01,2022,PF,22,MIL,7,61,,,,25%,75%,-15.9,-18.9,1,1,2,0,1,0,5,1,2
Terance Mann,mannte01,2022,SF,25,LAC,16,464,,14%,70%,16%,,9.5,12.2,5,5,12,1,11,5,95,2,11
Tre Mann,manntr01,2022,PG,20,OKC,10,109,66%,34%,,,,-9.6,-2.3,0,4,7,0,4,0,5,0,4
Boban Marjanovic,marjabo01,2022,C,33,DAL,8,45,,,,,100%,14.7,17.7,0,2,3,2,5,0,5,2,2
Lauri Markkanen,markkla01,2022,PF,24,CLE,9,277,,,,74%,26%,-2.8,-2.3,4,4,5,0,10,0,30,2,10
Naji Marshall,marshna01,2022,SF,24,NOP,13,182,,6%,67%,26%,1%,-14.3,-5.3,8,5,9,1,10,2,40,0,7
Caleb Martin,martica02,2022,SF,26,MIA,14,223,,17%,75%,9%,,8.0,-0.1,4,0,7,2,7,2,21,1,4
Cody Martin,martico01,2022,SF,26,CHO,19,472,,76%,24%,,,1.0,2.9,3,3,13,1,13,11,94,2,11
Kelan Martin,martike03,2022,SF,26,IND,12,205,,,67%,33%,,-2.4,-4.8,4,0,8,0,4,0,40,1,6
Kenyon Martin Jr.,martike04,2022,SF,21,HOU,16,244,,,30%,67%,3%,0.0,17.0,3,1,6,1,8,0,31,3,6
Garrison Mathews,mathega01,2022,SG,25,HOU,4,70,,30%,69%,1%,,6.8,20.4,0,1,3,0,2,8,4,1,0
Tyrese Maxey,maxeyty01,2022,PG,21,PHI,18,641,100%,,,,,2.7,1.6,11,6,21,2,32,1,203,11,17
Skylar Mays,mayssk01,2022,SG,24,ATL,7,19,,65%,35%,,,-17.0,-18.6,1,1,1,0,1,1,3,1,0
Miles McBride,mcbrimi01,2022,PG,21,NYK,5,4,100%,,,,,-109.1,-110.3,0,0,0,0,0,0,0,0,0
CJ McCollum,mccolcj01,2022,SG,30,POR,17,598,,90%,10%,,,0.0,-3.5,21,6,13,4,15,3,183,3,11
T.J. McConnell,mccontj01,2022,PG,29,IND,19,479,100%,,,,,-3.2,-9.6,18,5,20,0,5,9,236,3,7
Jaden McDaniels,mcdanja02,2022,PF,21,MIN,17,428,,,20%,80%,,2.6,2.2,7,2,35,4,6,2,40,2,9
Jalen McDaniels,mcdanja01,2022,SF,24,CHO,17,219,,1%,28%,67%,4%,-0.4,0.0,2,5,10,1,7,1,39,1,1
Doug McDermott,mcderdo01,2022,PF,30,SAS,12,307,,,,96%,4%,-9.0,-10.5,2,4,7,1,3,1,31,0,8
JaVale McGee,mcgeeja01,2022,C,34,PHO,17,277,,,,,100%,12.9,8.3,6,10,27,9,16,2,23,7,4
Rodney McGruder,mcgruro01,2022,SG,30,DET,7,40,,39%,62%,,,20.8,31.6,0,0,0,0,1,0,7,0,1
JaQuori McLaughlin,mclauja01,2022,PG,24,DAL,1,2,100%,,,,,0.0,2.0,0,0,0,0,0,0,2,0,0
Jordan McLaughlin,mclaujo01,2022,PG,25,MIN,14,138,100%,,,,,-13.8,-18.6,6,3,2,0,2,2,71,1,4
Ben McLemore,mclembe01,2022,SG,28,POR,4,29,,70%,30%,,,-29.9,-32.1,0,2,1,0,1,0,2,0,0
De'Anthony Melton,meltode01,2022,SG,23,MEM,15,392,,97%,3%,,,-0.2,7.6,12,6,14,2,4,3,85,0,5
Sam Merrill,merrisa01,2022,SG,25,MEM,6,58,61%,20%,11%,8%,,-11.5,-7.9,2,0,2,0,2,1,8,1,0
Chimezie Metu,metuch01,2022,C,24,SAC,8,171,,,,77%,23%,1.7,4.6,5,4,3,1,3,2,19,0,5
Khris Middleton,middlkh01,2022,SF,30,MIL,10,301,,6%,45%,42%,7%,4.8,4.8,19,8,7,0,15,2,114,6,4
Patty Mills,millspa02,2022,PG,33,BRK,18,486,100%,,,,,11.6,14.6,10,1,8,2,3,8,109,2,4
Paul Millsap,millspa01,2022,PF,36,BRK,13,138,,,19%,71%,10%,7.7,2.9,1,2,16,1,5,1,24,1,1
Shake Milton,miltosh01,2022,PG,25,PHI,14,363,42%,58%,,,,-3.0,-9.1,10,4,14,2,14,1,105,7,8
Davion Mitchell,mitchda01,2022,PG,23,SAC,18,456,49%,51%,,,,-0.3,3.7,15,1,18,1,6,2,164,1,10
Donovan Mitchell,mitchdo01,2022,SG,25,UTA,16,515,53%,47%,,,,10.5,2.8,20,20,19,6,27,5,190,9,15
Evan Mobley,mobleev01,2022,PF,20,CLE,15,506,,,27%,43%,30%,2.6,9.2,5,17,22,1,25,0,87,6,13
Malik Monk,monkma01,2022,SG,23,LAL,18,395,10%,70%,20%,,,0.8,7.2,15,4,11,1,6,2,92,0,5
Moses Moody,moodymo01,2022,SG,19,GSW,14,85,,54%,46%,1%,,-10.1,-26.0,1,0,3,0,1,1,7,0,0
Ja Morant,moranja01,2022,PG,22,MEM,17,576,90%,11%,,,,-4.7,-2.0,32,19,10,1,40,1,288,8,34
Marcus Morris,morrima03,2022,PF,32,LAC,2,55,,,8%,43%,49%,-24.4,-30.7,0,0,3,1,1,1,3,0,0
Markieff Morris,morrima02,2022,PF,32,MIA,10,187,,,,86%,14%,8.4,0.5,5,2,11,3,3,1,36,1,1
Monte Morris,morrimo01,2022,PG,26,DEN,17,500,94%,6%,,,,9.9,23.2,11,4,14,2,4,3,171,0,9
Mychal Mulder,muldemy01,2022,PG,27,ORL,6,56,84%,16%,,,,4.9,17.0,0,1,0,0,1,1,3,0,4
Trey Murphy III,murphtr02,2022,SF,21,NOP,19,304,,1%,50%,45%,4%,-10.3,-0.5,6,3,8,0,5,5,30,2,7
Dejounte Murray,murrade01,2022,PG,25,SAS,16,554,98%,2%,,,,0.4,11.4,23,10,9,3,17,5,295,4,14
Mike Muscala,muscami01,2022,C,30,OKC,13,191,,,,,100%,1.5,12.0,2,1,8,2,15,1,14,4,2
Svi Mykhailiuk,mykhasv01,2022,SF,24,TOR,18,323,8%,47%,43%,2%,,-4.8,-6.5,6,4,11,2,8,3,51,1,6
Abdel Nader,naderab01,2022,SF,28,PHO,14,145,,13%,87%,1%,,-1.6,-11.0,8,2,6,1,4,3,20,0,2
Larry Nance Jr.,nancela02,2022,PF,29,POR,17,326,,,,49%,51%,5.8,8.0,8,2,8,4,9,4,64,3,2
RJ Nembhard,nembhrj01,2022,SG,22,CLE,2,3,57%,43%,,,,2.4,3.6,0,0,0,0,0,0,3,0,0
Aaron Nesmith,nesmiaa01,2022,SF,22,BOS,15,136,,12%,79%,9%,,-18.2,-25.1,5,1,8,1,1,1,13,0,0
Raul Neto,netora01,2022,PG,29,WAS,16,318,79%,21%,,,,4.1,2.8,18,3,8,1,7,3,100,2,6
Georges Niang,niangge01,2022,PF,28,PHI,18,462,,,19%,77%,4%,6.9,10.0,7,5,24,1,12,3,71,4,9
Zeke Nnaji,nnajize01,2022,PF,21,DEN,5,50,,,6%,26%,69%,19.7,19.9,1,0,3,0,4,0,0,0,3
Nerlens Noel,noelne01,2022,C,27,NYK,6,140,,,,,100%,12.4,14.1,2,3,8,2,4,1,11,1,0
Jaylen Nowell,nowelja01,2022,SG,22,MIN,8,44,32%,49%,19%,,,-18.7,-21.4,0,1,1,0,1,0,17,0,2
Frank Ntilikina,ntilila01,2022,PG,23,DAL,15,213,27%,70%,3%,,,8.9,15.2,8,0,11,2,5,3,50,0,6
Jusuf Nurkic,nurkiju01,2022,C,27,POR,17,410,,,,,100%,6.1,10.5,11,7,14,13,23,2,83,4,8
David Nwaba,nwabada01,2022,SF,29,HOU,15,176,,1%,71%,27%,1%,-7.0,6.3,5,0,6,1,10,1,22,0,8
Jordan Nwora,nworajo01,2022,SF,23,MIL,16,329,,,42%,47%,11%,-2.9,-7.4,8,6,12,0,4,1,52,0,8
Royce O'Neale,onealro01,2022,SF,28,UTA,17,526,,26%,74%,,,10.1,1.6,12,3,21,2,7,3,99,3,3
Semi Ojeleye,ojelese01,2022,PF,27,MIL,11,218,,,3%,85%,12%,-15.3,-22.5,3,2,8,0,2,1,12,1,6
Chuma Okeke,okekech01,2022,PF,23,ORL,12,248,,,7%,91%,3%,-13.1,-3.0,8,1,6,0,9,0,35,1,4
Josh Okogie,okogijo01,2022,SG,23,MIN,11,160,,56%,38%,6%,,11.8,12.7,5,3,5,0,7,10,26,1,5
Isaac Okoro,okorois01,2022,SF,21,CLE,11,328,,48%,49%,3%,,-3.8,-4.1,6,3,8,2,13,3,46,3,5
KZ Okpala,okpalkz01,2022,PF,22,MIA,8,47,,,6%,54%,40%,-16.9,-26.3,0,0,3,0,1,0,6,0,0
Kelly Olynyk,olynyke01,2022,C,30,DET,10,230,,,,,100%,-9.7,-0.7,6,2,12,7,14,5,55,5,5
Eugene Omoruyi,omorueu01,2022,SF,24,DAL,2,10,,,,100%,,0.7,2.7,0,0,0,0,1,0,2,0,0
Miye Oni,onimi01,2022,SG,24,UTA,8,19,,18%,82%,,,-45.2,-55.9,0,0,0,0,1,0,5,1,0
Cedi Osman,osmande01,2022,SF,26,CLE,15,327,,7%,66%,27%,,-0.3,1.5,8,4,10,0,9,2,58,2,1
Kelly Oubre Jr.,oubreke01,2022,SF,26,CHO,19,496,,38%,54%,8%,,-2.9,-5.2,9,7,22,1,16,2,50,4,15
Kevin Pangos,pangoke01,2022,PG,29,CLE,5,13,100%,,,,,-69.7,-69.4,1,0,1,0,0,0,0,0,0
Jabari Parker,parkeja01,2022,PF,26,BOS,5,55,,,,17%,83%,-14.0,-18.2,2,1,5,1,1,0,6,0,2
Eric Paschall,pascher01,2022,PF,25,UTA,16,214,,,,100%,,1.4,-10.9,3,1,4,4,8,0,36,1,2
Chris Paul,paulch01,2022,PG,36,PHO,17,539,100%,,,,,6.2,-3.5,28,8,12,1,11,2,401,2,2
Cameron Payne,payneca01,2022,PG,27,PHO,12,206,93%,7%,,,,11.9,6.1,8,7,9,3,13,4,81,3,4
Elfrid Payton,paytoel01,2022,PG,27,PHO,6,83,90%,4%,6%,,,-6.8,-15.8,5,0,3,1,3,1,38,0,4
Gary Payton II,paytoga02,2022,PG,29,GSW,16,225,44%,56%,,,,29.8,23.1,2,1,6,3,12,2,32,3,1
Jamorko Pickett,pickeja01,2022,PF,24,DET,3,9,,,,100%,,40.0,49.6,0,1,0,0,0,0,0,0,0
Mason Plumlee,plumlma01,2022,C,31,CHO,19,501,,,,,100%,0.3,1.7,12,4,38,4,23,3,136,4,13
Jakob Poeltl,poeltja01,2022,C,26,SAS,9,256,,,,,100%,-4.5,-2.6,5,2,18,5,10,2,47,1,6
Aleksej Pokusevski,pokusal01,2022,PF,20,OKC,17,252,,,,83%,17%,-12.8,-7.4,11,6,6,3,3,2,57,0,8
Yves Pons,ponsyv01,2022,F,22,MEM,1,3,100%,,,,,-60.0,-56.1,0,0,0,0,0,0,0,0,0
Jordan Poole,poolejo01,2022,SG,22,GSW,17,506,25%,74%,1%,,,7.9,-13.6,27,13,15,3,17,3,127,3,13
Kevin Porter Jr.,porteke02,2022,PG,21,HOU,14,431,98%,2%,,,,-10.6,2.7,40,14,11,3,22,3,174,5,10
Michael Porter Jr.,portemi01,2022,SF,23,DEN,9,265,,,91%,9%,,9.6,13.0,5,2,6,4,5,0,38,3,4
Otto Porter,porteot01,2022,PF,28,GSW,15,260,,,,47%,53%,15.2,3.0,6,0,9,1,3,1,41,0,1
Bobby Portis,portibo01,2022,C,26,MIL,13,360,,,,,100%,1.3,-0.7,6,4,12,5,8,1,48,2,11
Kristaps Porzingis,porzikr01,2022,PF,26,DAL,11,324,,,,45%,55%,-7.1,-8.8,1,7,9,5,19,0,53,2,7
Dwight Powell,poweldw01,2022,C,30,DAL,16,355,,,,,100%,-10.6,-15.8,1,4,19,8,14,1,47,4,5
Norman Powell,powelno01,2022,SF,28,POR,15,437,,3%,94%,4%,,3.7,5.9,5,9,16,0,30,1,55,11,12
Joshua Primo,primojo01,2022,SG,19,SAS,3,9,,58%,42%,,,-17.6,-15.1,0,0,0,0,0,0,2,0,0
Taurean Prince,princta02,2022,PF,27,MIN,15,200,,,70%,30%,,-11.8,-17.8,5,0,10,1,7,5,27,2,0
Payton Pritchard,pritcpa01,2022,SG,24,BOS,16,144,68%,32%,,,,-15.0,-21.6,5,2,5,1,1,1,44,0,3
Immanuel Quickley,quickim01,2022,PG,22,NYK,17,309,11%,89%,,,,13.9,21.0,8,3,8,2,11,1,86,1,5
Jahmi'us Ramsey,ramseja01,2022,SG,20,SAC,5,31,10%,61%,29%,,,0.5,2.7,0,0,1,0,1,0,5,0,0
Julius Randle,randlju01,2022,PF,27,NYK,17,603,,,,89%,11%,-5.1,-21.8,22,18,19,9,35,1,229,8,15
Austin Reaves,reaveau01,2022,SG,23,LAL,10,213,4%,30%,62%,4%,,10.6,18.1,5,1,10,1,2,8,26,1,1
Cam Reddish,reddica01,2022,SF,22,ATL,18,414,,1%,92%,7%,,-4.4,-10.8,10,8,10,3,18,3,38,5,13
Paul Reed,reedpa01,2022,C,22,PHI,13,135,,,,40%,60%,-14.7,-20.2,1,3,10,2,0,1,21,0,4
Naz Reid,reidna01,2022,C,22,MIN,15,228,,,,16%,84%,-14.4,-22.2,5,3,17,2,16,1,31,6,5
Nick Richards,richani01,2022,C,24,CHO,14,126,,,,,100%,-10.1,-11.1,0,3,8,5,5,2,8,3,4
Josh Richardson,richajo01,2022,SG,28,BOS,14,348,,72%,28%,,,-0.2,-5.3,2,5,15,1,7,2,41,1,5
Austin Rivers,riverau01,2022,SG,29,DEN,15,261,2%,65%,33%,1%,,-7.4,-12.1,4,5,9,1,3,0,31,0,6
Duncan Robinson,robindu01,2022,SG,27,MIA,17,491,,73%,27%,,,8.2,0.3,9,3,20,1,3,4,58,2,8
Justin Robinson,robinju01,2022,PG,24,MIL,15,195,100%,,,,,-10.5,-15.7,8,1,12,0,0,8,51,0,0
Mitchell Robinson,robinmi01,2022,C,23,NYK,15,385,,,,,100%,-7.5,-15.2,1,2,23,5,18,0,29,3,5
Jeremiah Robinson-Earl,robinje02,2022,C,21,OKC,17,356,,,,19%,81%,-7.7,-0.1,2,9,13,1,5,2,31,1,9
Isaiah Roby,robyis01,2022,PF,23,OKC,9,94,,2%,9%,48%,41%,-3.8,4.5,1,2,7,1,3,0,14,0,5
Rajon Rondo,rondora01,2022,PG,35,LAL,13,199,100%,,,,,-5.6,-3.1,19,3,9,0,0,3,116,0,4
Derrick Rose,rosede01,2022,PG,33,NYK,17,390,100%,,,,,13.2,23.7,15,8,3,0,9,2,132,3,12
Terrence Ross,rosste01,2022,SG,30,ORL,18,468,,28%,72%,,,-20.5,-20.8,14,8,4,1,16,1,87,5,5
Terry Rozier,roziete01,2022,SG,27,CHO,14,441,22%,78%,,,,-1.9,-2.7,14,4,10,2,9,5,106,3,9
Ricky Rubio,rubiori01,2022,PG,31,CLE,18,532,49%,51%,,,,2.3,9.4,35,15,11,4,18,12,256,3,17
D'Angelo Russell,russeda01,2022,PG,25,MIN,15,465,55%,45%,,,,12.0,24.0,25,9,11,2,17,2,200,2,10
Domantas Sabonis,sabondo01,2022,C,25,IND,19,645,,,,61%,39%,1.7,1.1,14,24,25,15,35,3,171,6,17
Tomas Satoransky,satorto01,2022,SG,30,NOP,14,229,6%,57%,37%,,,-25.6,-20.7,6,6,1,0,5,1,68,2,3
Dennis Schroder,schrode01,2022,SG,28,BOS,18,592,34%,66%,,,,3.8,2.1,29,15,17,7,25,4,215,4,16
Jay Scrubb,scrubja01,2022,SG,21,LAC,6,32,78%,22%,,,,-5.6,-10.2,1,0,2,0,1,0,4,0,0
Wayne Selden,seldewa01,2022,SG,27,NYK,1,1,,,100%,,,-66.7,-67.4,0,0,0,0,0,0,0,0,0
Alperen Sengun,sengual01,2022,C,19,HOU,16,300,,,,47%,54%,-8.8,5.0,15,8,29,5,25,7,94,7,12
Collin Sexton,sextoco01,2022,SG,23,CLE,11,316,8%,86%,6%,,,-6.2,-7.9,14,9,6,3,20,3,57,5,16
Landry Shamet,shamela01,2022,SG,24,PHO,16,297,2%,95%,3%,1%,,4.2,-5.0,6,0,4,0,7,3,64,0,7
Day'Ron Sharpe,sharpda01,2022,PF,20,BRK,7,33,,,,,100%,6.3,1.0,2,1,0,2,2,0,0,0,1
Pascal Siakam,siakapa01,2022,PF,27,TOR,7,224,,,,54%,46%,-4.2,-4.7,8,4,7,4,19,1,63,3,5
Marko Simonovic,simonma01,2022,C,22,CHI,1,7,100%,,,,,15.4,12.2,0,0,0,0,1,0,0,0,0
Anfernee Simons,simonan01,2022,SG,22,POR,17,378,41%,57%,2%,,,3.6,4.8,8,4,10,3,8,0,88,1,6
Jericho Sims,simsje01,2022,PF,23,NYK,6,29,,,,,100%,0.0,-0.7,0,1,1,0,1,0,0,0,0
Marcus Smart,smartma01,2022,PG,27,BOS,17,593,100%,,,,,10.0,20.8,21,6,16,3,14,10,216,5,4
Dennis Smith Jr.,smithde03,2022,PG,24,POR,7,94,86%,14%,,,,-13.0,-15.8,5,4,1,0,4,2,43,1,3
Ish Smith,smithis01,2022,PG,33,CHO,15,205,100%,,,,,-10.7,-13.2,8,4,6,1,4,2,82,2,3
Jalen Smith,smithja04,2022,PF,21,PHO,5,30,,,,47%,54%,-4.7,-12.5,0,1,2,0,2,0,0,0,1
Tony Snell,snellto01,2022,SG,30,POR,11,100,,5%,93%,2%,,-5.3,-7.0,1,1,5,0,0,0,13,0,0
Jaden Springer,sprinja01,2022,SG,19,PHI,1,2,,100%,,,,-110.0,-112.6,0,0,0,0,0,0,0,0,0
Lamar Stevens,stevela01,2022,PF,24,CLE,9,91,,3%,57%,40%,,9.1,11.6,1,1,6,0,1,0,2,1,3
Isaiah Stewart,stewais01,2022,C,20,DET,16,379,,,,7%,93%,-13.3,-8.0,4,4,15,4,5,2,45,2,10
Max Strus,strusma01,2022,SF,25,MIA,12,231,,13%,51%,36%,,11.3,4.6,4,0,9,0,3,7,20,1,5
Jalen Suggs,suggsja01,2022,PG,20,ORL,17,466,46%,54%,,,,-9.5,3.2,28,20,20,5,24,8,148,7,22
Jae'Sean Tate,tateja01,2022,SF,26,HOU,17,464,,1%,84%,15%,,-16.4,-10.3,16,8,24,5,20,10,74,5,10
Jayson Tatum,tatumja01,2022,SF,23,BOS,18,661,,,54%,46%,,7.2,15.9,18,15,24,7,41,2,160,6,23
Garrett Temple,templga01,2022,SG,35,NOP,17,334,26%,74%,,,,-25.7,-24.7,12,4,10,2,7,2,52,1,5
Daniel Theis,theisda01,2022,C,29,HOU,15,350,,,,84%,16%,-22.5,-18.4,9,5,22,4,10,6,27,2,2
Brodric Thomas,thomabr01,2022,SG,25,BOS,2,2,,70%,30%,,,-85.0,-88.3,1,0,0,0,0,0,0,0,0
Cameron Thomas,thomaca02,2022,SG,20,BRK,11,69,2%,69%,29%,,,-0.7,-6.5,1,1,1,0,1,0,12,1,4
Matt Thomas,thomama02,2022,SG,27,CHI,6,25,30%,43%,27%,,,-40.3,-44.8,0,0,1,0,0,0,0,0,2
Tristan Thompson,thomptr01,2022,PF,30,SAC,12,157,,,,32%,68%,-5.4,-4.1,0,3,7,5,7,0,14,1,6
JT Thor,thorjt01,2022,PF,19,CHO,2,2,,39%,62%,,,-125.0,-124.7,0,0,0,0,0,0,0,0,0
Matisse Thybulle,thybuma01,2022,SG,24,PHI,11,279,1%,50%,42%,7%,,7.2,7.3,5,2,8,1,2,4,28,0,0
Killian Tillie,tilliki02,2022,C,23,MEM,5,30,,,,,100%,-19.7,-16.3,0,0,2,0,0,0,0,0,0
Xavier Tillman Sr.,tillmxa01,2022,PF,23,MEM,12,157,,,9%,78%,14%,-19.8,-19.2,1,2,4,3,5,0,30,1,1
Isaiah Todd,toddis01,2022,PF,20,WAS,3,7,,,,14%,86%,35.0,32.8,0,0,0,0,0,0,0,0,0
Obi Toppin,toppiob01,2022,PF,23,NYK,17,254,,,,98%,3%,15.8,21.7,4,3,13,4,19,1,46,5,3
Juan Toscano-Anderson,toscaju01,2022,SF,28,GSW,16,225,,5%,69%,26%,,8.0,-7.1,7,3,12,1,1,1,79,0,3
Karl-Anthony Towns,townska01,2022,C,26,MIN,17,592,,,,,100%,4.9,11.8,22,10,15,18,35,2,141,9,22
Gary Trent Jr.,trentga02,2022,SG,23,TOR,18,617,14%,84%,2%,,,-1.6,-2.8,8,5,17,3,12,1,67,2,7
P.J. Tucker,tuckepj01,2022,PF,36,MIA,17,484,,,,93%,7%,10.0,4.8,6,5,15,3,1,8,64,1,5
Myles Turner,turnemy01,2022,C,25,IND,19,537,,,,,100%,6.8,13.3,14,6,29,9,24,3,45,6,6
Jonas Valanciunas,valanjo01,2022,C,29,NOP,19,618,,,,,100%,-9.6,1.2,11,9,34,15,34,2,106,6,15
Denzel Valentine,valende01,2022,SG,28,CLE,11,81,9%,66%,25%,,,-10.1,-9.9,1,1,4,0,0,0,5,0,1
Jarred Vanderbilt,vandeja01,2022,PF,22,MIN,17,350,,,,94%,6%,5.4,6.6,11,2,19,4,12,1,45,5,12
Fred VanVleet,vanvlfr01,2022,PG,27,TOR,17,648,96%,4%,,,,1.6,9.3,37,11,16,2,18,6,271,4,14
Devin Vassell,vassede01,2022,SF,21,SAS,16,417,,5%,76%,19%,,0.5,7.1,6,4,17,1,10,2,55,2,6
Gabe Vincent,vincega01,2022,PG,25,MIA,14,176,74%,26%,,,,8.2,0.3,5,1,6,4,2,4,63,0,1
Nikola Vucevic,vucevni01,2022,C,31,CHI,11,376,,,,,100%,5.2,3.4,6,8,17,1,7,0,110,0,7
Dean Wade,wadede01,2022,PF,25,CLE,15,342,,,38%,57%,5%,0.1,2.3,3,2,13,0,1,1,54,0,0
Franz Wagner,wagnefr01,2022,SF,20,ORL,18,558,,,71%,29%,,-9.5,4.0,7,7,23,2,15,2,88,5,17
Moritz Wagner,wagnemo01,2022,C,24,ORL,17,174,,,,46%,54%,-3.5,9.4,6,1,7,5,8,10,22,4,3
Ish Wainright,wainris01,2022,F,27,PHO,2,5,100%,,,,,19.8,12.5,0,0,0,1,0,0,2,0,0
Kemba Walker,walkeke02,2022,PG,31,NYK,16,394,100%,,,,,-12.7,-25.6,12,5,10,0,9,15,118,2,6
Lonnie Walker,walkelo01,2022,SG,23,SAS,16,370,,48%,52%,,,0.8,6.7,11,4,9,1,11,1,95,0,3
Brad Wanamaker,wanambr01,2022,PG,32,IND,10,131,81%,19%,,,,-3.9,-6.2,9,3,6,1,6,1,48,1,5
Duane Washington Jr.,washidu02,2022,PG,21,IND,2,4,20%,80%,,,,-60.0,-61.7,0,0,0,0,0,0,0,0,0
P.J. Washington,washipj01,2022,PF,23,CHO,7,148,,,,7%,93%,-8.4,-9.4,3,5,6,0,7,0,25,0,5
Trendon Watford,watfotr01,2022,F,21,POR,1,7,100%,,,,,-23.1,-24.2,0,0,0,0,0,0,6,0,0
Russell Westbrook,westbru01,2022,PG,33,LAL,18,634,93%,7%,,,,-5.6,-8.6,64,10,17,11,37,3,363,5,18
Coby White,whiteco01,2022,PG,21,CHI,5,78,65%,35%,,,,-14.3,-19.3,1,0,4,1,1,0,14,0,4
Derrick White,whitede01,2022,SG,27,SAS,16,494,12%,84%,4%,,,-4.7,-5.6,11,12,22,1,12,15,196,2,4
Hassan Whiteside,whiteha01,2022,C,32,UTA,17,277,,,,,100%,13.8,6.4,4,5,31,5,19,0,11,6,8
Joe Wieskamp,wieskjo01,2022,G,22,SAS,1,3,100%,,,,,-70.0,-67.6,0,0,0,0,0,0,0,0,0
Aaron Wiggins,wiggiaa01,2022,G,23,OKC,6,83,100%,,,,,5.0,14.0,2,2,3,1,1,0,20,1,0
Andrew Wiggins,wiggian01,2022,SF,26,GSW,17,500,,,71%,28%,2%,10.7,-6.3,12,9,13,6,32,1,71,7,7
Grant Williams,willigr01,2022,PF,23,BOS,18,376,,,1%,93%,6%,-1.5,-7.9,3,2,13,2,6,5,52,1,2
Kenrich Williams,willike04,2022,SF,27,OKC,17,342,,1%,78%,21%,,-3.2,7.8,5,3,10,4,11,4,68,0,4
Lou Williams,willilo02,2022,PG,35,ATL,13,161,100%,,,,,0.8,-0.4,7,3,1,0,4,1,48,2,1
Patrick Williams,willipa01,2022,PF,20,CHI,5,125,,,,80%,20%,3.8,0.6,2,0,3,0,0,1,7,0,2
Robert Williams,williro04,2022,C,24,BOS,14,423,,,,29%,71%,10.1,13.3,6,3,12,2,11,0,47,3,3
Ziaire Williams,willizi02,2022,SF,20,MEM,15,282,,4%,94%,2%,,-9.1,-7.6,2,4,20,0,2,1,17,0,5
Dylan Windler,windldy01,2022,SF,25,CLE,14,166,,49%,50%,1%,,-2.2,-1.3,5,2,11,0,2,0,41,0,3
Justise Winslow,winslju01,2022,SF,25,LAC,12,115,,,8%,81%,11%,-4.7,-10.3,7,3,4,4,1,0,33,0,5
Christian Wood,woodch01,2022,C,26,HOU,17,550,,,,,100%,-14.0,-6.4,13,11,24,6,27,2,88,10,19
Robert Woodard,woodaro01,2022,SF,22,SAC,1,3,,,100%,,,33.3,35.5,0,0,0,0,0,0,0,0,0
Delon Wright,wrighde01,2022,SG,29,ATL,16,196,48%,52%,,,,9.2,10.3,5,2,1,0,4,1,81,1,1
McKinley Wright IV,wrighmc01,2022,PG,23,MIN,1,4,100%,,,,,-66.7,-68.6,1,0,0,0,0,0,0,0,0
Thaddeus Young,youngth01,2022,PF,33,SAS,13,224,,,,,100%,-0.7,2.8,12,3,10,2,5,5,98,4,6
Trae Young,youngtr01,2022,PG,23,ATL,18,613,98%,2%,,,,1.0,-0.6,55,12,11,2,29,6,378,4,31
Omer Yurtseven,yurtsom01,2022,C,23,MIA,11,36,,,,,100%,3.3,-5.0,0,1,1,1,3,0,3,2,1
Cody Zeller,zelleco01,2022,C,29,POR,17,221,,,,,100%,-4.8,-7.9,4,1,11,5,14,4,34,1,6
Ivica Zubac,zubaciv01,2022,C,24,LAC,17,427,,,,,100%,-4.3,-17.9,4,5,21,3,23,2,48,2,13
