,Team,Tm,Year,Wins,Losses,Perc
0,Boston Celtics,BOS,1980,61,21,0.744
1,Los Angeles Lakers,LAL,1980,60,22,0.732
2,Seattle SuperSonics,SEA,1980,56,26,0.683
3,Philadelphia 76ers,PHI,1980,59,23,0.72
4,Milwaukee Bucks,MIL,1980,49,33,0.598
5,Phoenix Suns,PHO,1980,55,27,0.671
6,Kansas City Kings,KCK,1980,47,35,0.573
7,Atlanta Hawks,ATL,1980,50,32,0.61
8,Cleveland Cavaliers,CLE,1980,37,45,0.451
9,Houston Rockets,HOU,1980,41,41,0.5
10,San Antonio Spurs,SAS,1980,41,41,0.5
11,Indiana Pacers,IND,1980,37,45,0.451
12,Portland Trail Blazers,POR,1980,38,44,0.463
13,New Jersey Nets,NJN,1980,34,48,0.415
14,New York Knicks,NYK,1980,39,43,0.476
15,Washington Bullets,WSB,1980,39,43,0.476
16,Chicago Bulls,CHI,1980,30,52,0.366
17,San Diego Clippers,SDC,1980,35,47,0.427
18,Denver Nuggets,DEN,1980,30,52,0.366
19,Golden State Warriors,GSW,1980,24,58,0.293
20,Utah Jazz,UTA,1980,24,58,0.293
21,Detroit Pistons,DET,1980,16,66,0.195
22,Philadelphia 76ers,PHI,1981,62,20,0.756
23,Milwaukee Bucks,MIL,1981,60,22,0.732
24,Boston Celtics,BOS,1981,62,20,0.756
25,Phoenix Suns,PHO,1981,57,25,0.695
26,Los Angeles Lakers,LAL,1981,54,28,0.659
27,San Antonio Spurs,SAS,1981,52,30,0.634
28,Chicago Bulls,CHI,1981,45,37,0.549
29,New York Knicks,NYK,1981,50,32,0.61
30,Indiana Pacers,IND,1981,44,38,0.537
31,Portland Trail Blazers,POR,1981,45,37,0.549
32,Houston Rockets,HOU,1981,40,42,0.488
33,Washington Bullets,WSB,1981,39,43,0.476
34,Kansas City Kings,KCK,1981,40,42,0.488
35,Denver Nuggets,DEN,1981,37,45,0.451
36,Golden State Warriors,GSW,1981,39,43,0.476
37,San Diego Clippers,SDC,1981,36,46,0.439
38,Seattle SuperSonics,SEA,1981,34,48,0.415
39,Atlanta Hawks,ATL,1981,31,51,0.378
40,Cleveland Cavaliers,CLE,1981,28,54,0.341
41,New Jersey Nets,NJN,1981,24,58,0.293
42,Utah Jazz,UTA,1981,28,54,0.341
43,Detroit Pistons,DET,1981,21,61,0.256
44,Dallas Mavericks,DAL,1981,15,67,0.183
45,Boston Celtics,BOS,1982,63,19,0.768
46,Philadelphia 76ers,PHI,1982,58,24,0.707
47,Milwaukee Bucks,MIL,1982,55,27,0.671
48,Los Angeles Lakers,LAL,1982,57,25,0.695
49,Seattle SuperSonics,SEA,1982,52,30,0.634
50,Phoenix Suns,PHO,1982,46,36,0.561
51,San Antonio Spurs,SAS,1982,48,34,0.585
52,Golden State Warriors,GSW,1982,45,37,0.549
53,Washington Bullets,WSB,1982,43,39,0.524
54,New Jersey Nets,NJN,1982,44,38,0.537
55,Portland Trail Blazers,POR,1982,42,40,0.512
56,Atlanta Hawks,ATL,1982,42,40,0.512
57,Denver Nuggets,DEN,1982,46,36,0.561
58,Houston Rockets,HOU,1982,46,36,0.561
59,Detroit Pistons,DET,1982,39,43,0.476
60,Indiana Pacers,IND,1982,35,47,0.427
61,Chicago Bulls,CHI,1982,34,48,0.415
62,New York Knicks,NYK,1982,33,49,0.402
63,Kansas City Kings,KCK,1982,30,52,0.366
64,Dallas Mavericks,DAL,1982,28,54,0.341
65,Utah Jazz,UTA,1982,25,57,0.305
66,San Diego Clippers,SDC,1982,17,65,0.207
67,Cleveland Cavaliers,CLE,1982,15,67,0.183
68,Philadelphia 76ers,PHI,1983,65,17,0.793
69,Los Angeles Lakers,LAL,1983,58,24,0.707
70,Boston Celtics,BOS,1983,56,26,0.683
71,Phoenix Suns,PHO,1983,53,29,0.646
72,Milwaukee Bucks,MIL,1983,51,31,0.622
73,San Antonio Spurs,SAS,1983,53,29,0.646
74,Seattle SuperSonics,SEA,1983,48,34,0.585
75,New Jersey Nets,NJN,1983,49,33,0.598
76,New York Knicks,NYK,1983,44,38,0.537
77,Portland Trail Blazers,POR,1983,46,36,0.561
78,Kansas City Kings,KCK,1983,45,37,0.549
79,Denver Nuggets,DEN,1983,45,37,0.549
80,Washington Bullets,WSB,1983,42,40,0.512
81,Detroit Pistons,DET,1983,37,45,0.451
82,Dallas Mavericks,DAL,1983,38,44,0.463
83,Atlanta Hawks,ATL,1983,43,39,0.524
84,Golden State Warriors,GSW,1983,30,52,0.366
85,Utah Jazz,UTA,1983,30,52,0.366
86,Chicago Bulls,CHI,1983,28,54,0.341
87,San Diego Clippers,SDC,1983,25,57,0.305
88,Indiana Pacers,IND,1983,20,62,0.244
89,Cleveland Cavaliers,CLE,1983,23,59,0.28
90,Houston Rockets,HOU,1983,14,68,0.171
91,Boston Celtics,BOS,1984,62,20,0.756
92,Milwaukee Bucks,MIL,1984,50,32,0.61
93,New York Knicks,NYK,1984,47,35,0.573
94,Los Angeles Lakers,LAL,1984,54,28,0.659
95,Portland Trail Blazers,POR,1984,48,34,0.585
96,Detroit Pistons,DET,1984,49,33,0.598
97,Philadelphia 76ers,PHI,1984,52,30,0.634
98,New Jersey Nets,NJN,1984,45,37,0.549
99,Utah Jazz,UTA,1984,45,37,0.549
100,Phoenix Suns,PHO,1984,41,41,0.5
101,Dallas Mavericks,DAL,1984,43,39,0.524
102,Seattle SuperSonics,SEA,1984,42,40,0.512
103,San Antonio Spurs,SAS,1984,37,45,0.451
104,Denver Nuggets,DEN,1984,38,44,0.463
105,Atlanta Hawks,ATL,1984,40,42,0.488
106,Kansas City Kings,KCK,1984,38,44,0.463
107,Houston Rockets,HOU,1984,29,53,0.354
108,Washington Bullets,WSB,1984,35,47,0.427
109,San Diego Clippers,SDC,1984,30,52,0.366
110,Golden State Warriors,GSW,1984,37,45,0.451
111,Cleveland Cavaliers,CLE,1984,28,54,0.341
112,Indiana Pacers,IND,1984,26,56,0.317
113,Chicago Bulls,CHI,1984,27,55,0.329
114,Los Angeles Lakers,LAL,1985,62,20,0.756
115,Milwaukee Bucks,MIL,1985,59,23,0.72
116,Boston Celtics,BOS,1985,63,19,0.768
117,Philadelphia 76ers,PHI,1985,58,24,0.707
118,Portland Trail Blazers,POR,1985,42,40,0.512
119,Detroit Pistons,DET,1985,46,36,0.561
120,Denver Nuggets,DEN,1985,52,30,0.634
121,Dallas Mavericks,DAL,1985,44,38,0.537
122,Houston Rockets,HOU,1985,48,34,0.585
123,San Antonio Spurs,SAS,1985,41,41,0.5
124,New Jersey Nets,NJN,1985,42,40,0.512
125,Utah Jazz,UTA,1985,41,41,0.5
126,Washington Bullets,WSB,1985,40,42,0.488
127,Chicago Bulls,CHI,1985,38,44,0.463
128,Atlanta Hawks,ATL,1985,34,48,0.415
129,Phoenix Suns,PHO,1985,36,46,0.439
130,Kansas City Kings,KCK,1985,31,51,0.378
131,Cleveland Cavaliers,CLE,1985,36,46,0.439
132,Los Angeles Clippers,LAC,1985,31,51,0.378
133,New York Knicks,NYK,1985,24,58,0.293
134,Seattle SuperSonics,SEA,1985,31,51,0.378
135,Indiana Pacers,IND,1985,22,60,0.268
136,Golden State Warriors,GSW,1985,22,60,0.268
137,Boston Celtics,BOS,1986,67,15,0.817
138,Milwaukee Bucks,MIL,1986,57,25,0.695
139,Los Angeles Lakers,LAL,1986,62,20,0.756
140,Houston Rockets,HOU,1986,51,31,0.622
141,Atlanta Hawks,ATL,1986,50,32,0.61
142,Philadelphia 76ers,PHI,1986,54,28,0.659
143,Denver Nuggets,DEN,1986,47,35,0.573
144,Dallas Mavericks,DAL,1986,44,38,0.537
145,Detroit Pistons,DET,1986,46,36,0.561
146,Portland Trail Blazers,POR,1986,40,42,0.488
147,Seattle SuperSonics,SEA,1986,31,51,0.378
148,Utah Jazz,UTA,1986,42,40,0.512
149,San Antonio Spurs,SAS,1986,35,47,0.427
150,Washington Bullets,WSB,1986,39,43,0.476
151,New Jersey Nets,NJN,1986,39,43,0.476
152,Cleveland Cavaliers,CLE,1986,29,53,0.354
153,Phoenix Suns,PHO,1986,32,50,0.39
154,Sacramento Kings,SAC,1986,37,45,0.451
155,Indiana Pacers,IND,1986,26,56,0.317
156,Golden State Warriors,GSW,1986,30,52,0.366
157,Chicago Bulls,CHI,1986,30,52,0.366
158,New York Knicks,NYK,1986,23,59,0.28
159,Los Angeles Clippers,LAC,1986,32,50,0.39
160,Los Angeles Lakers,LAL,1987,65,17,0.793
161,Atlanta Hawks,ATL,1987,57,25,0.695
162,Boston Celtics,BOS,1987,59,23,0.72
163,Dallas Mavericks,DAL,1987,55,27,0.671
164,Milwaukee Bucks,MIL,1987,50,32,0.61
165,Detroit Pistons,DET,1987,52,30,0.634
166,Portland Trail Blazers,POR,1987,49,33,0.598
167,Houston Rockets,HOU,1987,42,40,0.512
168,Chicago Bulls,CHI,1987,40,42,0.488
169,Utah Jazz,UTA,1987,44,38,0.537
170,Seattle SuperSonics,SEA,1987,39,43,0.476
171,Philadelphia 76ers,PHI,1987,45,37,0.549
172,Indiana Pacers,IND,1987,41,41,0.5
173,Denver Nuggets,DEN,1987,37,45,0.451
174,Washington Bullets,WSB,1987,42,40,0.512
175,Phoenix Suns,PHO,1987,36,46,0.439
176,Golden State Warriors,GSW,1987,42,40,0.512
177,Sacramento Kings,SAC,1987,29,53,0.354
178,Cleveland Cavaliers,CLE,1987,31,51,0.378
179,New Jersey Nets,NJN,1987,24,58,0.293
180,San Antonio Spurs,SAS,1987,28,54,0.341
181,New York Knicks,NYK,1987,24,58,0.293
182,Los Angeles Clippers,LAC,1987,12,70,0.146
183,Boston Celtics,BOS,1988,57,25,0.695
184,Los Angeles Lakers,LAL,1988,62,20,0.756
185,Detroit Pistons,DET,1988,54,28,0.659
186,Dallas Mavericks,DAL,1988,53,29,0.646
187,Portland Trail Blazers,POR,1988,53,29,0.646
188,Denver Nuggets,DEN,1988,54,28,0.659
189,Utah Jazz,UTA,1988,47,35,0.573
190,Atlanta Hawks,ATL,1988,50,32,0.61
191,Chicago Bulls,CHI,1988,50,32,0.61
192,Seattle SuperSonics,SEA,1988,44,38,0.537
193,Houston Rockets,HOU,1988,46,36,0.561
194,Cleveland Cavaliers,CLE,1988,42,40,0.512
195,Milwaukee Bucks,MIL,1988,42,40,0.512
196,New York Knicks,NYK,1988,38,44,0.463
197,Washington Bullets,WSB,1988,38,44,0.463
198,Indiana Pacers,IND,1988,38,44,0.463
199,Philadelphia 76ers,PHI,1988,36,46,0.439
200,Phoenix Suns,PHO,1988,28,54,0.341
201,San Antonio Spurs,SAS,1988,31,51,0.378
202,Sacramento Kings,SAC,1988,24,58,0.293
203,New Jersey Nets,NJN,1988,19,63,0.232
204,Golden State Warriors,GSW,1988,20,62,0.244
205,Los Angeles Clippers,LAC,1988,17,65,0.207
206,Cleveland Cavaliers,CLE,1989,57,25,0.695
207,Phoenix Suns,PHO,1989,55,27,0.671
208,Los Angeles Lakers,LAL,1989,57,25,0.695
209,Detroit Pistons,DET,1989,63,19,0.768
210,Utah Jazz,UTA,1989,51,31,0.622
211,Atlanta Hawks,ATL,1989,52,30,0.634
212,Milwaukee Bucks,MIL,1989,49,33,0.598
213,New York Knicks,NYK,1989,52,30,0.634
214,Seattle SuperSonics,SEA,1989,47,35,0.573
215,Denver Nuggets,DEN,1989,44,38,0.537
216,Philadelphia 76ers,PHI,1989,46,36,0.561
217,Chicago Bulls,CHI,1989,47,35,0.573
218,Portland Trail Blazers,POR,1989,39,43,0.476
219,Boston Celtics,BOS,1989,42,40,0.512
220,Houston Rockets,HOU,1989,45,37,0.549
221,Golden State Warriors,GSW,1989,43,39,0.524
222,Dallas Mavericks,DAL,1989,38,44,0.463
223,Washington Bullets,WSB,1989,40,42,0.488
224,Indiana Pacers,IND,1989,28,54,0.341
225,Sacramento Kings,SAC,1989,27,55,0.329
226,New Jersey Nets,NJN,1989,26,56,0.317
227,San Antonio Spurs,SAS,1989,21,61,0.256
228,Charlotte Hornets,CHO,1989,20,62,0.244
229,Los Angeles Clippers,LAC,1989,21,61,0.256
230,Miami Heat,MIA,1989,15,67,0.183
231,Los Angeles Lakers,LAL,1990,63,19,0.768
232,Phoenix Suns,PHO,1990,54,28,0.659
233,Detroit Pistons,DET,1990,59,23,0.72
234,Portland Trail Blazers,POR,1990,59,23,0.72
235,Philadelphia 76ers,PHI,1990,53,29,0.646
236,Utah Jazz,UTA,1990,55,27,0.671
237,Boston Celtics,BOS,1990,52,30,0.634
238,San Antonio Spurs,SAS,1990,56,26,0.683
239,Chicago Bulls,CHI,1990,55,27,0.671
240,Houston Rockets,HOU,1990,41,41,0.5
241,New York Knicks,NYK,1990,45,37,0.549
242,Denver Nuggets,DEN,1990,43,39,0.524
243,Seattle SuperSonics,SEA,1990,41,41,0.5
244,Atlanta Hawks,ATL,1990,41,41,0.5
245,Indiana Pacers,IND,1990,42,40,0.512
246,Dallas Mavericks,DAL,1990,47,35,0.573
247,Cleveland Cavaliers,CLE,1990,42,40,0.512
248,Milwaukee Bucks,MIL,1990,44,38,0.537
249,Washington Bullets,WSB,1990,31,51,0.378
250,Golden State Warriors,GSW,1990,37,45,0.451
251,Los Angeles Clippers,LAC,1990,30,52,0.366
252,Minnesota Timberwolves,MIN,1990,22,60,0.268
253,Sacramento Kings,SAC,1990,23,59,0.28
254,New Jersey Nets,NJN,1990,17,65,0.207
255,Charlotte Hornets,CHO,1990,19,63,0.232
256,Orlando Magic,ORL,1990,18,64,0.22
257,Miami Heat,MIA,1990,18,64,0.22
258,Chicago Bulls,CHI,1991,61,21,0.744
259,Portland Trail Blazers,POR,1991,63,19,0.768
260,Los Angeles Lakers,LAL,1991,58,24,0.707
261,Phoenix Suns,PHO,1991,55,27,0.671
262,Boston Celtics,BOS,1991,56,26,0.683
263,San Antonio Spurs,SAS,1991,55,27,0.671
264,Detroit Pistons,DET,1991,50,32,0.61
265,Utah Jazz,UTA,1991,54,28,0.659
266,Houston Rockets,HOU,1991,52,30,0.634
267,Milwaukee Bucks,MIL,1991,48,34,0.585
268,Golden State Warriors,GSW,1991,44,38,0.537
269,Seattle SuperSonics,SEA,1991,41,41,0.5
270,Atlanta Hawks,ATL,1991,43,39,0.524
271,New York Knicks,NYK,1991,39,43,0.476
272,Philadelphia 76ers,PHI,1991,44,38,0.537
273,Indiana Pacers,IND,1991,41,41,0.5
274,Cleveland Cavaliers,CLE,1991,33,49,0.402
275,Los Angeles Clippers,LAC,1991,31,51,0.378
276,Orlando Magic,ORL,1991,31,51,0.378
277,Minnesota Timberwolves,MIN,1991,29,53,0.354
278,New Jersey Nets,NJN,1991,26,56,0.317
279,Dallas Mavericks,DAL,1991,28,54,0.341
280,Washington Bullets,WSB,1991,30,52,0.366
281,Charlotte Hornets,CHO,1991,26,56,0.317
282,Miami Heat,MIA,1991,24,58,0.293
283,Sacramento Kings,SAC,1991,25,57,0.305
284,Denver Nuggets,DEN,1991,20,62,0.244
285,Chicago Bulls,CHI,1992,67,15,0.817
286,Portland Trail Blazers,POR,1992,57,25,0.695
287,Utah Jazz,UTA,1992,55,27,0.671
288,Phoenix Suns,PHO,1992,53,29,0.646
289,Cleveland Cavaliers,CLE,1992,57,25,0.695
290,New York Knicks,NYK,1992,51,31,0.622
291,Boston Celtics,BOS,1992,51,31,0.622
292,Golden State Warriors,GSW,1992,55,27,0.671
293,San Antonio Spurs,SAS,1992,47,35,0.573
294,Detroit Pistons,DET,1992,48,34,0.585
295,Seattle SuperSonics,SEA,1992,47,35,0.573
296,Indiana Pacers,IND,1992,40,42,0.488
297,Los Angeles Clippers,LAC,1992,45,37,0.549
298,Los Angeles Lakers,LAL,1992,43,39,0.524
299,Philadelphia 76ers,PHI,1992,35,47,0.427
300,Atlanta Hawks,ATL,1992,38,44,0.463
301,New Jersey Nets,NJN,1992,40,42,0.488
302,Houston Rockets,HOU,1992,42,40,0.512
303,Milwaukee Bucks,MIL,1992,31,51,0.378
304,Charlotte Hornets,CHO,1992,31,51,0.378
305,Miami Heat,MIA,1992,38,44,0.463
306,Washington Bullets,WSB,1992,25,57,0.305
307,Sacramento Kings,SAC,1992,29,53,0.354
308,Orlando Magic,ORL,1992,21,61,0.256
309,Minnesota Timberwolves,MIN,1992,15,67,0.183
310,Denver Nuggets,DEN,1992,24,58,0.293
311,Dallas Mavericks,DAL,1992,22,60,0.268
312,Seattle SuperSonics,SEA,1993,55,27,0.671
313,Chicago Bulls,CHI,1993,57,25,0.695
314,Cleveland Cavaliers,CLE,1993,54,28,0.659
315,Phoenix Suns,PHO,1993,62,20,0.756
316,New York Knicks,NYK,1993,60,22,0.732
317,Houston Rockets,HOU,1993,55,27,0.671
318,Portland Trail Blazers,POR,1993,51,31,0.622
319,San Antonio Spurs,SAS,1993,49,33,0.598
320,Utah Jazz,UTA,1993,47,35,0.573
321,Indiana Pacers,IND,1993,41,41,0.5
322,Orlando Magic,ORL,1993,41,41,0.5
323,New Jersey Nets,NJN,1993,43,39,0.524
324,Boston Celtics,BOS,1993,48,34,0.585
325,Los Angeles Clippers,LAC,1993,41,41,0.5
326,Charlotte Hornets,CHO,1993,44,38,0.537
327,Atlanta Hawks,ATL,1993,43,39,0.524
328,Golden State Warriors,GSW,1993,34,48,0.415
329,Miami Heat,MIA,1993,36,46,0.439
330,Los Angeles Lakers,LAL,1993,39,43,0.476
331,Detroit Pistons,DET,1993,40,42,0.488
332,Denver Nuggets,DEN,1993,36,46,0.439
333,Sacramento Kings,SAC,1993,25,57,0.305
334,Milwaukee Bucks,MIL,1993,28,54,0.341
335,Philadelphia 76ers,PHI,1993,26,56,0.317
336,Washington Bullets,WSB,1993,22,60,0.268
337,Minnesota Timberwolves,MIN,1993,19,63,0.232
338,Dallas Mavericks,DAL,1993,11,71,0.134
339,Seattle SuperSonics,SEA,1994,63,19,0.768
340,New York Knicks,NYK,1994,57,25,0.695
341,San Antonio Spurs,SAS,1994,55,27,0.671
342,Atlanta Hawks,ATL,1994,57,25,0.695
343,Phoenix Suns,PHO,1994,56,26,0.683
344,Utah Jazz,UTA,1994,53,29,0.646
345,Houston Rockets,HOU,1994,58,24,0.707
346,Cleveland Cavaliers,CLE,1994,47,35,0.573
347,Orlando Magic,ORL,1994,50,32,0.61
348,Indiana Pacers,IND,1994,47,35,0.573
349,Chicago Bulls,CHI,1994,55,27,0.671
350,Miami Heat,MIA,1994,42,40,0.512
351,Portland Trail Blazers,POR,1994,47,35,0.573
352,New Jersey Nets,NJN,1994,45,37,0.549
353,Golden State Warriors,GSW,1994,50,32,0.61
354,Denver Nuggets,DEN,1994,42,40,0.512
355,Charlotte Hornets,CHO,1994,41,41,0.5
356,Boston Celtics,BOS,1994,32,50,0.39
357,Los Angeles Lakers,LAL,1994,33,49,0.402
358,Los Angeles Clippers,LAC,1994,27,55,0.329
359,Sacramento Kings,SAC,1994,28,54,0.341
360,Milwaukee Bucks,MIL,1994,20,62,0.244
361,Minnesota Timberwolves,MIN,1994,20,62,0.244
362,Washington Bullets,WSB,1994,24,58,0.293
363,Philadelphia 76ers,PHI,1994,25,57,0.305
364,Detroit Pistons,DET,1994,20,62,0.244
365,Dallas Mavericks,DAL,1994,13,69,0.159
366,Utah Jazz,UTA,1995,60,22,0.732
367,Seattle SuperSonics,SEA,1995,57,25,0.695
368,Orlando Magic,ORL,1995,57,25,0.695
369,San Antonio Spurs,SAS,1995,62,20,0.756
370,Chicago Bulls,CHI,1995,47,35,0.573
371,Phoenix Suns,PHO,1995,59,23,0.72
372,Portland Trail Blazers,POR,1995,44,38,0.537
373,Indiana Pacers,IND,1995,52,30,0.634
374,Charlotte Hornets,CHO,1995,50,32,0.61
375,New York Knicks,NYK,1995,55,27,0.671
376,Houston Rockets,HOU,1995,47,35,0.573
377,Atlanta Hawks,ATL,1995,42,40,0.512
378,Denver Nuggets,DEN,1995,41,41,0.5
379,Cleveland Cavaliers,CLE,1995,43,39,0.524
380,Los Angeles Lakers,LAL,1995,48,34,0.585
381,Sacramento Kings,SAC,1995,39,43,0.476
382,Miami Heat,MIA,1995,32,50,0.39
383,Boston Celtics,BOS,1995,35,47,0.427
384,Dallas Mavericks,DAL,1995,36,46,0.439
385,New Jersey Nets,NJN,1995,30,52,0.366
386,Milwaukee Bucks,MIL,1995,34,48,0.415
387,Golden State Warriors,GSW,1995,26,56,0.317
388,Philadelphia 76ers,PHI,1995,24,58,0.293
389,Washington Bullets,WSB,1995,21,61,0.256
390,Detroit Pistons,DET,1995,28,54,0.341
391,Los Angeles Clippers,LAC,1995,17,65,0.207
392,Minnesota Timberwolves,MIN,1995,21,61,0.256
393,Chicago Bulls,CHI,1996,72,10,0.878
394,Seattle SuperSonics,SEA,1996,64,18,0.78
395,Utah Jazz,UTA,1996,55,27,0.671
396,San Antonio Spurs,SAS,1996,59,23,0.72
397,Orlando Magic,ORL,1996,60,22,0.732
398,Los Angeles Lakers,LAL,1996,53,29,0.646
399,Indiana Pacers,IND,1996,52,30,0.634
400,Cleveland Cavaliers,CLE,1996,47,35,0.573
401,Detroit Pistons,DET,1996,46,36,0.561
402,Portland Trail Blazers,POR,1996,44,38,0.537
403,New York Knicks,NYK,1996,47,35,0.573
404,Houston Rockets,HOU,1996,48,34,0.585
405,Miami Heat,MIA,1996,42,40,0.512
406,Atlanta Hawks,ATL,1996,46,36,0.561
407,Washington Bullets,WSB,1996,39,43,0.476
408,Phoenix Suns,PHO,1996,41,41,0.5
409,Charlotte Hornets,CHO,1996,41,41,0.5
410,Golden State Warriors,GSW,1996,36,46,0.439
411,Denver Nuggets,DEN,1996,35,47,0.427
412,Sacramento Kings,SAC,1996,39,43,0.476
413,Boston Celtics,BOS,1996,33,49,0.402
414,Los Angeles Clippers,LAC,1996,29,53,0.354
415,New Jersey Nets,NJN,1996,30,52,0.366
416,Dallas Mavericks,DAL,1996,26,56,0.317
417,Minnesota Timberwolves,MIN,1996,26,56,0.317
418,Milwaukee Bucks,MIL,1996,25,57,0.305
419,Toronto Raptors,TOR,1996,21,61,0.256
420,Philadelphia 76ers,PHI,1996,18,64,0.22
421,Vancouver Grizzlies,VAN,1996,15,67,0.183
422,Chicago Bulls,CHI,1997,69,13,0.841
423,Utah Jazz,UTA,1997,64,18,0.78
424,Seattle SuperSonics,SEA,1997,57,25,0.695
425,Atlanta Hawks,ATL,1997,56,26,0.683
426,Miami Heat,MIA,1997,61,21,0.744
427,Detroit Pistons,DET,1997,54,28,0.659
428,Houston Rockets,HOU,1997,57,25,0.695
429,Los Angeles Lakers,LAL,1997,56,26,0.683
430,Portland Trail Blazers,POR,1997,49,33,0.598
431,New York Knicks,NYK,1997,57,25,0.695
432,Cleveland Cavaliers,CLE,1997,42,40,0.512
433,Charlotte Hornets,CHO,1997,54,28,0.659
434,Washington Bullets,WSB,1997,44,38,0.537
435,Indiana Pacers,IND,1997,39,43,0.476
436,Phoenix Suns,PHO,1997,40,42,0.488
437,Orlando Magic,ORL,1997,45,37,0.549
438,Minnesota Timberwolves,MIN,1997,40,42,0.488
439,Milwaukee Bucks,MIL,1997,33,49,0.402
440,Los Angeles Clippers,LAC,1997,36,46,0.439
441,Toronto Raptors,TOR,1997,30,52,0.366
442,Sacramento Kings,SAC,1997,34,48,0.415
443,New Jersey Nets,NJN,1997,26,56,0.317
444,Golden State Warriors,GSW,1997,30,52,0.366
445,Denver Nuggets,DEN,1997,21,61,0.256
446,Philadelphia 76ers,PHI,1997,22,60,0.268
447,Dallas Mavericks,DAL,1997,24,58,0.293
448,Boston Celtics,BOS,1997,15,67,0.183
449,San Antonio Spurs,SAS,1997,20,62,0.244
450,Vancouver Grizzlies,VAN,1997,14,68,0.171
451,Los Angeles Lakers,LAL,1998,61,21,0.744
452,Seattle SuperSonics,SEA,1998,61,21,0.744
453,Chicago Bulls,CHI,1998,62,20,0.756
454,Utah Jazz,UTA,1998,62,20,0.756
455,Indiana Pacers,IND,1998,58,24,0.707
456,Phoenix Suns,PHO,1998,56,26,0.683
457,Miami Heat,MIA,1998,55,27,0.671
458,San Antonio Spurs,SAS,1998,56,26,0.683
459,Atlanta Hawks,ATL,1998,50,32,0.61
460,Cleveland Cavaliers,CLE,1998,47,35,0.573
461,New York Knicks,NYK,1998,43,39,0.524
462,Charlotte Hornets,CHO,1998,51,31,0.622
463,Detroit Pistons,DET,1998,37,45,0.451
464,New Jersey Nets,NJN,1998,43,39,0.524
465,Portland Trail Blazers,POR,1998,46,36,0.561
466,Washington Wizards,WAS,1998,42,40,0.512
467,Minnesota Timberwolves,MIN,1998,45,37,0.549
468,Houston Rockets,HOU,1998,41,41,0.5
469,Orlando Magic,ORL,1998,41,41,0.5
470,Milwaukee Bucks,MIL,1998,36,46,0.439
471,Philadelphia 76ers,PHI,1998,31,51,0.378
472,Boston Celtics,BOS,1998,36,46,0.439
473,Sacramento Kings,SAC,1998,27,55,0.329
474,Dallas Mavericks,DAL,1998,20,62,0.244
475,Los Angeles Clippers,LAC,1998,17,65,0.207
476,Vancouver Grizzlies,VAN,1998,19,63,0.232
477,Toronto Raptors,TOR,1998,16,66,0.195
478,Golden State Warriors,GSW,1998,19,63,0.232
479,Denver Nuggets,DEN,1998,11,71,0.134
480,San Antonio Spurs,SAS,1999,37,13,0.74
481,Utah Jazz,UTA,1999,37,13,0.74
482,Portland Trail Blazers,POR,1999,35,15,0.7
483,Miami Heat,MIA,1999,33,17,0.66
484,Indiana Pacers,IND,1999,33,17,0.66
485,Detroit Pistons,DET,1999,29,21,0.58
486,Atlanta Hawks,ATL,1999,31,19,0.62
487,Los Angeles Lakers,LAL,1999,31,19,0.62
488,Orlando Magic,ORL,1999,33,17,0.66
489,Houston Rockets,HOU,1999,31,19,0.62
490,Phoenix Suns,PHO,1999,27,23,0.54
491,Philadelphia 76ers,PHI,1999,28,22,0.56
492,Milwaukee Bucks,MIL,1999,28,22,0.56
493,New York Knicks,NYK,1999,27,23,0.54
494,Minnesota Timberwolves,MIN,1999,25,25,0.5
495,Charlotte Hornets,CHO,1999,26,24,0.52
496,Sacramento Kings,SAC,1999,27,23,0.54
497,Seattle SuperSonics,SEA,1999,25,25,0.5
498,Toronto Raptors,TOR,1999,23,27,0.46
499,Boston Celtics,BOS,1999,19,31,0.38
500,Cleveland Cavaliers,CLE,1999,22,28,0.44
501,Washington Wizards,WAS,1999,18,32,0.36
502,Dallas Mavericks,DAL,1999,19,31,0.38
503,Golden State Warriors,GSW,1999,21,29,0.42
504,New Jersey Nets,NJN,1999,16,34,0.32
505,Denver Nuggets,DEN,1999,14,36,0.28
506,Vancouver Grizzlies,VAN,1999,8,42,0.16
507,Los Angeles Clippers,LAC,1999,9,41,0.18
508,Chicago Bulls,CHI,1999,13,37,0.26
509,Los Angeles Lakers,LAL,2000,67,15,0.817
510,Portland Trail Blazers,POR,2000,59,23,0.72
511,San Antonio Spurs,SAS,2000,53,29,0.646
512,Phoenix Suns,PHO,2000,53,29,0.646
513,Utah Jazz,UTA,2000,55,27,0.671
514,Indiana Pacers,IND,2000,56,26,0.683
515,Miami Heat,MIA,2000,52,30,0.634
516,Sacramento Kings,SAC,2000,44,38,0.537
517,Charlotte Hornets,CHO,2000,49,33,0.598
518,Minnesota Timberwolves,MIN,2000,50,32,0.61
519,New York Knicks,NYK,2000,50,32,0.61
520,Detroit Pistons,DET,2000,42,40,0.512
521,Philadelphia 76ers,PHI,2000,49,33,0.598
522,Seattle SuperSonics,SEA,2000,45,37,0.549
523,Orlando Magic,ORL,2000,41,41,0.5
524,Milwaukee Bucks,MIL,2000,42,40,0.512
525,Toronto Raptors,TOR,2000,45,37,0.549
526,Dallas Mavericks,DAL,2000,40,42,0.488
527,Boston Celtics,BOS,2000,35,47,0.427
528,Houston Rockets,HOU,2000,34,48,0.415
529,New Jersey Nets,NJN,2000,31,51,0.378
530,Denver Nuggets,DEN,2000,35,47,0.427
531,Washington Wizards,WAS,2000,29,53,0.354
532,Cleveland Cavaliers,CLE,2000,32,50,0.39
533,Atlanta Hawks,ATL,2000,28,54,0.341
534,Vancouver Grizzlies,VAN,2000,22,60,0.268
535,Golden State Warriors,GSW,2000,19,63,0.232
536,Chicago Bulls,CHI,2000,17,65,0.207
537,Los Angeles Clippers,LAC,2000,15,67,0.183
538,San Antonio Spurs,SAS,2001,58,24,0.707
539,Sacramento Kings,SAC,2001,55,27,0.671
540,Utah Jazz,UTA,2001,53,29,0.646
541,Philadelphia 76ers,PHI,2001,56,26,0.683
542,Portland Trail Blazers,POR,2001,50,32,0.61
543,Dallas Mavericks,DAL,2001,53,29,0.646
544,Milwaukee Bucks,MIL,2001,52,30,0.634
545,Los Angeles Lakers,LAL,2001,56,26,0.683
546,New York Knicks,NYK,2001,48,34,0.585
547,Miami Heat,MIA,2001,50,32,0.61
548,Toronto Raptors,TOR,2001,47,35,0.573
549,Houston Rockets,HOU,2001,45,37,0.549
550,Charlotte Hornets,CHO,2001,46,36,0.561
551,Phoenix Suns,PHO,2001,51,31,0.622
552,Minnesota Timberwolves,MIN,2001,47,35,0.573
553,Orlando Magic,ORL,2001,43,39,0.524
554,Seattle SuperSonics,SEA,2001,44,38,0.537
555,Indiana Pacers,IND,2001,41,41,0.5
556,Detroit Pistons,DET,2001,32,50,0.39
557,Boston Celtics,BOS,2001,36,46,0.439
558,Denver Nuggets,DEN,2001,40,42,0.488
559,Los Angeles Clippers,LAC,2001,31,51,0.378
560,Cleveland Cavaliers,CLE,2001,30,52,0.366
561,New Jersey Nets,NJN,2001,26,56,0.317
562,Atlanta Hawks,ATL,2001,25,57,0.305
563,Vancouver Grizzlies,VAN,2001,23,59,0.28
564,Washington Wizards,WAS,2001,19,63,0.232
565,Golden State Warriors,GSW,2001,17,65,0.207
566,Chicago Bulls,CHI,2001,15,67,0.183
567,Sacramento Kings,SAC,2002,61,21,0.744
568,Los Angeles Lakers,LAL,2002,58,24,0.707
569,San Antonio Spurs,SAS,2002,58,24,0.707
570,New Jersey Nets,NJN,2002,52,30,0.634
571,Dallas Mavericks,DAL,2002,57,25,0.695
572,Minnesota Timberwolves,MIN,2002,50,32,0.61
573,Portland Trail Blazers,POR,2002,49,33,0.598
574,Seattle SuperSonics,SEA,2002,45,37,0.549
575,Boston Celtics,BOS,2002,49,33,0.598
576,Detroit Pistons,DET,2002,50,32,0.61
577,Philadelphia 76ers,PHI,2002,43,39,0.524
578,Orlando Magic,ORL,2002,44,38,0.537
579,Utah Jazz,UTA,2002,44,38,0.537
580,Charlotte Hornets,CHO,2002,44,38,0.537
581,Indiana Pacers,IND,2002,42,40,0.512
582,Milwaukee Bucks,MIL,2002,41,41,0.5
583,Los Angeles Clippers,LAC,2002,39,43,0.476
584,Toronto Raptors,TOR,2002,42,40,0.512
585,Phoenix Suns,PHO,2002,36,46,0.439
586,Washington Wizards,WAS,2002,37,45,0.451
587,Miami Heat,MIA,2002,36,46,0.439
588,Cleveland Cavaliers,CLE,2002,29,53,0.354
589,New York Knicks,NYK,2002,30,52,0.366
590,Atlanta Hawks,ATL,2002,33,49,0.402
591,Houston Rockets,HOU,2002,28,54,0.341
592,Golden State Warriors,GSW,2002,21,61,0.256
593,Denver Nuggets,DEN,2002,27,55,0.329
594,Memphis Grizzlies,MEM,2002,23,59,0.28
595,Chicago Bulls,CHI,2002,21,61,0.256
596,Dallas Mavericks,DAL,2003,60,22,0.732
597,Sacramento Kings,SAC,2003,59,23,0.72
598,San Antonio Spurs,SAS,2003,60,22,0.732
599,New Jersey Nets,NJN,2003,49,33,0.598
600,Detroit Pistons,DET,2003,50,32,0.61
601,Indiana Pacers,IND,2003,48,34,0.585
602,Portland Trail Blazers,POR,2003,50,32,0.61
603,Utah Jazz,UTA,2003,47,35,0.573
604,Los Angeles Lakers,LAL,2003,50,32,0.61
605,Philadelphia 76ers,PHI,2003,48,34,0.585
606,Minnesota Timberwolves,MIN,2003,51,31,0.622
607,New Orleans Hornets,NOH,2003,47,35,0.573
608,Houston Rockets,HOU,2003,43,39,0.524
609,Phoenix Suns,PHO,2003,44,38,0.537
610,Orlando Magic,ORL,2003,42,40,0.512
611,Milwaukee Bucks,MIL,2003,42,40,0.512
612,Seattle SuperSonics,SEA,2003,40,42,0.488
613,Boston Celtics,BOS,2003,44,38,0.537
614,Washington Wizards,WAS,2003,37,45,0.451
615,Golden State Warriors,GSW,2003,38,44,0.463
616,New York Knicks,NYK,2003,37,45,0.451
617,Memphis Grizzlies,MEM,2003,28,54,0.341
618,Atlanta Hawks,ATL,2003,35,47,0.427
619,Los Angeles Clippers,LAC,2003,27,55,0.329
620,Chicago Bulls,CHI,2003,30,52,0.366
621,Miami Heat,MIA,2003,25,57,0.305
622,Toronto Raptors,TOR,2003,24,58,0.293
623,Denver Nuggets,DEN,2003,17,65,0.207
624,Cleveland Cavaliers,CLE,2003,17,65,0.207
625,San Antonio Spurs,SAS,2004,57,25,0.695
626,Detroit Pistons,DET,2004,54,28,0.659
627,Indiana Pacers,IND,2004,61,21,0.744
628,Minnesota Timberwolves,MIN,2004,58,24,0.707
629,Sacramento Kings,SAC,2004,55,27,0.671
630,Dallas Mavericks,DAL,2004,52,30,0.634
631,Los Angeles Lakers,LAL,2004,56,26,0.683
632,New Jersey Nets,NJN,2004,47,35,0.573
633,Memphis Grizzlies,MEM,2004,50,32,0.61
634,Houston Rockets,HOU,2004,45,37,0.549
635,Denver Nuggets,DEN,2004,43,39,0.524
636,Milwaukee Bucks,MIL,2004,41,41,0.5
637,Miami Heat,MIA,2004,42,40,0.512
638,New Orleans Hornets,NOH,2004,41,41,0.5
639,Seattle SuperSonics,SEA,2004,37,45,0.451
640,Golden State Warriors,GSW,2004,37,45,0.451
641,Portland Trail Blazers,POR,2004,41,41,0.5
642,Utah Jazz,UTA,2004,42,40,0.512
643,Boston Celtics,BOS,2004,36,46,0.439
644,New York Knicks,NYK,2004,39,43,0.476
645,Philadelphia 76ers,PHI,2004,33,49,0.402
646,Cleveland Cavaliers,CLE,2004,35,47,0.427
647,Toronto Raptors,TOR,2004,33,49,0.402
648,Phoenix Suns,PHO,2004,29,53,0.354
649,Los Angeles Clippers,LAC,2004,28,54,0.341
650,Atlanta Hawks,ATL,2004,28,54,0.341
651,Washington Wizards,WAS,2004,25,57,0.305
652,Chicago Bulls,CHI,2004,23,59,0.28
653,Orlando Magic,ORL,2004,21,61,0.256
654,San Antonio Spurs,SAS,2005,59,23,0.72
655,Phoenix Suns,PHO,2005,62,20,0.756
656,Miami Heat,MIA,2005,59,23,0.72
657,Dallas Mavericks,DAL,2005,58,24,0.707
658,Houston Rockets,HOU,2005,51,31,0.622
659,Detroit Pistons,DET,2005,54,28,0.659
660,Seattle SuperSonics,SEA,2005,52,30,0.634
661,Memphis Grizzlies,MEM,2005,45,37,0.549
662,Sacramento Kings,SAC,2005,50,32,0.61
663,Denver Nuggets,DEN,2005,49,33,0.598
664,Minnesota Timberwolves,MIN,2005,44,38,0.537
665,Chicago Bulls,CHI,2005,47,35,0.573
666,Boston Celtics,BOS,2005,45,37,0.549
667,Cleveland Cavaliers,CLE,2005,42,40,0.512
668,Indiana Pacers,IND,2005,44,38,0.537
669,Washington Wizards,WAS,2005,45,37,0.549
670,Philadelphia 76ers,PHI,2005,43,39,0.524
671,Los Angeles Clippers,LAC,2005,37,45,0.451
672,New Jersey Nets,NJN,2005,42,40,0.512
673,Toronto Raptors,TOR,2005,33,49,0.402
674,Golden State Warriors,GSW,2005,34,48,0.415
675,Orlando Magic,ORL,2005,36,46,0.439
676,New York Knicks,NYK,2005,33,49,0.402
677,Milwaukee Bucks,MIL,2005,30,52,0.366
678,Los Angeles Lakers,LAL,2005,34,48,0.415
679,Portland Trail Blazers,POR,2005,27,55,0.329
680,Utah Jazz,UTA,2005,26,56,0.317
681,Charlotte Bobcats,CHA,2005,18,64,0.22
682,New Orleans Hornets,NOH,2005,18,64,0.22
683,Atlanta Hawks,ATL,2005,13,69,0.159
684,San Antonio Spurs,SAS,2006,63,19,0.768
685,Detroit Pistons,DET,2006,64,18,0.78
686,Dallas Mavericks,DAL,2006,60,22,0.732
687,Phoenix Suns,PHO,2006,54,28,0.659
688,Memphis Grizzlies,MEM,2006,49,33,0.598
689,Miami Heat,MIA,2006,52,30,0.634
690,Los Angeles Lakers,LAL,2006,45,37,0.549
691,Cleveland Cavaliers,CLE,2006,50,32,0.61
692,Indiana Pacers,IND,2006,41,41,0.5
693,Washington Wizards,WAS,2006,42,40,0.512
694,Sacramento Kings,SAC,2006,44,38,0.537
695,Los Angeles Clippers,LAC,2006,47,35,0.573
696,New Jersey Nets,NJN,2006,49,33,0.598
697,Chicago Bulls,CHI,2006,41,41,0.5
698,Denver Nuggets,DEN,2006,44,38,0.537
699,Milwaukee Bucks,MIL,2006,40,42,0.488
700,Orlando Magic,ORL,2006,36,46,0.439
701,Golden State Warriors,GSW,2006,34,48,0.415
702,Houston Rockets,HOU,2006,34,48,0.415
703,Boston Celtics,BOS,2006,33,49,0.402
704,Minnesota Timberwolves,MIN,2006,33,49,0.402
705,Philadelphia 76ers,PHI,2006,38,44,0.463
706,Utah Jazz,UTA,2006,41,41,0.5
707,New Orleans/Oklahoma City Hornets,NOK,2006,38,44,0.463
708,Toronto Raptors,TOR,2006,27,55,0.329
709,Seattle SuperSonics,SEA,2006,35,47,0.427
710,Charlotte Bobcats,CHA,2006,26,56,0.317
711,Atlanta Hawks,ATL,2006,26,56,0.317
712,New York Knicks,NYK,2006,23,59,0.28
713,Portland Trail Blazers,POR,2006,21,61,0.256
714,San Antonio Spurs,SAS,2007,58,24,0.707
715,Dallas Mavericks,DAL,2007,67,15,0.817
716,Phoenix Suns,PHO,2007,61,21,0.744
717,Chicago Bulls,CHI,2007,49,33,0.598
718,Houston Rockets,HOU,2007,52,30,0.634
719,Detroit Pistons,DET,2007,53,29,0.646
720,Cleveland Cavaliers,CLE,2007,50,32,0.61
721,Utah Jazz,UTA,2007,51,31,0.622
722,Denver Nuggets,DEN,2007,45,37,0.549
723,Toronto Raptors,TOR,2007,47,35,0.573
724,Orlando Magic,ORL,2007,40,42,0.488
725,Los Angeles Lakers,LAL,2007,42,40,0.512
726,Golden State Warriors,GSW,2007,42,40,0.512
727,Washington Wizards,WAS,2007,41,41,0.5
728,Los Angeles Clippers,LAC,2007,40,42,0.488
729,New Jersey Nets,NJN,2007,41,41,0.5
730,Miami Heat,MIA,2007,44,38,0.537
731,New Orleans/Oklahoma City Hornets,NOK,2007,39,43,0.476
732,Sacramento Kings,SAC,2007,33,49,0.402
733,Indiana Pacers,IND,2007,35,47,0.427
734,Seattle SuperSonics,SEA,2007,31,51,0.378
735,New York Knicks,NYK,2007,33,49,0.402
736,Philadelphia 76ers,PHI,2007,35,47,0.427
737,Boston Celtics,BOS,2007,24,58,0.293
738,Minnesota Timberwolves,MIN,2007,32,50,0.39
739,Charlotte Bobcats,CHA,2007,33,49,0.402
740,Milwaukee Bucks,MIL,2007,28,54,0.341
741,Portland Trail Blazers,POR,2007,32,50,0.39
742,Atlanta Hawks,ATL,2007,30,52,0.366
743,Memphis Grizzlies,MEM,2007,22,60,0.268
744,Boston Celtics,BOS,2008,66,16,0.805
745,Detroit Pistons,DET,2008,59,23,0.72
746,Los Angeles Lakers,LAL,2008,57,25,0.695
747,Utah Jazz,UTA,2008,54,28,0.659
748,Orlando Magic,ORL,2008,52,30,0.634
749,New Orleans Hornets,NOH,2008,56,26,0.683
750,San Antonio Spurs,SAS,2008,56,26,0.683
751,Houston Rockets,HOU,2008,55,27,0.671
752,Phoenix Suns,PHO,2008,55,27,0.671
753,Dallas Mavericks,DAL,2008,51,31,0.622
754,Denver Nuggets,DEN,2008,50,32,0.61
755,Toronto Raptors,TOR,2008,41,41,0.5
756,Golden State Warriors,GSW,2008,48,34,0.585
757,Philadelphia 76ers,PHI,2008,40,42,0.488
758,Washington Wizards,WAS,2008,43,39,0.524
759,Cleveland Cavaliers,CLE,2008,45,37,0.549
760,Portland Trail Blazers,POR,2008,41,41,0.5
761,Indiana Pacers,IND,2008,36,46,0.439
762,Atlanta Hawks,ATL,2008,37,45,0.451
763,Sacramento Kings,SAC,2008,38,44,0.463
764,Chicago Bulls,CHI,2008,33,49,0.402
765,Charlotte Bobcats,CHA,2008,32,50,0.39
766,New Jersey Nets,NJN,2008,34,48,0.415
767,Memphis Grizzlies,MEM,2008,22,60,0.268
768,New York Knicks,NYK,2008,23,59,0.28
769,Minnesota Timberwolves,MIN,2008,22,60,0.268
770,Milwaukee Bucks,MIL,2008,26,56,0.317
771,Los Angeles Clippers,LAC,2008,23,59,0.28
772,Seattle SuperSonics,SEA,2008,20,62,0.244
773,Miami Heat,MIA,2008,15,67,0.183
774,Cleveland Cavaliers,CLE,2009,66,16,0.805
775,Boston Celtics,BOS,2009,62,20,0.756
776,Los Angeles Lakers,LAL,2009,65,17,0.793
777,Orlando Magic,ORL,2009,59,23,0.72
778,Portland Trail Blazers,POR,2009,54,28,0.659
779,Houston Rockets,HOU,2009,53,29,0.646
780,San Antonio Spurs,SAS,2009,54,28,0.659
781,Denver Nuggets,DEN,2009,54,28,0.659
782,Utah Jazz,UTA,2009,48,34,0.585
783,Dallas Mavericks,DAL,2009,50,32,0.61
784,Phoenix Suns,PHO,2009,46,36,0.561
785,Atlanta Hawks,ATL,2009,47,35,0.573
786,New Orleans Hornets,NOH,2009,49,33,0.598
787,Miami Heat,MIA,2009,43,39,0.524
788,Philadelphia 76ers,PHI,2009,41,41,0.5
789,Chicago Bulls,CHI,2009,41,41,0.5
790,Detroit Pistons,DET,2009,39,43,0.476
791,Indiana Pacers,IND,2009,36,46,0.439
792,Milwaukee Bucks,MIL,2009,34,48,0.415
793,Charlotte Bobcats,CHA,2009,35,47,0.427
794,New York Knicks,NYK,2009,32,50,0.39
795,New Jersey Nets,NJN,2009,34,48,0.415
796,Toronto Raptors,TOR,2009,33,49,0.402
797,Golden State Warriors,GSW,2009,29,53,0.354
798,Minnesota Timberwolves,MIN,2009,24,58,0.293
799,Memphis Grizzlies,MEM,2009,24,58,0.293
800,Oklahoma City Thunder,OKC,2009,23,59,0.28
801,Washington Wizards,WAS,2009,19,63,0.232
802,Sacramento Kings,SAC,2009,17,65,0.207
803,Los Angeles Clippers,LAC,2009,19,63,0.232
804,Orlando Magic,ORL,2010,59,23,0.72
805,Cleveland Cavaliers,CLE,2010,61,21,0.744
806,Utah Jazz,UTA,2010,53,29,0.646
807,San Antonio Spurs,SAS,2010,50,32,0.61
808,Atlanta Hawks,ATL,2010,53,29,0.646
809,Phoenix Suns,PHO,2010,54,28,0.659
810,Los Angeles Lakers,LAL,2010,57,25,0.695
811,Denver Nuggets,DEN,2010,53,29,0.646
812,Boston Celtics,BOS,2010,50,32,0.61
813,Portland Trail Blazers,POR,2010,50,32,0.61
814,Oklahoma City Thunder,OKC,2010,50,32,0.61
815,Dallas Mavericks,DAL,2010,55,27,0.671
816,Miami Heat,MIA,2010,47,35,0.573
817,Milwaukee Bucks,MIL,2010,46,36,0.561
818,Charlotte Bobcats,CHA,2010,44,38,0.537
819,Houston Rockets,HOU,2010,42,40,0.512
820,Memphis Grizzlies,MEM,2010,40,42,0.488
821,Chicago Bulls,CHI,2010,41,41,0.5
822,Toronto Raptors,TOR,2010,40,42,0.488
823,New Orleans Hornets,NOH,2010,37,45,0.451
824,Indiana Pacers,IND,2010,32,50,0.39
825,Golden State Warriors,GSW,2010,26,56,0.317
826,New York Knicks,NYK,2010,29,53,0.354
827,Philadelphia 76ers,PHI,2010,27,55,0.329
828,Sacramento Kings,SAC,2010,25,57,0.305
829,Washington Wizards,WAS,2010,26,56,0.317
830,Detroit Pistons,DET,2010,27,55,0.329
831,Los Angeles Clippers,LAC,2010,29,53,0.354
832,Minnesota Timberwolves,MIN,2010,15,67,0.183
833,New Jersey Nets,NJN,2010,12,70,0.146
834,Miami Heat,MIA,2011,58,24,0.707
835,Chicago Bulls,CHI,2011,62,20,0.756
836,Los Angeles Lakers,LAL,2011,57,25,0.695
837,San Antonio Spurs,SAS,2011,61,21,0.744
838,Boston Celtics,BOS,2011,56,26,0.683
839,Orlando Magic,ORL,2011,52,30,0.634
840,Denver Nuggets,DEN,2011,50,32,0.61
841,Dallas Mavericks,DAL,2011,57,25,0.695
842,Oklahoma City Thunder,OKC,2011,55,27,0.671
843,Memphis Grizzlies,MEM,2011,46,36,0.561
844,Houston Rockets,HOU,2011,43,39,0.524
845,Portland Trail Blazers,POR,2011,48,34,0.585
846,Philadelphia 76ers,PHI,2011,41,41,0.5
847,New Orleans Hornets,NOH,2011,46,36,0.561
848,New York Knicks,NYK,2011,42,40,0.512
849,Milwaukee Bucks,MIL,2011,35,47,0.427
850,Phoenix Suns,PHO,2011,40,42,0.488
851,Atlanta Hawks,ATL,2011,44,38,0.537
852,Indiana Pacers,IND,2011,37,45,0.451
853,Utah Jazz,UTA,2011,39,43,0.476
854,Golden State Warriors,GSW,2011,36,46,0.439
855,Los Angeles Clippers,LAC,2011,32,50,0.39
856,Detroit Pistons,DET,2011,30,52,0.366
857,Charlotte Bobcats,CHA,2011,34,48,0.415
858,Sacramento Kings,SAC,2011,24,58,0.293
859,New Jersey Nets,NJN,2011,24,58,0.293
860,Toronto Raptors,TOR,2011,22,60,0.268
861,Minnesota Timberwolves,MIN,2011,17,65,0.207
862,Washington Wizards,WAS,2011,23,59,0.28
863,Cleveland Cavaliers,CLE,2011,19,63,0.232
864,Chicago Bulls,CHI,2012,50,16,0.758
865,San Antonio Spurs,SAS,2012,50,16,0.758
866,Oklahoma City Thunder,OKC,2012,47,19,0.712
867,Miami Heat,MIA,2012,46,20,0.697
868,Philadelphia 76ers,PHI,2012,35,31,0.53
869,Atlanta Hawks,ATL,2012,40,26,0.606
870,Indiana Pacers,IND,2012,42,24,0.636
871,New York Knicks,NYK,2012,36,30,0.545
872,Denver Nuggets,DEN,2012,38,28,0.576
873,Boston Celtics,BOS,2012,39,27,0.591
874,Los Angeles Clippers,LAC,2012,40,26,0.606
875,Memphis Grizzlies,MEM,2012,41,25,0.621
876,Los Angeles Lakers,LAL,2012,41,25,0.621
877,Dallas Mavericks,DAL,2012,36,30,0.545
878,Orlando Magic,ORL,2012,37,29,0.561
879,Utah Jazz,UTA,2012,36,30,0.545
880,Milwaukee Bucks,MIL,2012,31,35,0.47
881,Houston Rockets,HOU,2012,34,32,0.515
882,Phoenix Suns,PHO,2012,33,33,0.5
883,Portland Trail Blazers,POR,2012,28,38,0.424
884,Minnesota Timberwolves,MIN,2012,26,40,0.394
885,Golden State Warriors,GSW,2012,23,43,0.348
886,Toronto Raptors,TOR,2012,23,43,0.348
887,New Orleans Hornets,NOH,2012,21,45,0.318
888,Washington Wizards,WAS,2012,20,46,0.303
889,Detroit Pistons,DET,2012,25,41,0.379
890,Sacramento Kings,SAC,2012,22,44,0.333
891,New Jersey Nets,NJN,2012,22,44,0.333
892,Cleveland Cavaliers,CLE,2012,21,45,0.318
893,Charlotte Bobcats,CHA,2012,7,59,0.106
894,Oklahoma City Thunder,OKC,2013,60,22,0.732
895,Miami Heat,MIA,2013,66,16,0.805
896,Los Angeles Clippers,LAC,2013,56,26,0.683
897,San Antonio Spurs,SAS,2013,58,24,0.707
898,Denver Nuggets,DEN,2013,57,25,0.695
899,New York Knicks,NYK,2013,54,28,0.659
900,Memphis Grizzlies,MEM,2013,56,26,0.683
901,Indiana Pacers,IND,2013,49,32,0.605
902,Houston Rockets,HOU,2013,45,37,0.549
903,Brooklyn Nets,BRK,2013,49,33,0.598
904,Los Angeles Lakers,LAL,2013,45,37,0.549
905,Golden State Warriors,GSW,2013,47,35,0.573
906,Atlanta Hawks,ATL,2013,44,38,0.537
907,Chicago Bulls,CHI,2013,45,37,0.549
908,Utah Jazz,UTA,2013,43,39,0.524
909,Boston Celtics,BOS,2013,41,40,0.506
910,Dallas Mavericks,DAL,2013,41,41,0.5
911,Milwaukee Bucks,MIL,2013,38,44,0.463
912,Toronto Raptors,TOR,2013,34,48,0.415
913,Minnesota Timberwolves,MIN,2013,31,51,0.378
914,Washington Wizards,WAS,2013,29,53,0.354
915,Portland Trail Blazers,POR,2013,33,49,0.402
916,Philadelphia 76ers,PHI,2013,34,48,0.415
917,Detroit Pistons,DET,2013,29,53,0.354
918,New Orleans Hornets,NOH,2013,27,55,0.329
919,Cleveland Cavaliers,CLE,2013,24,58,0.293
920,Sacramento Kings,SAC,2013,28,54,0.341
921,Phoenix Suns,PHO,2013,25,57,0.305
922,Orlando Magic,ORL,2013,20,62,0.244
923,Charlotte Bobcats,CHA,2013,21,61,0.256
924,San Antonio Spurs,SAS,2014,62,20,0.756
925,Los Angeles Clippers,LAC,2014,57,25,0.695
926,Oklahoma City Thunder,OKC,2014,59,23,0.72
927,Miami Heat,MIA,2014,54,28,0.659
928,Golden State Warriors,GSW,2014,51,31,0.622
929,Indiana Pacers,IND,2014,56,26,0.683
930,Houston Rockets,HOU,2014,54,28,0.659
931,Portland Trail Blazers,POR,2014,54,28,0.659
932,Toronto Raptors,TOR,2014,48,34,0.585
933,Phoenix Suns,PHO,2014,48,34,0.585
934,Minnesota Timberwolves,MIN,2014,40,42,0.488
935,Dallas Mavericks,DAL,2014,49,33,0.598
936,Chicago Bulls,CHI,2014,48,34,0.585
937,Memphis Grizzlies,MEM,2014,50,32,0.61
938,Washington Wizards,WAS,2014,44,38,0.537
939,Charlotte Bobcats,CHA,2014,43,39,0.524
940,Atlanta Hawks,ATL,2014,38,44,0.463
941,New York Knicks,NYK,2014,37,45,0.451
942,Brooklyn Nets,BRK,2014,44,38,0.537
943,Denver Nuggets,DEN,2014,36,46,0.439
944,New Orleans Pelicans,NOP,2014,34,48,0.415
945,Sacramento Kings,SAC,2014,28,54,0.341
946,Cleveland Cavaliers,CLE,2014,33,49,0.402
947,Detroit Pistons,DET,2014,29,53,0.354
948,Boston Celtics,BOS,2014,25,57,0.305
949,Orlando Magic,ORL,2014,23,59,0.28
950,Los Angeles Lakers,LAL,2014,27,55,0.329
951,Utah Jazz,UTA,2014,25,57,0.305
952,Milwaukee Bucks,MIL,2014,15,67,0.183
953,Philadelphia 76ers,PHI,2014,19,63,0.232
954,Golden State Warriors,GSW,2015,67,15,0.817
955,Los Angeles Clippers,LAC,2015,56,26,0.683
956,San Antonio Spurs,SAS,2015,55,27,0.671
957,Atlanta Hawks,ATL,2015,60,22,0.732
958,Cleveland Cavaliers,CLE,2015,53,29,0.646
959,Portland Trail Blazers,POR,2015,51,31,0.622
960,Houston Rockets,HOU,2015,56,26,0.683
961,Memphis Grizzlies,MEM,2015,55,27,0.671
962,Toronto Raptors,TOR,2015,49,33,0.598
963,Chicago Bulls,CHI,2015,50,32,0.61
964,Dallas Mavericks,DAL,2015,50,32,0.61
965,Oklahoma City Thunder,OKC,2015,45,37,0.549
966,New Orleans Pelicans,NOP,2015,45,37,0.549
967,Washington Wizards,WAS,2015,46,36,0.561
968,Milwaukee Bucks,MIL,2015,41,41,0.5
969,Indiana Pacers,IND,2015,38,44,0.463
970,Utah Jazz,UTA,2015,38,44,0.463
971,Boston Celtics,BOS,2015,40,42,0.488
972,Phoenix Suns,PHO,2015,39,43,0.476
973,Detroit Pistons,DET,2015,32,50,0.39
974,Miami Heat,MIA,2015,37,45,0.451
975,Brooklyn Nets,BRK,2015,38,44,0.463
976,Charlotte Hornets,CHO,2015,33,49,0.402
977,Denver Nuggets,DEN,2015,30,52,0.366
978,Sacramento Kings,SAC,2015,29,53,0.354
979,Orlando Magic,ORL,2015,25,57,0.305
980,Los Angeles Lakers,LAL,2015,21,61,0.256
981,Minnesota Timberwolves,MIN,2015,16,66,0.195
982,Philadelphia 76ers,PHI,2015,18,64,0.22
983,New York Knicks,NYK,2015,17,65,0.207
984,San Antonio Spurs,SAS,2016,67,15,0.817
985,Golden State Warriors,GSW,2016,73,9,0.89
986,Oklahoma City Thunder,OKC,2016,55,27,0.671
987,Cleveland Cavaliers,CLE,2016,57,25,0.695
988,Toronto Raptors,TOR,2016,56,26,0.683
989,Los Angeles Clippers,LAC,2016,53,29,0.646
990,Atlanta Hawks,ATL,2016,48,34,0.585
991,Boston Celtics,BOS,2016,48,34,0.585
992,Charlotte Hornets,CHO,2016,48,34,0.585
993,Utah Jazz,UTA,2016,40,42,0.488
994,Miami Heat,MIA,2016,48,34,0.585
995,Indiana Pacers,IND,2016,45,37,0.549
996,Portland Trail Blazers,POR,2016,44,38,0.537
997,Detroit Pistons,DET,2016,44,38,0.537
998,Houston Rockets,HOU,2016,41,41,0.5
999,Dallas Mavericks,DAL,2016,42,40,0.512
1000,Washington Wizards,WAS,2016,41,41,0.5
1001,Chicago Bulls,CHI,2016,42,40,0.512
1002,Orlando Magic,ORL,2016,35,47,0.427
1003,Sacramento Kings,SAC,2016,33,49,0.402
1004,Memphis Grizzlies,MEM,2016,42,40,0.512
1005,New York Knicks,NYK,2016,32,50,0.39
1006,Denver Nuggets,DEN,2016,33,49,0.402
1007,Minnesota Timberwolves,MIN,2016,29,53,0.354
1008,New Orleans Pelicans,NOP,2016,30,52,0.366
1009,Milwaukee Bucks,MIL,2016,33,49,0.402
1010,Phoenix Suns,PHO,2016,23,59,0.28
1011,Brooklyn Nets,BRK,2016,21,61,0.256
1012,Los Angeles Lakers,LAL,2016,17,65,0.207
1013,Philadelphia 76ers,PHI,2016,10,72,0.122
1014,Golden State Warriors,GSW,2017,67,15,0.817
1015,San Antonio Spurs,SAS,2017,61,21,0.744
1016,Houston Rockets,HOU,2017,55,27,0.671
1017,Toronto Raptors,TOR,2017,51,31,0.622
1018,Los Angeles Clippers,LAC,2017,51,31,0.622
1019,Utah Jazz,UTA,2017,51,31,0.622
1020,Cleveland Cavaliers,CLE,2017,51,31,0.622
1021,Boston Celtics,BOS,2017,53,29,0.646
1022,Washington Wizards,WAS,2017,49,33,0.598
1023,Miami Heat,MIA,2017,41,41,0.5
1024,Oklahoma City Thunder,OKC,2017,47,35,0.573
1025,Memphis Grizzlies,MEM,2017,43,39,0.524
1026,Denver Nuggets,DEN,2017,40,42,0.488
1027,Chicago Bulls,CHI,2017,41,41,0.5
1028,Charlotte Hornets,CHO,2017,36,46,0.439
1029,Indiana Pacers,IND,2017,42,40,0.512
1030,Milwaukee Bucks,MIL,2017,42,40,0.512
1031,Portland Trail Blazers,POR,2017,41,41,0.5
1032,Atlanta Hawks,ATL,2017,43,39,0.524
1033,Detroit Pistons,DET,2017,37,45,0.451
1034,Minnesota Timberwolves,MIN,2017,31,51,0.378
1035,New Orleans Pelicans,NOP,2017,34,48,0.415
1036,Dallas Mavericks,DAL,2017,33,49,0.402
1037,New York Knicks,NYK,2017,31,51,0.378
1038,Sacramento Kings,SAC,2017,32,50,0.39
1039,Phoenix Suns,PHO,2017,24,58,0.293
1040,Philadelphia 76ers,PHI,2017,28,54,0.341
1041,Brooklyn Nets,BRK,2017,20,62,0.244
1042,Orlando Magic,ORL,2017,29,53,0.354
1043,Los Angeles Lakers,LAL,2017,26,56,0.317
1044,Houston Rockets,HOU,2018,65,17,0.793
1045,Toronto Raptors,TOR,2018,59,23,0.72
1046,Golden State Warriors,GSW,2018,58,24,0.707
1047,Utah Jazz,UTA,2018,48,34,0.585
1048,Philadelphia 76ers,PHI,2018,52,30,0.634
1049,Boston Celtics,BOS,2018,55,27,0.671
1050,Oklahoma City Thunder,OKC,2018,48,34,0.585
1051,San Antonio Spurs,SAS,2018,47,35,0.573
1052,Portland Trail Blazers,POR,2018,49,33,0.598
1053,Minnesota Timberwolves,MIN,2018,47,35,0.573
1054,Denver Nuggets,DEN,2018,46,36,0.561
1055,Indiana Pacers,IND,2018,48,34,0.585
1056,New Orleans Pelicans,NOP,2018,48,34,0.585
1057,Cleveland Cavaliers,CLE,2018,50,32,0.61
1058,Washington Wizards,WAS,2018,43,39,0.524
1059,Miami Heat,MIA,2018,44,38,0.537
1060,Charlotte Hornets,CHO,2018,36,46,0.439
1061,Los Angeles Clippers,LAC,2018,42,40,0.512
1062,Detroit Pistons,DET,2018,39,43,0.476
1063,Milwaukee Bucks,MIL,2018,44,38,0.537
1064,Los Angeles Lakers,LAL,2018,35,47,0.427
1065,Dallas Mavericks,DAL,2018,24,58,0.293
1066,New York Knicks,NYK,2018,29,53,0.354
1067,Brooklyn Nets,BRK,2018,28,54,0.341
1068,Orlando Magic,ORL,2018,25,57,0.305
1069,Atlanta Hawks,ATL,2018,24,58,0.293
1070,Memphis Grizzlies,MEM,2018,22,60,0.268
1071,Chicago Bulls,CHI,2018,27,55,0.329
1072,Sacramento Kings,SAC,2018,27,55,0.329
1073,Phoenix Suns,PHO,2018,21,61,0.256
1074,Milwaukee Bucks,MIL,2019,60,22,0.732
1075,Golden State Warriors,GSW,2019,57,25,0.695
1076,Toronto Raptors,TOR,2019,58,24,0.707
1077,Utah Jazz,UTA,2019,50,32,0.61
1078,Houston Rockets,HOU,2019,53,29,0.646
1079,Boston Celtics,BOS,2019,49,33,0.598
1080,Portland Trail Blazers,POR,2019,53,29,0.646
1081,Denver Nuggets,DEN,2019,54,28,0.659
1082,Indiana Pacers,IND,2019,48,34,0.585
1083,Oklahoma City Thunder,OKC,2019,49,33,0.598
1084,Philadelphia 76ers,PHI,2019,51,31,0.622
1085,San Antonio Spurs,SAS,2019,48,34,0.585
1086,Los Angeles Clippers,LAC,2019,48,34,0.585
1087,Orlando Magic,ORL,2019,42,40,0.512
1088,Brooklyn Nets,BRK,2019,42,40,0.512
1089,Detroit Pistons,DET,2019,41,41,0.5
1090,Miami Heat,MIA,2019,39,43,0.476
1091,Sacramento Kings,SAC,2019,39,43,0.476
1092,Charlotte Hornets,CHO,2019,39,43,0.476
1093,New Orleans Pelicans,NOP,2019,33,49,0.402
1094,Dallas Mavericks,DAL,2019,33,49,0.402
1095,Minnesota Timberwolves,MIN,2019,36,46,0.439
1096,Los Angeles Lakers,LAL,2019,37,45,0.451
1097,Memphis Grizzlies,MEM,2019,33,49,0.402
1098,Washington Wizards,WAS,2019,32,50,0.39
1099,Atlanta Hawks,ATL,2019,29,53,0.354
1100,Chicago Bulls,CHI,2019,22,60,0.268
1101,New York Knicks,NYK,2019,17,65,0.207
1102,Phoenix Suns,PHO,2019,19,63,0.232
1103,Cleveland Cavaliers,CLE,2019,19,63,0.232
1104,Milwaukee Bucks,MIL,2020,56,17,0.767
1105,Boston Celtics,BOS,2020,48,24,0.667
1106,Los Angeles Clippers,LAC,2020,49,23,0.681
1107,Toronto Raptors,TOR,2020,53,19,0.736
1108,Los Angeles Lakers,LAL,2020,52,19,0.732
1109,Dallas Mavericks,DAL,2020,43,32,0.573
1110,Miami Heat,MIA,2020,44,29,0.603
1111,Houston Rockets,HOU,2020,44,28,0.611
1112,Utah Jazz,UTA,2020,44,28,0.611
1113,Philadelphia 76ers,PHI,2020,43,30,0.589
1114,Denver Nuggets,DEN,2020,46,27,0.63
1115,Indiana Pacers,IND,2020,45,28,0.616
1116,Oklahoma City Thunder,OKC,2020,44,28,0.611
1117,Phoenix Suns,PHO,2020,34,39,0.466
1118,Brooklyn Nets,BRK,2020,35,37,0.486
1119,Orlando Magic,ORL,2020,33,40,0.452
1120,San Antonio Spurs,SAS,2020,32,39,0.451
1121,Memphis Grizzlies,MEM,2020,34,39,0.466
1122,Portland Trail Blazers,POR,2020,35,39,0.473
1123,New Orleans Pelicans,NOP,2020,30,42,0.417
1124,Sacramento Kings,SAC,2020,31,41,0.431
1125,Chicago Bulls,CHI,2020,22,43,0.338
1126,Detroit Pistons,DET,2020,20,46,0.303
1127,Minnesota Timberwolves,MIN,2020,19,45,0.297
1128,Washington Wizards,WAS,2020,25,47,0.347
1129,New York Knicks,NYK,2020,21,45,0.318
1130,Charlotte Hornets,CHO,2020,23,42,0.354
1131,Atlanta Hawks,ATL,2020,20,47,0.299
1132,Cleveland Cavaliers,CLE,2020,19,46,0.292
1133,Golden State Warriors,GSW,2020,15,50,0.231
1134,Utah Jazz,UTA,2021,52,20,0.722
1135,Los Angeles Clippers,LAC,2021,47,25,0.653
1136,Phoenix Suns,PHO,2021,51,21,0.708
1137,Milwaukee Bucks,MIL,2021,46,26,0.639
1138,Philadelphia 76ers,PHI,2021,49,23,0.681
1139,Denver Nuggets,DEN,2021,47,25,0.653
1140,Brooklyn Nets,BRK,2021,48,24,0.667
1141,Los Angeles Lakers,LAL,2021,42,30,0.583
1142,Dallas Mavericks,DAL,2021,42,30,0.583
1143,New York Knicks,NYK,2021,41,31,0.569
1144,Atlanta Hawks,ATL,2021,41,31,0.569
1145,Portland Trail Blazers,POR,2021,42,30,0.583
1146,Boston Celtics,BOS,2021,36,36,0.5
1147,Golden State Warriors,GSW,2021,39,33,0.542
1148,Memphis Grizzlies,MEM,2021,38,34,0.528
1149,Miami Heat,MIA,2021,40,32,0.556
1150,Indiana Pacers,IND,2021,34,38,0.472
1151,New Orleans Pelicans,NOP,2021,31,41,0.431
1152,Toronto Raptors,TOR,2021,27,45,0.375
1153,Chicago Bulls,CHI,2021,31,41,0.431
1154,San Antonio Spurs,SAS,2021,33,39,0.458
1155,Washington Wizards,WAS,2021,34,38,0.472
1156,Charlotte Hornets,CHO,2021,33,39,0.458
1157,Sacramento Kings,SAC,2021,31,41,0.431
1158,Detroit Pistons,DET,2021,20,52,0.278
1159,Minnesota Timberwolves,MIN,2021,23,49,0.319
1160,Houston Rockets,HOU,2021,17,55,0.236
1161,Cleveland Cavaliers,CLE,2021,22,50,0.306
1162,Orlando Magic,ORL,2021,21,51,0.292
1163,Oklahoma City Thunder,OKC,2021,22,50,0.306
1164,Golden State Warriors,GSW,2022,14,2,0.875
1165,Utah Jazz,UTA,2022,11,5,0.688
1166,Miami Heat,MIA,2022,11,6,0.647
1167,Phoenix Suns,PHO,2022,12,3,0.8
1168,Chicago Bulls,CHI,2022,11,5,0.688
1169,Brooklyn Nets,BRK,2022,12,5,0.706
1170,Los Angeles Clippers,LAC,2022,9,7,0.562
1171,Denver Nuggets,DEN,2022,9,7,0.562
1172,Washington Wizards,WAS,2022,11,5,0.688
1173,Boston Celtics,BOS,2022,9,8,0.529
1174,Philadelphia 76ers,PHI,2022,9,8,0.529
1175,Minnesota Timberwolves,MIN,2022,7,9,0.438
1176,Toronto Raptors,TOR,2022,8,9,0.471
1177,New York Knicks,NYK,2022,9,7,0.562
1178,Portland Trail Blazers,POR,2022,9,8,0.529
1179,Indiana Pacers,IND,2022,7,11,0.389
1180,Atlanta Hawks,ATL,2022,8,9,0.471
1181,Cleveland Cavaliers,CLE,2022,9,8,0.529
1182,Milwaukee Bucks,MIL,2022,9,8,0.529
1183,Charlotte Hornets,CHO,2022,10,8,0.556
1184,Dallas Mavericks,DAL,2022,9,6,0.6
1185,Sacramento Kings,SAC,2022,6,11,0.353
1186,San Antonio Spurs,SAS,2022,4,11,0.267
1187,Los Angeles Lakers,LAL,2022,8,9,0.471
1188,Memphis Grizzlies,MEM,2022,8,8,0.5
1189,Oklahoma City Thunder,OKC,2022,6,10,0.375
1190,Orlando Magic,ORL,2022,4,13,0.235
1191,New Orleans Pelicans,NOP,2022,3,15,0.167
1192,Detroit Pistons,DET,2022,4,11,0.267
1193,Houston Rockets,HOU,2022,1,15,0.062
