Team,Tm,Year,Wins,Losses,Perc
Boston Celtics,BOS,1980,61,21,0.744
Los Angeles Lakers,LAL,1980,60,22,0.732
Seattle SuperSonics,SEA,1980,56,26,0.683
Philadelphia 76ers,PHI,1980,59,23,0.72
Milwaukee Bucks,MIL,1980,49,33,0.598
Phoenix Suns,PHO,1980,55,27,0.671
Kansas City Kings,KCK,1980,47,35,0.573
Atlanta Hawks,ATL,1980,50,32,0.61
Cleveland Cavaliers,CLE,1980,37,45,0.451
Houston Rockets,HOU,1980,41,41,0.5
San Antonio Spurs,SAS,1980,41,41,0.5
Indiana Pacers,IND,1980,37,45,0.451
Portland Trail Blazers,POR,1980,38,44,0.463
New Jersey Nets,NJN,1980,34,48,0.415
New York Knicks,NYK,1980,39,43,0.476
Washington Bullets,WSB,1980,39,43,0.476
Chicago Bulls,CHI,1980,30,52,0.366
San Diego Clippers,SDC,1980,35,47,0.427
Denver Nuggets,DEN,1980,30,52,0.366
Golden State Warriors,GSW,1980,24,58,0.293
Utah Jazz,UTH,1980,24,58,0.293
Detroit Pistons,DET,1980,16,66,0.195
Philadelphia 76ers,PHI,1981,62,20,0.756
Milwaukee Bucks,MIL,1981,60,22,0.732
Boston Celtics,BOS,1981,62,20,0.756
Phoenix Suns,PHO,1981,57,25,0.695
Los Angeles Lakers,LAL,1981,54,28,0.659
San Antonio Spurs,SAS,1981,52,30,0.634
Chicago Bulls,CHI,1981,45,37,0.549
New York Knicks,NYK,1981,50,32,0.61
Indiana Pacers,IND,1981,44,38,0.537
Portland Trail Blazers,POR,1981,45,37,0.549
Houston Rockets,HOU,1981,40,42,0.488
Washington Bullets,WSB,1981,39,43,0.476
Kansas City Kings,KCK,1981,40,42,0.488
Denver Nuggets,DEN,1981,37,45,0.451
Golden State Warriors,GSW,1981,39,43,0.476
San Diego Clippers,SDC,1981,36,46,0.439
Seattle SuperSonics,SEA,1981,34,48,0.415
Atlanta Hawks,ATL,1981,31,51,0.378
Cleveland Cavaliers,CLE,1981,28,54,0.341
New Jersey Nets,NJN,1981,24,58,0.293
Utah Jazz,UTH,1981,28,54,0.341
Detroit Pistons,DET,1981,21,61,0.256
Dallas Mavericks,DAL,1981,15,67,0.183
Boston Celtics,BOS,1982,63,19,0.768
Philadelphia 76ers,PHI,1982,58,24,0.707
Milwaukee Bucks,MIL,1982,55,27,0.671
Los Angeles Lakers,LAL,1982,57,25,0.695
Seattle SuperSonics,SEA,1982,52,30,0.634
Phoenix Suns,PHO,1982,46,36,0.561
San Antonio Spurs,SAS,1982,48,34,0.585
Golden State Warriors,GSW,1982,45,37,0.549
Washington Bullets,WSB,1982,43,39,0.524
New Jersey Nets,NJN,1982,44,38,0.537
Portland Trail Blazers,POR,1982,42,40,0.512
Atlanta Hawks,ATL,1982,42,40,0.512
Denver Nuggets,DEN,1982,46,36,0.561
Houston Rockets,HOU,1982,46,36,0.561
Detroit Pistons,DET,1982,39,43,0.476
Indiana Pacers,IND,1982,35,47,0.427
Chicago Bulls,CHI,1982,34,48,0.415
New York Knicks,NYK,1982,33,49,0.402
Kansas City Kings,KCK,1982,30,52,0.366
Dallas Mavericks,DAL,1982,28,54,0.341
Utah Jazz,UTH,1982,25,57,0.305
San Diego Clippers,SDC,1982,17,65,0.207
Cleveland Cavaliers,CLE,1982,15,67,0.183
Philadelphia 76ers,PHI,1983,65,17,0.793
Los Angeles Lakers,LAL,1983,58,24,0.707
Boston Celtics,BOS,1983,56,26,0.683
Phoenix Suns,PHO,1983,53,29,0.646
Milwaukee Bucks,MIL,1983,51,31,0.622
San Antonio Spurs,SAS,1983,53,29,0.646
Seattle SuperSonics,SEA,1983,48,34,0.585
New Jersey Nets,NJN,1983,49,33,0.598
New York Knicks,NYK,1983,44,38,0.537
Portland Trail Blazers,POR,1983,46,36,0.561
Kansas City Kings,KCK,1983,45,37,0.549
Denver Nuggets,DEN,1983,45,37,0.549
Washington Bullets,WSB,1983,42,40,0.512
Detroit Pistons,DET,1983,37,45,0.451
Dallas Mavericks,DAL,1983,38,44,0.463
Atlanta Hawks,ATL,1983,43,39,0.524
Golden State Warriors,GSW,1983,30,52,0.366
Utah Jazz,UTH,1983,30,52,0.366
Chicago Bulls,CHI,1983,28,54,0.341
San Diego Clippers,SDC,1983,25,57,0.305
Indiana Pacers,IND,1983,20,62,0.244
Cleveland Cavaliers,CLE,1983,23,59,0.28
Houston Rockets,HOU,1983,14,68,0.171
Boston Celtics,BOS,1984,62,20,0.756
Milwaukee Bucks,MIL,1984,50,32,0.61
New York Knicks,NYK,1984,47,35,0.573
Los Angeles Lakers,LAL,1984,54,28,0.659
Portland Trail Blazers,POR,1984,48,34,0.585
Detroit Pistons,DET,1984,49,33,0.598
Philadelphia 76ers,PHI,1984,52,30,0.634
New Jersey Nets,NJN,1984,45,37,0.549
Utah Jazz,UTH,1984,45,37,0.549
Phoenix Suns,PHO,1984,41,41,0.5
Dallas Mavericks,DAL,1984,43,39,0.524
Seattle SuperSonics,SEA,1984,42,40,0.512
San Antonio Spurs,SAS,1984,37,45,0.451
Denver Nuggets,DEN,1984,38,44,0.463
Atlanta Hawks,ATL,1984,40,42,0.488
Kansas City Kings,KCK,1984,38,44,0.463
Houston Rockets,HOU,1984,29,53,0.354
Washington Bullets,WSB,1984,35,47,0.427
San Diego Clippers,SDC,1984,30,52,0.366
Golden State Warriors,GSW,1984,37,45,0.451
Cleveland Cavaliers,CLE,1984,28,54,0.341
Indiana Pacers,IND,1984,26,56,0.317
Chicago Bulls,CHI,1984,27,55,0.329
Los Angeles Lakers,LAL,1985,62,20,0.756
Milwaukee Bucks,MIL,1985,59,23,0.72
Boston Celtics,BOS,1985,63,19,0.768
Philadelphia 76ers,PHI,1985,58,24,0.707
Portland Trail Blazers,POR,1985,42,40,0.512
Detroit Pistons,DET,1985,46,36,0.561
Denver Nuggets,DEN,1985,52,30,0.634
Dallas Mavericks,DAL,1985,44,38,0.537
Houston Rockets,HOU,1985,48,34,0.585
San Antonio Spurs,SAS,1985,41,41,0.5
New Jersey Nets,NJN,1985,42,40,0.512
Utah Jazz,UTH,1985,41,41,0.5
Washington Bullets,WSB,1985,40,42,0.488
Chicago Bulls,CHI,1985,38,44,0.463
Atlanta Hawks,ATL,1985,34,48,0.415
Phoenix Suns,PHO,1985,36,46,0.439
Kansas City Kings,KCK,1985,31,51,0.378
Cleveland Cavaliers,CLE,1985,36,46,0.439
Los Angeles Clippers,LAC,1985,31,51,0.378
New York Knicks,NYK,1985,24,58,0.293
Seattle SuperSonics,SEA,1985,31,51,0.378
Indiana Pacers,IND,1985,22,60,0.268
Golden State Warriors,GSW,1985,22,60,0.268
Boston Celtics,BOS,1986,67,15,0.817
Milwaukee Bucks,MIL,1986,57,25,0.695
Los Angeles Lakers,LAL,1986,62,20,0.756
Houston Rockets,HOU,1986,51,31,0.622
Atlanta Hawks,ATL,1986,50,32,0.61
Philadelphia 76ers,PHI,1986,54,28,0.659
Denver Nuggets,DEN,1986,47,35,0.573
Dallas Mavericks,DAL,1986,44,38,0.537
Detroit Pistons,DET,1986,46,36,0.561
Portland Trail Blazers,POR,1986,40,42,0.488
Seattle SuperSonics,SEA,1986,31,51,0.378
Utah Jazz,UTH,1986,42,40,0.512
San Antonio Spurs,SAS,1986,35,47,0.427
Washington Bullets,WSB,1986,39,43,0.476
New Jersey Nets,NJN,1986,39,43,0.476
Cleveland Cavaliers,CLE,1986,29,53,0.354
Phoenix Suns,PHO,1986,32,50,0.39
Sacramento Kings,SAC,1986,37,45,0.451
Indiana Pacers,IND,1986,26,56,0.317
Golden State Warriors,GSW,1986,30,52,0.366
Chicago Bulls,CHI,1986,30,52,0.366
New York Knicks,NYK,1986,23,59,0.28
Los Angeles Clippers,LAC,1986,32,50,0.39
Los Angeles Lakers,LAL,1987,65,17,0.793
Atlanta Hawks,ATL,1987,57,25,0.695
Boston Celtics,BOS,1987,59,23,0.72
Dallas Mavericks,DAL,1987,55,27,0.671
Milwaukee Bucks,MIL,1987,50,32,0.61
Detroit Pistons,DET,1987,52,30,0.634
Portland Trail Blazers,POR,1987,49,33,0.598
Houston Rockets,HOU,1987,42,40,0.512
Chicago Bulls,CHI,1987,40,42,0.488
Utah Jazz,UTH,1987,44,38,0.537
Seattle SuperSonics,SEA,1987,39,43,0.476
Philadelphia 76ers,PHI,1987,45,37,0.549
Indiana Pacers,IND,1987,41,41,0.5
Denver Nuggets,DEN,1987,37,45,0.451
Washington Bullets,WSB,1987,42,40,0.512
Phoenix Suns,PHO,1987,36,46,0.439
Golden State Warriors,GSW,1987,42,40,0.512
Sacramento Kings,SAC,1987,29,53,0.354
Cleveland Cavaliers,CLE,1987,31,51,0.378
New Jersey Nets,NJN,1987,24,58,0.293
San Antonio Spurs,SAS,1987,28,54,0.341
New York Knicks,NYK,1987,24,58,0.293
Los Angeles Clippers,LAC,1987,12,70,0.146
Boston Celtics,BOS,1988,57,25,0.695
Los Angeles Lakers,LAL,1988,62,20,0.756
Detroit Pistons,DET,1988,54,28,0.659
Dallas Mavericks,DAL,1988,53,29,0.646
Portland Trail Blazers,POR,1988,53,29,0.646
Denver Nuggets,DEN,1988,54,28,0.659
Utah Jazz,UTH,1988,47,35,0.573
Atlanta Hawks,ATL,1988,50,32,0.61
Chicago Bulls,CHI,1988,50,32,0.61
Seattle SuperSonics,SEA,1988,44,38,0.537
Houston Rockets,HOU,1988,46,36,0.561
Cleveland Cavaliers,CLE,1988,42,40,0.512
Milwaukee Bucks,MIL,1988,42,40,0.512
New York Knicks,NYK,1988,38,44,0.463
Washington Bullets,WSB,1988,38,44,0.463
Indiana Pacers,IND,1988,38,44,0.463
Philadelphia 76ers,PHI,1988,36,46,0.439
Phoenix Suns,PHO,1988,28,54,0.341
San Antonio Spurs,SAS,1988,31,51,0.378
Sacramento Kings,SAC,1988,24,58,0.293
New Jersey Nets,NJN,1988,19,63,0.232
Golden State Warriors,GSW,1988,20,62,0.244
Los Angeles Clippers,LAC,1988,17,65,0.207
Cleveland Cavaliers,CLE,1989,57,25,0.695
Phoenix Suns,PHO,1989,55,27,0.671
Los Angeles Lakers,LAL,1989,57,25,0.695
Detroit Pistons,DET,1989,63,19,0.768
Utah Jazz,UTH,1989,51,31,0.622
Atlanta Hawks,ATL,1989,52,30,0.634
Milwaukee Bucks,MIL,1989,49,33,0.598
New York Knicks,NYK,1989,52,30,0.634
Seattle SuperSonics,SEA,1989,47,35,0.573
Denver Nuggets,DEN,1989,44,38,0.537
Philadelphia 76ers,PHI,1989,46,36,0.561
Chicago Bulls,CHI,1989,47,35,0.573
Portland Trail Blazers,POR,1989,39,43,0.476
Boston Celtics,BOS,1989,42,40,0.512
Houston Rockets,HOU,1989,45,37,0.549
Golden State Warriors,GSW,1989,43,39,0.524
Dallas Mavericks,DAL,1989,38,44,0.463
Washington Bullets,WSB,1989,40,42,0.488
Indiana Pacers,IND,1989,28,54,0.341
Sacramento Kings,SAC,1989,27,55,0.329
New Jersey Nets,NJN,1989,26,56,0.317
San Antonio Spurs,SAS,1989,21,61,0.256
Charlotte Hornets,CHO,1989,20,62,0.244
Los Angeles Clippers,LAC,1989,21,61,0.256
Miami Heat,MIA,1989,15,67,0.183
Los Angeles Lakers,LAL,1990,63,19,0.768
Phoenix Suns,PHO,1990,54,28,0.659
Detroit Pistons,DET,1990,59,23,0.72
Portland Trail Blazers,POR,1990,59,23,0.72
Philadelphia 76ers,PHI,1990,53,29,0.646
Utah Jazz,UTH,1990,55,27,0.671
Boston Celtics,BOS,1990,52,30,0.634
San Antonio Spurs,SAS,1990,56,26,0.683
Chicago Bulls,CHI,1990,55,27,0.671
Houston Rockets,HOU,1990,41,41,0.5
New York Knicks,NYK,1990,45,37,0.549
Denver Nuggets,DEN,1990,43,39,0.524
Seattle SuperSonics,SEA,1990,41,41,0.5
Atlanta Hawks,ATL,1990,41,41,0.5
Indiana Pacers,IND,1990,42,40,0.512
Dallas Mavericks,DAL,1990,47,35,0.573
Cleveland Cavaliers,CLE,1990,42,40,0.512
Milwaukee Bucks,MIL,1990,44,38,0.537
Washington Bullets,WSB,1990,31,51,0.378
Golden State Warriors,GSW,1990,37,45,0.451
Los Angeles Clippers,LAC,1990,30,52,0.366
Minnesota Timberwolves,MIN,1990,22,60,0.268
Sacramento Kings,SAC,1990,23,59,0.28
New Jersey Nets,NJN,1990,17,65,0.207
Charlotte Hornets,CHO,1990,19,63,0.232
Orlando Magic,ORL,1990,18,64,0.22
Miami Heat,MIA,1990,18,64,0.22
Chicago Bulls,CHI,1991,61,21,0.744
Portland Trail Blazers,POR,1991,63,19,0.768
Los Angeles Lakers,LAL,1991,58,24,0.707
Phoenix Suns,PHO,1991,55,27,0.671
Boston Celtics,BOS,1991,56,26,0.683
San Antonio Spurs,SAS,1991,55,27,0.671
Detroit Pistons,DET,1991,50,32,0.61
Utah Jazz,UTH,1991,54,28,0.659
Houston Rockets,HOU,1991,52,30,0.634
Milwaukee Bucks,MIL,1991,48,34,0.585
Golden State Warriors,GSW,1991,44,38,0.537
Seattle SuperSonics,SEA,1991,41,41,0.5
Atlanta Hawks,ATL,1991,43,39,0.524
New York Knicks,NYK,1991,39,43,0.476
Philadelphia 76ers,PHI,1991,44,38,0.537
Indiana Pacers,IND,1991,41,41,0.5
Cleveland Cavaliers,CLE,1991,33,49,0.402
Los Angeles Clippers,LAC,1991,31,51,0.378
Orlando Magic,ORL,1991,31,51,0.378
Minnesota Timberwolves,MIN,1991,29,53,0.354
New Jersey Nets,NJN,1991,26,56,0.317
Dallas Mavericks,DAL,1991,28,54,0.341
Washington Bullets,WSB,1991,30,52,0.366
Charlotte Hornets,CHO,1991,26,56,0.317
Miami Heat,MIA,1991,24,58,0.293
Sacramento Kings,SAC,1991,25,57,0.305
Denver Nuggets,DEN,1991,20,62,0.244
Chicago Bulls,CHI,1992,67,15,0.817
Portland Trail Blazers,POR,1992,57,25,0.695
Utah Jazz,UTH,1992,55,27,0.671
Phoenix Suns,PHO,1992,53,29,0.646
Cleveland Cavaliers,CLE,1992,57,25,0.695
New York Knicks,NYK,1992,51,31,0.622
Boston Celtics,BOS,1992,51,31,0.622
Golden State Warriors,GSW,1992,55,27,0.671
San Antonio Spurs,SAS,1992,47,35,0.573
Detroit Pistons,DET,1992,48,34,0.585
Seattle SuperSonics,SEA,1992,47,35,0.573
Indiana Pacers,IND,1992,40,42,0.488
Los Angeles Clippers,LAC,1992,45,37,0.549
Los Angeles Lakers,LAL,1992,43,39,0.524
Philadelphia 76ers,PHI,1992,35,47,0.427
Atlanta Hawks,ATL,1992,38,44,0.463
New Jersey Nets,NJN,1992,40,42,0.488
Houston Rockets,HOU,1992,42,40,0.512
Milwaukee Bucks,MIL,1992,31,51,0.378
Charlotte Hornets,CHO,1992,31,51,0.378
Miami Heat,MIA,1992,38,44,0.463
Washington Bullets,WSB,1992,25,57,0.305
Sacramento Kings,SAC,1992,29,53,0.354
Orlando Magic,ORL,1992,21,61,0.256
Minnesota Timberwolves,MIN,1992,15,67,0.183
Denver Nuggets,DEN,1992,24,58,0.293
Dallas Mavericks,DAL,1992,22,60,0.268
Seattle SuperSonics,SEA,1993,55,27,0.671
Chicago Bulls,CHI,1993,57,25,0.695
Cleveland Cavaliers,CLE,1993,54,28,0.659
Phoenix Suns,PHO,1993,62,20,0.756
New York Knicks,NYK,1993,60,22,0.732
Houston Rockets,HOU,1993,55,27,0.671
Portland Trail Blazers,POR,1993,51,31,0.622
San Antonio Spurs,SAS,1993,49,33,0.598
Utah Jazz,UTH,1993,47,35,0.573
Indiana Pacers,IND,1993,41,41,0.5
Orlando Magic,ORL,1993,41,41,0.5
New Jersey Nets,NJN,1993,43,39,0.524
Boston Celtics,BOS,1993,48,34,0.585
Los Angeles Clippers,LAC,1993,41,41,0.5
Charlotte Hornets,CHO,1993,44,38,0.537
Atlanta Hawks,ATL,1993,43,39,0.524
Golden State Warriors,GSW,1993,34,48,0.415
Miami Heat,MIA,1993,36,46,0.439
Los Angeles Lakers,LAL,1993,39,43,0.476
Detroit Pistons,DET,1993,40,42,0.488
Denver Nuggets,DEN,1993,36,46,0.439
Sacramento Kings,SAC,1993,25,57,0.305
Milwaukee Bucks,MIL,1993,28,54,0.341
Philadelphia 76ers,PHI,1993,26,56,0.317
Washington Bullets,WSB,1993,22,60,0.268
Minnesota Timberwolves,MIN,1993,19,63,0.232
Dallas Mavericks,DAL,1993,11,71,0.134
Seattle SuperSonics,SEA,1994,63,19,0.768
New York Knicks,NYK,1994,57,25,0.695
San Antonio Spurs,SAS,1994,55,27,0.671
Atlanta Hawks,ATL,1994,57,25,0.695
Phoenix Suns,PHO,1994,56,26,0.683
Utah Jazz,UTH,1994,53,29,0.646
Houston Rockets,HOU,1994,58,24,0.707
Cleveland Cavaliers,CLE,1994,47,35,0.573
Orlando Magic,ORL,1994,50,32,0.61
Indiana Pacers,IND,1994,47,35,0.573
Chicago Bulls,CHI,1994,55,27,0.671
Miami Heat,MIA,1994,42,40,0.512
Portland Trail Blazers,POR,1994,47,35,0.573
New Jersey Nets,NJN,1994,45,37,0.549
Golden State Warriors,GSW,1994,50,32,0.61
Denver Nuggets,DEN,1994,42,40,0.512
Charlotte Hornets,CHO,1994,41,41,0.5
Boston Celtics,BOS,1994,32,50,0.39
Los Angeles Lakers,LAL,1994,33,49,0.402
Los Angeles Clippers,LAC,1994,27,55,0.329
Sacramento Kings,SAC,1994,28,54,0.341
Milwaukee Bucks,MIL,1994,20,62,0.244
Minnesota Timberwolves,MIN,1994,20,62,0.244
Washington Bullets,WSB,1994,24,58,0.293
Philadelphia 76ers,PHI,1994,25,57,0.305
Detroit Pistons,DET,1994,20,62,0.244
Dallas Mavericks,DAL,1994,13,69,0.159
Utah Jazz,UTH,1995,60,22,0.732
Seattle SuperSonics,SEA,1995,57,25,0.695
Orlando Magic,ORL,1995,57,25,0.695
San Antonio Spurs,SAS,1995,62,20,0.756
Chicago Bulls,CHI,1995,47,35,0.573
Phoenix Suns,PHO,1995,59,23,0.72
Portland Trail Blazers,POR,1995,44,38,0.537
Indiana Pacers,IND,1995,52,30,0.634
Charlotte Hornets,CHO,1995,50,32,0.61
New York Knicks,NYK,1995,55,27,0.671
Houston Rockets,HOU,1995,47,35,0.573
Atlanta Hawks,ATL,1995,42,40,0.512
Denver Nuggets,DEN,1995,41,41,0.5
Cleveland Cavaliers,CLE,1995,43,39,0.524
Los Angeles Lakers,LAL,1995,48,34,0.585
Sacramento Kings,SAC,1995,39,43,0.476
Miami Heat,MIA,1995,32,50,0.39
Boston Celtics,BOS,1995,35,47,0.427
Dallas Mavericks,DAL,1995,36,46,0.439
New Jersey Nets,NJN,1995,30,52,0.366
Milwaukee Bucks,MIL,1995,34,48,0.415
Golden State Warriors,GSW,1995,26,56,0.317
Philadelphia 76ers,PHI,1995,24,58,0.293
Washington Bullets,WSB,1995,21,61,0.256
Detroit Pistons,DET,1995,28,54,0.341
Los Angeles Clippers,LAC,1995,17,65,0.207
Minnesota Timberwolves,MIN,1995,21,61,0.256
Chicago Bulls,CHI,1996,72,10,0.878
Seattle SuperSonics,SEA,1996,64,18,0.78
Utah Jazz,UTH,1996,55,27,0.671
San Antonio Spurs,SAS,1996,59,23,0.72
Orlando Magic,ORL,1996,60,22,0.732
Los Angeles Lakers,LAL,1996,53,29,0.646
Indiana Pacers,IND,1996,52,30,0.634
Cleveland Cavaliers,CLE,1996,47,35,0.573
Detroit Pistons,DET,1996,46,36,0.561
Portland Trail Blazers,POR,1996,44,38,0.537
New York Knicks,NYK,1996,47,35,0.573
Houston Rockets,HOU,1996,48,34,0.585
Miami Heat,MIA,1996,42,40,0.512
Atlanta Hawks,ATL,1996,46,36,0.561
Washington Bullets,WSB,1996,39,43,0.476
Phoenix Suns,PHO,1996,41,41,0.5
Charlotte Hornets,CHO,1996,41,41,0.5
Golden State Warriors,GSW,1996,36,46,0.439
Denver Nuggets,DEN,1996,35,47,0.427
Sacramento Kings,SAC,1996,39,43,0.476
Boston Celtics,BOS,1996,33,49,0.402
Los Angeles Clippers,LAC,1996,29,53,0.354
New Jersey Nets,NJN,1996,30,52,0.366
Dallas Mavericks,DAL,1996,26,56,0.317
Minnesota Timberwolves,MIN,1996,26,56,0.317
Milwaukee Bucks,MIL,1996,25,57,0.305
Toronto Raptors,TOR,1996,21,61,0.256
Philadelphia 76ers,PHI,1996,18,64,0.22
Vancouver Grizzlies,VAN,1996,15,67,0.183
Chicago Bulls,CHI,1997,69,13,0.841
Utah Jazz,UTH,1997,64,18,0.78
Seattle SuperSonics,SEA,1997,57,25,0.695
Atlanta Hawks,ATL,1997,56,26,0.683
Miami Heat,MIA,1997,61,21,0.744
Detroit Pistons,DET,1997,54,28,0.659
Houston Rockets,HOU,1997,57,25,0.695
Los Angeles Lakers,LAL,1997,56,26,0.683
Portland Trail Blazers,POR,1997,49,33,0.598
New York Knicks,NYK,1997,57,25,0.695
Cleveland Cavaliers,CLE,1997,42,40,0.512
Charlotte Hornets,CHO,1997,54,28,0.659
Washington Bullets,WSB,1997,44,38,0.537
Indiana Pacers,IND,1997,39,43,0.476
Phoenix Suns,PHO,1997,40,42,0.488
Orlando Magic,ORL,1997,45,37,0.549
Minnesota Timberwolves,MIN,1997,40,42,0.488
Milwaukee Bucks,MIL,1997,33,49,0.402
Los Angeles Clippers,LAC,1997,36,46,0.439
Toronto Raptors,TOR,1997,30,52,0.366
Sacramento Kings,SAC,1997,34,48,0.415
New Jersey Nets,NJN,1997,26,56,0.317
Golden State Warriors,GSW,1997,30,52,0.366
Denver Nuggets,DEN,1997,21,61,0.256
Philadelphia 76ers,PHI,1997,22,60,0.268
Dallas Mavericks,DAL,1997,24,58,0.293
Boston Celtics,BOS,1997,15,67,0.183
San Antonio Spurs,SAS,1997,20,62,0.244
Vancouver Grizzlies,VAN,1997,14,68,0.171
Los Angeles Lakers,LAL,1998,61,21,0.744
Seattle SuperSonics,SEA,1998,61,21,0.744
Chicago Bulls,CHI,1998,62,20,0.756
Utah Jazz,UTH,1998,62,20,0.756
Indiana Pacers,IND,1998,58,24,0.707
Phoenix Suns,PHO,1998,56,26,0.683
Miami Heat,MIA,1998,55,27,0.671
San Antonio Spurs,SAS,1998,56,26,0.683
Atlanta Hawks,ATL,1998,50,32,0.61
Cleveland Cavaliers,CLE,1998,47,35,0.573
New York Knicks,NYK,1998,43,39,0.524
Charlotte Hornets,CHO,1998,51,31,0.622
Detroit Pistons,DET,1998,37,45,0.451
New Jersey Nets,NJN,1998,43,39,0.524
Portland Trail Blazers,POR,1998,46,36,0.561
Washington Wizards,WAS,1998,42,40,0.512
Minnesota Timberwolves,MIN,1998,45,37,0.549
Houston Rockets,HOU,1998,41,41,0.5
Orlando Magic,ORL,1998,41,41,0.5
Milwaukee Bucks,MIL,1998,36,46,0.439
Philadelphia 76ers,PHI,1998,31,51,0.378
Boston Celtics,BOS,1998,36,46,0.439
Sacramento Kings,SAC,1998,27,55,0.329
Dallas Mavericks,DAL,1998,20,62,0.244
Los Angeles Clippers,LAC,1998,17,65,0.207
Vancouver Grizzlies,VAN,1998,19,63,0.232
Toronto Raptors,TOR,1998,16,66,0.195
Golden State Warriors,GSW,1998,19,63,0.232
Denver Nuggets,DEN,1998,11,71,0.134
San Antonio Spurs,SAS,1999,37,13,0.74
Utah Jazz,UTH,1999,37,13,0.74
Portland Trail Blazers,POR,1999,35,15,0.7
Miami Heat,MIA,1999,33,17,0.66
Indiana Pacers,IND,1999,33,17,0.66
Detroit Pistons,DET,1999,29,21,0.58
Atlanta Hawks,ATL,1999,31,19,0.62
Los Angeles Lakers,LAL,1999,31,19,0.62
Orlando Magic,ORL,1999,33,17,0.66
Houston Rockets,HOU,1999,31,19,0.62
Phoenix Suns,PHO,1999,27,23,0.54
Philadelphia 76ers,PHI,1999,28,22,0.56
Milwaukee Bucks,MIL,1999,28,22,0.56
New York Knicks,NYK,1999,27,23,0.54
Minnesota Timberwolves,MIN,1999,25,25,0.5
Charlotte Hornets,CHO,1999,26,24,0.52
Sacramento Kings,SAC,1999,27,23,0.54
Seattle SuperSonics,SEA,1999,25,25,0.5
Toronto Raptors,TOR,1999,23,27,0.46
Boston Celtics,BOS,1999,19,31,0.38
Cleveland Cavaliers,CLE,1999,22,28,0.44
Washington Wizards,WAS,1999,18,32,0.36
Dallas Mavericks,DAL,1999,19,31,0.38
Golden State Warriors,GSW,1999,21,29,0.42
New Jersey Nets,NJN,1999,16,34,0.32
Denver Nuggets,DEN,1999,14,36,0.28
Vancouver Grizzlies,VAN,1999,8,42,0.16
Los Angeles Clippers,LAC,1999,9,41,0.18
Chicago Bulls,CHI,1999,13,37,0.26
Los Angeles Lakers,LAL,2000,67,15,0.817
Portland Trail Blazers,POR,2000,59,23,0.72
San Antonio Spurs,SAS,2000,53,29,0.646
Phoenix Suns,PHO,2000,53,29,0.646
Utah Jazz,UTH,2000,55,27,0.671
Indiana Pacers,IND,2000,56,26,0.683
Miami Heat,MIA,2000,52,30,0.634
Sacramento Kings,SAC,2000,44,38,0.537
Charlotte Hornets,CHO,2000,49,33,0.598
Minnesota Timberwolves,MIN,2000,50,32,0.61
New York Knicks,NYK,2000,50,32,0.61
Detroit Pistons,DET,2000,42,40,0.512
Philadelphia 76ers,PHI,2000,49,33,0.598
Seattle SuperSonics,SEA,2000,45,37,0.549
Orlando Magic,ORL,2000,41,41,0.5
Milwaukee Bucks,MIL,2000,42,40,0.512
Toronto Raptors,TOR,2000,45,37,0.549
Dallas Mavericks,DAL,2000,40,42,0.488
Boston Celtics,BOS,2000,35,47,0.427
Houston Rockets,HOU,2000,34,48,0.415
New Jersey Nets,NJN,2000,31,51,0.378
Denver Nuggets,DEN,2000,35,47,0.427
Washington Wizards,WAS,2000,29,53,0.354
Cleveland Cavaliers,CLE,2000,32,50,0.39
Atlanta Hawks,ATL,2000,28,54,0.341
Vancouver Grizzlies,VAN,2000,22,60,0.268
Golden State Warriors,GSW,2000,19,63,0.232
Chicago Bulls,CHI,2000,17,65,0.207
Los Angeles Clippers,LAC,2000,15,67,0.183
San Antonio Spurs,SAS,2001,58,24,0.707
Sacramento Kings,SAC,2001,55,27,0.671
Utah Jazz,UTH,2001,53,29,0.646
Philadelphia 76ers,PHI,2001,56,26,0.683
Portland Trail Blazers,POR,2001,50,32,0.61
Dallas Mavericks,DAL,2001,53,29,0.646
Milwaukee Bucks,MIL,2001,52,30,0.634
Los Angeles Lakers,LAL,2001,56,26,0.683
New York Knicks,NYK,2001,48,34,0.585
Miami Heat,MIA,2001,50,32,0.61
Toronto Raptors,TOR,2001,47,35,0.573
Houston Rockets,HOU,2001,45,37,0.549
Charlotte Hornets,CHO,2001,46,36,0.561
Phoenix Suns,PHO,2001,51,31,0.622
Minnesota Timberwolves,MIN,2001,47,35,0.573
Orlando Magic,ORL,2001,43,39,0.524
Seattle SuperSonics,SEA,2001,44,38,0.537
Indiana Pacers,IND,2001,41,41,0.5
Detroit Pistons,DET,2001,32,50,0.39
Boston Celtics,BOS,2001,36,46,0.439
Denver Nuggets,DEN,2001,40,42,0.488
Los Angeles Clippers,LAC,2001,31,51,0.378
Cleveland Cavaliers,CLE,2001,30,52,0.366
New Jersey Nets,NJN,2001,26,56,0.317
Atlanta Hawks,ATL,2001,25,57,0.305
Vancouver Grizzlies,VAN,2001,23,59,0.28
Washington Wizards,WAS,2001,19,63,0.232
Golden State Warriors,GSW,2001,17,65,0.207
Chicago Bulls,CHI,2001,15,67,0.183
Sacramento Kings,SAC,2002,61,21,0.744
Los Angeles Lakers,LAL,2002,58,24,0.707
San Antonio Spurs,SAS,2002,58,24,0.707
New Jersey Nets,NJN,2002,52,30,0.634
Dallas Mavericks,DAL,2002,57,25,0.695
Minnesota Timberwolves,MIN,2002,50,32,0.61
Portland Trail Blazers,POR,2002,49,33,0.598
Seattle SuperSonics,SEA,2002,45,37,0.549
Boston Celtics,BOS,2002,49,33,0.598
Detroit Pistons,DET,2002,50,32,0.61
Philadelphia 76ers,PHI,2002,43,39,0.524
Orlando Magic,ORL,2002,44,38,0.537
Utah Jazz,UTH,2002,44,38,0.537
Charlotte Hornets,CHO,2002,44,38,0.537
Indiana Pacers,IND,2002,42,40,0.512
Milwaukee Bucks,MIL,2002,41,41,0.5
Los Angeles Clippers,LAC,2002,39,43,0.476
Toronto Raptors,TOR,2002,42,40,0.512
Phoenix Suns,PHO,2002,36,46,0.439
Washington Wizards,WAS,2002,37,45,0.451
Miami Heat,MIA,2002,36,46,0.439
Cleveland Cavaliers,CLE,2002,29,53,0.354
New York Knicks,NYK,2002,30,52,0.366
Atlanta Hawks,ATL,2002,33,49,0.402
Houston Rockets,HOU,2002,28,54,0.341
Golden State Warriors,GSW,2002,21,61,0.256
Denver Nuggets,DEN,2002,27,55,0.329
Memphis Grizzlies,MEM,2002,23,59,0.28
Chicago Bulls,CHI,2002,21,61,0.256
Dallas Mavericks,DAL,2003,60,22,0.732
Sacramento Kings,SAC,2003,59,23,0.72
San Antonio Spurs,SAS,2003,60,22,0.732
New Jersey Nets,NJN,2003,49,33,0.598
Detroit Pistons,DET,2003,50,32,0.61
Indiana Pacers,IND,2003,48,34,0.585
Portland Trail Blazers,POR,2003,50,32,0.61
Utah Jazz,UTH,2003,47,35,0.573
Los Angeles Lakers,LAL,2003,50,32,0.61
Philadelphia 76ers,PHI,2003,48,34,0.585
Minnesota Timberwolves,MIN,2003,51,31,0.622
New Orleans Hornets,NOH,2003,47,35,0.573
Houston Rockets,HOU,2003,43,39,0.524
Phoenix Suns,PHO,2003,44,38,0.537
Orlando Magic,ORL,2003,42,40,0.512
Milwaukee Bucks,MIL,2003,42,40,0.512
Seattle SuperSonics,SEA,2003,40,42,0.488
Boston Celtics,BOS,2003,44,38,0.537
Washington Wizards,WAS,2003,37,45,0.451
Golden State Warriors,GSW,2003,38,44,0.463
New York Knicks,NYK,2003,37,45,0.451
Memphis Grizzlies,MEM,2003,28,54,0.341
Atlanta Hawks,ATL,2003,35,47,0.427
Los Angeles Clippers,LAC,2003,27,55,0.329
Chicago Bulls,CHI,2003,30,52,0.366
Miami Heat,MIA,2003,25,57,0.305
Toronto Raptors,TOR,2003,24,58,0.293
Denver Nuggets,DEN,2003,17,65,0.207
Cleveland Cavaliers,CLE,2003,17,65,0.207
San Antonio Spurs,SAS,2004,57,25,0.695
Detroit Pistons,DET,2004,54,28,0.659
Indiana Pacers,IND,2004,61,21,0.744
Minnesota Timberwolves,MIN,2004,58,24,0.707
Sacramento Kings,SAC,2004,55,27,0.671
Dallas Mavericks,DAL,2004,52,30,0.634
Los Angeles Lakers,LAL,2004,56,26,0.683
New Jersey Nets,NJN,2004,47,35,0.573
Memphis Grizzlies,MEM,2004,50,32,0.61
Houston Rockets,HOU,2004,45,37,0.549
Denver Nuggets,DEN,2004,43,39,0.524
Milwaukee Bucks,MIL,2004,41,41,0.5
Miami Heat,MIA,2004,42,40,0.512
New Orleans Hornets,NOH,2004,41,41,0.5
Seattle SuperSonics,SEA,2004,37,45,0.451
Golden State Warriors,GSW,2004,37,45,0.451
Portland Trail Blazers,POR,2004,41,41,0.5
Utah Jazz,UTH,2004,42,40,0.512
Boston Celtics,BOS,2004,36,46,0.439
New York Knicks,NYK,2004,39,43,0.476
Philadelphia 76ers,PHI,2004,33,49,0.402
Cleveland Cavaliers,CLE,2004,35,47,0.427
Toronto Raptors,TOR,2004,33,49,0.402
Phoenix Suns,PHO,2004,29,53,0.354
Los Angeles Clippers,LAC,2004,28,54,0.341
Atlanta Hawks,ATL,2004,28,54,0.341
Washington Wizards,WAS,2004,25,57,0.305
Chicago Bulls,CHI,2004,23,59,0.28
Orlando Magic,ORL,2004,21,61,0.256
San Antonio Spurs,SAS,2005,59,23,0.72
Phoenix Suns,PHO,2005,62,20,0.756
Miami Heat,MIA,2005,59,23,0.72
Dallas Mavericks,DAL,2005,58,24,0.707
Houston Rockets,HOU,2005,51,31,0.622
Detroit Pistons,DET,2005,54,28,0.659
Seattle SuperSonics,SEA,2005,52,30,0.634
Memphis Grizzlies,MEM,2005,45,37,0.549
Sacramento Kings,SAC,2005,50,32,0.61
Denver Nuggets,DEN,2005,49,33,0.598
Minnesota Timberwolves,MIN,2005,44,38,0.537
Chicago Bulls,CHI,2005,47,35,0.573
Boston Celtics,BOS,2005,45,37,0.549
Cleveland Cavaliers,CLE,2005,42,40,0.512
Indiana Pacers,IND,2005,44,38,0.537
Washington Wizards,WAS,2005,45,37,0.549
Philadelphia 76ers,PHI,2005,43,39,0.524
Los Angeles Clippers,LAC,2005,37,45,0.451
New Jersey Nets,NJN,2005,42,40,0.512
Toronto Raptors,TOR,2005,33,49,0.402
Golden State Warriors,GSW,2005,34,48,0.415
Orlando Magic,ORL,2005,36,46,0.439
New York Knicks,NYK,2005,33,49,0.402
Milwaukee Bucks,MIL,2005,30,52,0.366
Los Angeles Lakers,LAL,2005,34,48,0.415
Portland Trail Blazers,POR,2005,27,55,0.329
Utah Jazz,UTH,2005,26,56,0.317
Charlotte Bobcats,CHA,2005,18,64,0.22
New Orleans Hornets,NOH,2005,18,64,0.22
Atlanta Hawks,ATL,2005,13,69,0.159
San Antonio Spurs,SAS,2006,63,19,0.768
Detroit Pistons,DET,2006,64,18,0.78
Dallas Mavericks,DAL,2006,60,22,0.732
Phoenix Suns,PHO,2006,54,28,0.659
Memphis Grizzlies,MEM,2006,49,33,0.598
Miami Heat,MIA,2006,52,30,0.634
Los Angeles Lakers,LAL,2006,45,37,0.549
Cleveland Cavaliers,CLE,2006,50,32,0.61
Indiana Pacers,IND,2006,41,41,0.5
Washington Wizards,WAS,2006,42,40,0.512
Sacramento Kings,SAC,2006,44,38,0.537
Los Angeles Clippers,LAC,2006,47,35,0.573
New Jersey Nets,NJN,2006,49,33,0.598
Chicago Bulls,CHI,2006,41,41,0.5
Denver Nuggets,DEN,2006,44,38,0.537
Milwaukee Bucks,MIL,2006,40,42,0.488
Orlando Magic,ORL,2006,36,46,0.439
Golden State Warriors,GSW,2006,34,48,0.415
Houston Rockets,HOU,2006,34,48,0.415
Boston Celtics,BOS,2006,33,49,0.402
Minnesota Timberwolves,MIN,2006,33,49,0.402
Philadelphia 76ers,PHI,2006,38,44,0.463
Utah Jazz,UTH,2006,41,41,0.5
New Orleans/Oklahoma City Hornets,NOK,2006,38,44,0.463
Toronto Raptors,TOR,2006,27,55,0.329
Seattle SuperSonics,SEA,2006,35,47,0.427
Charlotte Bobcats,CHA,2006,26,56,0.317
Atlanta Hawks,ATL,2006,26,56,0.317
New York Knicks,NYK,2006,23,59,0.28
Portland Trail Blazers,POR,2006,21,61,0.256
San Antonio Spurs,SAS,2007,58,24,0.707
Dallas Mavericks,DAL,2007,67,15,0.817
Phoenix Suns,PHO,2007,61,21,0.744
Chicago Bulls,CHI,2007,49,33,0.598
Houston Rockets,HOU,2007,52,30,0.634
Detroit Pistons,DET,2007,53,29,0.646
Cleveland Cavaliers,CLE,2007,50,32,0.61
Utah Jazz,UTH,2007,51,31,0.622
Denver Nuggets,DEN,2007,45,37,0.549
Toronto Raptors,TOR,2007,47,35,0.573
Orlando Magic,ORL,2007,40,42,0.488
Los Angeles Lakers,LAL,2007,42,40,0.512
Golden State Warriors,GSW,2007,42,40,0.512
Washington Wizards,WAS,2007,41,41,0.5
Los Angeles Clippers,LAC,2007,40,42,0.488
New Jersey Nets,NJN,2007,41,41,0.5
Miami Heat,MIA,2007,44,38,0.537
New Orleans/Oklahoma City Hornets,NOK,2007,39,43,0.476
Sacramento Kings,SAC,2007,33,49,0.402
Indiana Pacers,IND,2007,35,47,0.427
Seattle SuperSonics,SEA,2007,31,51,0.378
New York Knicks,NYK,2007,33,49,0.402
Philadelphia 76ers,PHI,2007,35,47,0.427
Boston Celtics,BOS,2007,24,58,0.293
Minnesota Timberwolves,MIN,2007,32,50,0.39
Charlotte Bobcats,CHA,2007,33,49,0.402
Milwaukee Bucks,MIL,2007,28,54,0.341
Portland Trail Blazers,POR,2007,32,50,0.39
Atlanta Hawks,ATL,2007,30,52,0.366
Memphis Grizzlies,MEM,2007,22,60,0.268
Boston Celtics,BOS,2008,66,16,0.805
Detroit Pistons,DET,2008,59,23,0.72
Los Angeles Lakers,LAL,2008,57,25,0.695
Utah Jazz,UTH,2008,54,28,0.659
Orlando Magic,ORL,2008,52,30,0.634
New Orleans Hornets,NOH,2008,56,26,0.683
San Antonio Spurs,SAS,2008,56,26,0.683
Houston Rockets,HOU,2008,55,27,0.671
Phoenix Suns,PHO,2008,55,27,0.671
Dallas Mavericks,DAL,2008,51,31,0.622
Denver Nuggets,DEN,2008,50,32,0.61
Toronto Raptors,TOR,2008,41,41,0.5
Golden State Warriors,GSW,2008,48,34,0.585
Philadelphia 76ers,PHI,2008,40,42,0.488
Washington Wizards,WAS,2008,43,39,0.524
Cleveland Cavaliers,CLE,2008,45,37,0.549
Portland Trail Blazers,POR,2008,41,41,0.5
Indiana Pacers,IND,2008,36,46,0.439
Atlanta Hawks,ATL,2008,37,45,0.451
Sacramento Kings,SAC,2008,38,44,0.463
Chicago Bulls,CHI,2008,33,49,0.402
Charlotte Bobcats,CHA,2008,32,50,0.39
New Jersey Nets,NJN,2008,34,48,0.415
Memphis Grizzlies,MEM,2008,22,60,0.268
New York Knicks,NYK,2008,23,59,0.28
Minnesota Timberwolves,MIN,2008,22,60,0.268
Milwaukee Bucks,MIL,2008,26,56,0.317
Los Angeles Clippers,LAC,2008,23,59,0.28
Seattle SuperSonics,SEA,2008,20,62,0.244
Miami Heat,MIA,2008,15,67,0.183
Cleveland Cavaliers,CLE,2009,66,16,0.805
Boston Celtics,BOS,2009,62,20,0.756
Los Angeles Lakers,LAL,2009,65,17,0.793
Orlando Magic,ORL,2009,59,23,0.72
Portland Trail Blazers,POR,2009,54,28,0.659
Houston Rockets,HOU,2009,53,29,0.646
San Antonio Spurs,SAS,2009,54,28,0.659
Denver Nuggets,DEN,2009,54,28,0.659
Utah Jazz,UTH,2009,48,34,0.585
Dallas Mavericks,DAL,2009,50,32,0.61
Phoenix Suns,PHO,2009,46,36,0.561
Atlanta Hawks,ATL,2009,47,35,0.573
New Orleans Hornets,NOH,2009,49,33,0.598
Miami Heat,MIA,2009,43,39,0.524
Philadelphia 76ers,PHI,2009,41,41,0.5
Chicago Bulls,CHI,2009,41,41,0.5
Detroit Pistons,DET,2009,39,43,0.476
Indiana Pacers,IND,2009,36,46,0.439
Milwaukee Bucks,MIL,2009,34,48,0.415
Charlotte Bobcats,CHA,2009,35,47,0.427
New York Knicks,NYK,2009,32,50,0.39
New Jersey Nets,NJN,2009,34,48,0.415
Toronto Raptors,TOR,2009,33,49,0.402
Golden State Warriors,GSW,2009,29,53,0.354
Minnesota Timberwolves,MIN,2009,24,58,0.293
Memphis Grizzlies,MEM,2009,24,58,0.293
Oklahoma City Thunder,OKC,2009,23,59,0.28
Washington Wizards,WAS,2009,19,63,0.232
Sacramento Kings,SAC,2009,17,65,0.207
Los Angeles Clippers,LAC,2009,19,63,0.232
Orlando Magic,ORL,2010,59,23,0.72
Cleveland Cavaliers,CLE,2010,61,21,0.744
Utah Jazz,UTH,2010,53,29,0.646
San Antonio Spurs,SAS,2010,50,32,0.61
Atlanta Hawks,ATL,2010,53,29,0.646
Phoenix Suns,PHO,2010,54,28,0.659
Los Angeles Lakers,LAL,2010,57,25,0.695
Denver Nuggets,DEN,2010,53,29,0.646
Boston Celtics,BOS,2010,50,32,0.61
Portland Trail Blazers,POR,2010,50,32,0.61
Oklahoma City Thunder,OKC,2010,50,32,0.61
Dallas Mavericks,DAL,2010,55,27,0.671
Miami Heat,MIA,2010,47,35,0.573
Milwaukee Bucks,MIL,2010,46,36,0.561
Charlotte Bobcats,CHA,2010,44,38,0.537
Houston Rockets,HOU,2010,42,40,0.512
Memphis Grizzlies,MEM,2010,40,42,0.488
Chicago Bulls,CHI,2010,41,41,0.5
Toronto Raptors,TOR,2010,40,42,0.488
New Orleans Hornets,NOH,2010,37,45,0.451
Indiana Pacers,IND,2010,32,50,0.39
Golden State Warriors,GSW,2010,26,56,0.317
New York Knicks,NYK,2010,29,53,0.354
Philadelphia 76ers,PHI,2010,27,55,0.329
Sacramento Kings,SAC,2010,25,57,0.305
Washington Wizards,WAS,2010,26,56,0.317
Detroit Pistons,DET,2010,27,55,0.329
Los Angeles Clippers,LAC,2010,29,53,0.354
Minnesota Timberwolves,MIN,2010,15,67,0.183
New Jersey Nets,NJN,2010,12,70,0.146
Miami Heat,MIA,2011,58,24,0.707
Chicago Bulls,CHI,2011,62,20,0.756
Los Angeles Lakers,LAL,2011,57,25,0.695
San Antonio Spurs,SAS,2011,61,21,0.744
Boston Celtics,BOS,2011,56,26,0.683
Orlando Magic,ORL,2011,52,30,0.634
Denver Nuggets,DEN,2011,50,32,0.61
Dallas Mavericks,DAL,2011,57,25,0.695
Oklahoma City Thunder,OKC,2011,55,27,0.671
Memphis Grizzlies,MEM,2011,46,36,0.561
Houston Rockets,HOU,2011,43,39,0.524
Portland Trail Blazers,POR,2011,48,34,0.585
Philadelphia 76ers,PHI,2011,41,41,0.5
New Orleans Hornets,NOH,2011,46,36,0.561
New York Knicks,NYK,2011,42,40,0.512
Milwaukee Bucks,MIL,2011,35,47,0.427
Phoenix Suns,PHO,2011,40,42,0.488
Atlanta Hawks,ATL,2011,44,38,0.537
Indiana Pacers,IND,2011,37,45,0.451
Utah Jazz,UTH,2011,39,43,0.476
Golden State Warriors,GSW,2011,36,46,0.439
Los Angeles Clippers,LAC,2011,32,50,0.39
Detroit Pistons,DET,2011,30,52,0.366
Charlotte Bobcats,CHA,2011,34,48,0.415
Sacramento Kings,SAC,2011,24,58,0.293
New Jersey Nets,NJN,2011,24,58,0.293
Toronto Raptors,TOR,2011,22,60,0.268
Minnesota Timberwolves,MIN,2011,17,65,0.207
Washington Wizards,WAS,2011,23,59,0.28
Cleveland Cavaliers,CLE,2011,19,63,0.232
Chicago Bulls,CHI,2012,50,16,0.758
San Antonio Spurs,SAS,2012,50,16,0.758
Oklahoma City Thunder,OKC,2012,47,19,0.712
Miami Heat,MIA,2012,46,20,0.697
Philadelphia 76ers,PHI,2012,35,31,0.53
Atlanta Hawks,ATL,2012,40,26,0.606
Indiana Pacers,IND,2012,42,24,0.636
New York Knicks,NYK,2012,36,30,0.545
Denver Nuggets,DEN,2012,38,28,0.576
Boston Celtics,BOS,2012,39,27,0.591
Los Angeles Clippers,LAC,2012,40,26,0.606
Memphis Grizzlies,MEM,2012,41,25,0.621
Los Angeles Lakers,LAL,2012,41,25,0.621
Dallas Mavericks,DAL,2012,36,30,0.545
Orlando Magic,ORL,2012,37,29,0.561
Utah Jazz,UTH,2012,36,30,0.545
Milwaukee Bucks,MIL,2012,31,35,0.47
Houston Rockets,HOU,2012,34,32,0.515
Phoenix Suns,PHO,2012,33,33,0.5
Portland Trail Blazers,POR,2012,28,38,0.424
Minnesota Timberwolves,MIN,2012,26,40,0.394
Golden State Warriors,GSW,2012,23,43,0.348
Toronto Raptors,TOR,2012,23,43,0.348
New Orleans Hornets,NOH,2012,21,45,0.318
Washington Wizards,WAS,2012,20,46,0.303
Detroit Pistons,DET,2012,25,41,0.379
Sacramento Kings,SAC,2012,22,44,0.333
New Jersey Nets,NJN,2012,22,44,0.333
Cleveland Cavaliers,CLE,2012,21,45,0.318
Charlotte Bobcats,CHA,2012,7,59,0.106
Oklahoma City Thunder,OKC,2013,60,22,0.732
Miami Heat,MIA,2013,66,16,0.805
Los Angeles Clippers,LAC,2013,56,26,0.683
San Antonio Spurs,SAS,2013,58,24,0.707
Denver Nuggets,DEN,2013,57,25,0.695
New York Knicks,NYK,2013,54,28,0.659
Memphis Grizzlies,MEM,2013,56,26,0.683
Indiana Pacers,IND,2013,49,32,0.605
Houston Rockets,HOU,2013,45,37,0.549
Brooklyn Nets,BKN,2013,49,33,0.598
Los Angeles Lakers,LAL,2013,45,37,0.549
Golden State Warriors,GSW,2013,47,35,0.573
Atlanta Hawks,ATL,2013,44,38,0.537
Chicago Bulls,CHI,2013,45,37,0.549
Utah Jazz,UTH,2013,43,39,0.524
Boston Celtics,BOS,2013,41,40,0.506
Dallas Mavericks,DAL,2013,41,41,0.5
Milwaukee Bucks,MIL,2013,38,44,0.463
Toronto Raptors,TOR,2013,34,48,0.415
Minnesota Timberwolves,MIN,2013,31,51,0.378
Washington Wizards,WAS,2013,29,53,0.354
Portland Trail Blazers,POR,2013,33,49,0.402
Philadelphia 76ers,PHI,2013,34,48,0.415
Detroit Pistons,DET,2013,29,53,0.354
New Orleans Hornets,NOH,2013,27,55,0.329
Cleveland Cavaliers,CLE,2013,24,58,0.293
Sacramento Kings,SAC,2013,28,54,0.341
Phoenix Suns,PHO,2013,25,57,0.305
Orlando Magic,ORL,2013,20,62,0.244
Charlotte Bobcats,CHA,2013,21,61,0.256
San Antonio Spurs,SAS,2014,62,20,0.756
Los Angeles Clippers,LAC,2014,57,25,0.695
Oklahoma City Thunder,OKC,2014,59,23,0.72
Miami Heat,MIA,2014,54,28,0.659
Golden State Warriors,GSW,2014,51,31,0.622
Indiana Pacers,IND,2014,56,26,0.683
Houston Rockets,HOU,2014,54,28,0.659
Portland Trail Blazers,POR,2014,54,28,0.659
Toronto Raptors,TOR,2014,48,34,0.585
Phoenix Suns,PHO,2014,48,34,0.585
Minnesota Timberwolves,MIN,2014,40,42,0.488
Dallas Mavericks,DAL,2014,49,33,0.598
Chicago Bulls,CHI,2014,48,34,0.585
Memphis Grizzlies,MEM,2014,50,32,0.61
Washington Wizards,WAS,2014,44,38,0.537
Charlotte Bobcats,CHA,2014,43,39,0.524
Atlanta Hawks,ATL,2014,38,44,0.463
New York Knicks,NYK,2014,37,45,0.451
Brooklyn Nets,BKN,2014,44,38,0.537
Denver Nuggets,DEN,2014,36,46,0.439
New Orleans Pelicans,NOP,2014,34,48,0.415
Sacramento Kings,SAC,2014,28,54,0.341
Cleveland Cavaliers,CLE,2014,33,49,0.402
Detroit Pistons,DET,2014,29,53,0.354
Boston Celtics,BOS,2014,25,57,0.305
Orlando Magic,ORL,2014,23,59,0.28
Los Angeles Lakers,LAL,2014,27,55,0.329
Utah Jazz,UTH,2014,25,57,0.305
Milwaukee Bucks,MIL,2014,15,67,0.183
Philadelphia 76ers,PHI,2014,19,63,0.232
Golden State Warriors,GSW,2015,67,15,0.817
Los Angeles Clippers,LAC,2015,56,26,0.683
San Antonio Spurs,SAS,2015,55,27,0.671
Atlanta Hawks,ATL,2015,60,22,0.732
Cleveland Cavaliers,CLE,2015,53,29,0.646
Portland Trail Blazers,POR,2015,51,31,0.622
Houston Rockets,HOU,2015,56,26,0.683
Memphis Grizzlies,MEM,2015,55,27,0.671
Toronto Raptors,TOR,2015,49,33,0.598
Chicago Bulls,CHI,2015,50,32,0.61
Dallas Mavericks,DAL,2015,50,32,0.61
Oklahoma City Thunder,OKC,2015,45,37,0.549
New Orleans Pelicans,NOP,2015,45,37,0.549
Washington Wizards,WAS,2015,46,36,0.561
Milwaukee Bucks,MIL,2015,41,41,0.5
Indiana Pacers,IND,2015,38,44,0.463
Utah Jazz,UTH,2015,38,44,0.463
Boston Celtics,BOS,2015,40,42,0.488
Phoenix Suns,PHO,2015,39,43,0.476
Detroit Pistons,DET,2015,32,50,0.39
Miami Heat,MIA,2015,37,45,0.451
Brooklyn Nets,BKN,2015,38,44,0.463
Charlotte Hornets,CHO,2015,33,49,0.402
Denver Nuggets,DEN,2015,30,52,0.366
Sacramento Kings,SAC,2015,29,53,0.354
Orlando Magic,ORL,2015,25,57,0.305
Los Angeles Lakers,LAL,2015,21,61,0.256
Minnesota Timberwolves,MIN,2015,16,66,0.195
Philadelphia 76ers,PHI,2015,18,64,0.22
New York Knicks,NYK,2015,17,65,0.207
San Antonio Spurs,SAS,2016,67,15,0.817
Golden State Warriors,GSW,2016,73,9,0.89
Oklahoma City Thunder,OKC,2016,55,27,0.671
Cleveland Cavaliers,CLE,2016,57,25,0.695
Toronto Raptors,TOR,2016,56,26,0.683
Los Angeles Clippers,LAC,2016,53,29,0.646
Atlanta Hawks,ATL,2016,48,34,0.585
Boston Celtics,BOS,2016,48,34,0.585
Charlotte Hornets,CHO,2016,48,34,0.585
Utah Jazz,UTH,2016,40,42,0.488
Miami Heat,MIA,2016,48,34,0.585
Indiana Pacers,IND,2016,45,37,0.549
Portland Trail Blazers,POR,2016,44,38,0.537
Detroit Pistons,DET,2016,44,38,0.537
Houston Rockets,HOU,2016,41,41,0.5
Dallas Mavericks,DAL,2016,42,40,0.512
Washington Wizards,WAS,2016,41,41,0.5
Chicago Bulls,CHI,2016,42,40,0.512
Orlando Magic,ORL,2016,35,47,0.427
Sacramento Kings,SAC,2016,33,49,0.402
Memphis Grizzlies,MEM,2016,42,40,0.512
New York Knicks,NYK,2016,32,50,0.39
Denver Nuggets,DEN,2016,33,49,0.402
Minnesota Timberwolves,MIN,2016,29,53,0.354
New Orleans Pelicans,NOP,2016,30,52,0.366
Milwaukee Bucks,MIL,2016,33,49,0.402
Phoenix Suns,PHO,2016,23,59,0.28
Brooklyn Nets,BKN,2016,21,61,0.256
Los Angeles Lakers,LAL,2016,17,65,0.207
Philadelphia 76ers,PHI,2016,10,72,0.122
Golden State Warriors,GSW,2017,67,15,0.817
San Antonio Spurs,SAS,2017,61,21,0.744
Houston Rockets,HOU,2017,55,27,0.671
Toronto Raptors,TOR,2017,51,31,0.622
Los Angeles Clippers,LAC,2017,51,31,0.622
Utah Jazz,UTH,2017,51,31,0.622
Cleveland Cavaliers,CLE,2017,51,31,0.622
Boston Celtics,BOS,2017,53,29,0.646
Washington Wizards,WAS,2017,49,33,0.598
Miami Heat,MIA,2017,41,41,0.5
Oklahoma City Thunder,OKC,2017,47,35,0.573
Memphis Grizzlies,MEM,2017,43,39,0.524
Denver Nuggets,DEN,2017,40,42,0.488
Chicago Bulls,CHI,2017,41,41,0.5
Charlotte Hornets,CHO,2017,36,46,0.439
Indiana Pacers,IND,2017,42,40,0.512
Milwaukee Bucks,MIL,2017,42,40,0.512
Portland Trail Blazers,POR,2017,41,41,0.5
Atlanta Hawks,ATL,2017,43,39,0.524
Detroit Pistons,DET,2017,37,45,0.451
Minnesota Timberwolves,MIN,2017,31,51,0.378
New Orleans Pelicans,NOP,2017,34,48,0.415
Dallas Mavericks,DAL,2017,33,49,0.402
New York Knicks,NYK,2017,31,51,0.378
Sacramento Kings,SAC,2017,32,50,0.39
Phoenix Suns,PHO,2017,24,58,0.293
Philadelphia 76ers,PHI,2017,28,54,0.341
Brooklyn Nets,BKN,2017,20,62,0.244
Orlando Magic,ORL,2017,29,53,0.354
Los Angeles Lakers,LAL,2017,26,56,0.317
Houston Rockets,HOU,2018,65,17,0.793
Toronto Raptors,TOR,2018,59,23,0.72
Golden State Warriors,GSW,2018,58,24,0.707
Utah Jazz,UTH,2018,48,34,0.585
Philadelphia 76ers,PHI,2018,52,30,0.634
Boston Celtics,BOS,2018,55,27,0.671
Oklahoma City Thunder,OKC,2018,48,34,0.585
San Antonio Spurs,SAS,2018,47,35,0.573
Portland Trail Blazers,POR,2018,49,33,0.598
Minnesota Timberwolves,MIN,2018,47,35,0.573
Denver Nuggets,DEN,2018,46,36,0.561
Indiana Pacers,IND,2018,48,34,0.585
New Orleans Pelicans,NOP,2018,48,34,0.585
Cleveland Cavaliers,CLE,2018,50,32,0.61
Washington Wizards,WAS,2018,43,39,0.524
Miami Heat,MIA,2018,44,38,0.537
Charlotte Hornets,CHO,2018,36,46,0.439
Los Angeles Clippers,LAC,2018,42,40,0.512
Detroit Pistons,DET,2018,39,43,0.476
Milwaukee Bucks,MIL,2018,44,38,0.537
Los Angeles Lakers,LAL,2018,35,47,0.427
Dallas Mavericks,DAL,2018,24,58,0.293
New York Knicks,NYK,2018,29,53,0.354
Brooklyn Nets,BKN,2018,28,54,0.341
Orlando Magic,ORL,2018,25,57,0.305
Atlanta Hawks,ATL,2018,24,58,0.293
Memphis Grizzlies,MEM,2018,22,60,0.268
Chicago Bulls,CHI,2018,27,55,0.329
Sacramento Kings,SAC,2018,27,55,0.329
Phoenix Suns,PHO,2018,21,61,0.256
Milwaukee Bucks,MIL,2019,60,22,0.732
Golden State Warriors,GSW,2019,57,25,0.695
Toronto Raptors,TOR,2019,58,24,0.707
Utah Jazz,UTH,2019,50,32,0.61
Houston Rockets,HOU,2019,53,29,0.646
Boston Celtics,BOS,2019,49,33,0.598
Portland Trail Blazers,POR,2019,53,29,0.646
Denver Nuggets,DEN,2019,54,28,0.659
Indiana Pacers,IND,2019,48,34,0.585
Oklahoma City Thunder,OKC,2019,49,33,0.598
Philadelphia 76ers,PHI,2019,51,31,0.622
San Antonio Spurs,SAS,2019,48,34,0.585
Los Angeles Clippers,LAC,2019,48,34,0.585
Orlando Magic,ORL,2019,42,40,0.512
Brooklyn Nets,BKN,2019,42,40,0.512
Detroit Pistons,DET,2019,41,41,0.5
Miami Heat,MIA,2019,39,43,0.476
Sacramento Kings,SAC,2019,39,43,0.476
Charlotte Hornets,CHO,2019,39,43,0.476
New Orleans Pelicans,NOP,2019,33,49,0.402
Dallas Mavericks,DAL,2019,33,49,0.402
Minnesota Timberwolves,MIN,2019,36,46,0.439
Los Angeles Lakers,LAL,2019,37,45,0.451
Memphis Grizzlies,MEM,2019,33,49,0.402
Washington Wizards,WAS,2019,32,50,0.39
Atlanta Hawks,ATL,2019,29,53,0.354
Chicago Bulls,CHI,2019,22,60,0.268
New York Knicks,NYK,2019,17,65,0.207
Phoenix Suns,PHO,2019,19,63,0.232
Cleveland Cavaliers,CLE,2019,19,63,0.232
Milwaukee Bucks,MIL,2020,56,17,0.767
Boston Celtics,BOS,2020,48,24,0.667
Los Angeles Clippers,LAC,2020,49,23,0.681
Toronto Raptors,TOR,2020,53,19,0.736
Los Angeles Lakers,LAL,2020,52,19,0.732
Dallas Mavericks,DAL,2020,43,32,0.573
Miami Heat,MIA,2020,44,29,0.603
Houston Rockets,HOU,2020,44,28,0.611
Utah Jazz,UTH,2020,44,28,0.611
Philadelphia 76ers,PHI,2020,43,30,0.589
Denver Nuggets,DEN,2020,46,27,0.63
Indiana Pacers,IND,2020,45,28,0.616
Oklahoma City Thunder,OKC,2020,44,28,0.611
Phoenix Suns,PHO,2020,34,39,0.466
Brooklyn Nets,BKN,2020,35,37,0.486
Orlando Magic,ORL,2020,33,40,0.452
San Antonio Spurs,SAS,2020,32,39,0.451
Memphis Grizzlies,MEM,2020,34,39,0.466
Portland Trail Blazers,POR,2020,35,39,0.473
New Orleans Pelicans,NOP,2020,30,42,0.417
Sacramento Kings,SAC,2020,31,41,0.431
Chicago Bulls,CHI,2020,22,43,0.338
Detroit Pistons,DET,2020,20,46,0.303
Minnesota Timberwolves,MIN,2020,19,45,0.297
Washington Wizards,WAS,2020,25,47,0.347
New York Knicks,NYK,2020,21,45,0.318
Charlotte Hornets,CHO,2020,23,42,0.354
Atlanta Hawks,ATL,2020,20,47,0.299
Cleveland Cavaliers,CLE,2020,19,46,0.292
Golden State Warriors,GSW,2020,15,50,0.231
Utah Jazz,UTH,2021,52,20,0.722
Los Angeles Clippers,LAC,2021,47,25,0.653
Phoenix Suns,PHO,2021,51,21,0.708
Milwaukee Bucks,MIL,2021,46,26,0.639
Philadelphia 76ers,PHI,2021,49,23,0.681
Denver Nuggets,DEN,2021,47,25,0.653
Brooklyn Nets,BKN,2021,48,24,0.667
Los Angeles Lakers,LAL,2021,42,30,0.583
Dallas Mavericks,DAL,2021,42,30,0.583
New York Knicks,NYK,2021,41,31,0.569
Atlanta Hawks,ATL,2021,41,31,0.569
Portland Trail Blazers,POR,2021,42,30,0.583
Boston Celtics,BOS,2021,36,36,0.5
Golden State Warriors,GSW,2021,39,33,0.542
Memphis Grizzlies,MEM,2021,38,34,0.528
Miami Heat,MIA,2021,40,32,0.556
Indiana Pacers,IND,2021,34,38,0.472
New Orleans Pelicans,NOP,2021,31,41,0.431
Toronto Raptors,TOR,2021,27,45,0.375
Chicago Bulls,CHI,2021,31,41,0.431
San Antonio Spurs,SAS,2021,33,39,0.458
Washington Wizards,WAS,2021,34,38,0.472
Charlotte Hornets,CHO,2021,33,39,0.458
Sacramento Kings,SAC,2021,31,41,0.431
Detroit Pistons,DET,2021,20,52,0.278
Minnesota Timberwolves,MIN,2021,23,49,0.319
Houston Rockets,HOU,2021,17,55,0.236
Cleveland Cavaliers,CLE,2021,22,50,0.306
Orlando Magic,ORL,2021,21,51,0.292
Oklahoma City Thunder,OKC,2021,22,50,0.306
Golden State Warriors,GSW,2022,14,2,0.875
Utah Jazz,UTH,2022,11,5,0.688
Miami Heat,MIA,2022,11,6,0.647
Phoenix Suns,PHO,2022,12,3,0.8
Chicago Bulls,CHI,2022,11,5,0.688
Brooklyn Nets,BKN,2022,12,5,0.706
Los Angeles Clippers,LAC,2022,9,7,0.562
Denver Nuggets,DEN,2022,9,7,0.562
Washington Wizards,WAS,2022,11,5,0.688
Boston Celtics,BOS,2022,9,8,0.529
Philadelphia 76ers,PHI,2022,9,8,0.529
Minnesota Timberwolves,MIN,2022,7,9,0.438
Toronto Raptors,TOR,2022,8,9,0.471
New York Knicks,NYK,2022,9,7,0.562
Portland Trail Blazers,POR,2022,9,8,0.529
Indiana Pacers,IND,2022,7,11,0.389
Atlanta Hawks,ATL,2022,8,9,0.471
Cleveland Cavaliers,CLE,2022,9,8,0.529
Milwaukee Bucks,MIL,2022,9,8,0.529
Charlotte Hornets,CHO,2022,10,8,0.556
Dallas Mavericks,DAL,2022,9,6,0.6
Sacramento Kings,SAC,2022,6,11,0.353
San Antonio Spurs,SAS,2022,4,11,0.267
Los Angeles Lakers,LAL,2022,8,9,0.471
Memphis Grizzlies,MEM,2022,8,8,0.5
Oklahoma City Thunder,OKC,2022,6,10,0.375
Orlando Magic,ORL,2022,4,13,0.235
New Orleans Pelicans,NOP,2022,3,15,0.167
Detroit Pistons,DET,2022,4,11,0.267
Houston Rockets,HOU,2022,1,15,0.062
